ISO-10303-21;
HEADER;
FILE_DESCRIPTION (( 'STEP AP214' ),
    '1' );
FILE_NAME ('×°ÅäÌå2.STEP',
    '2026-08-01T11:16:47',
    ( '' ),
    ( '' ),
    'SwSTEP 2.0',
    'SolidWorks 2026',
    '' );
FILE_SCHEMA (( 'AUTOMOTIVE_DESIGN' ));
ENDSEC;

DATA;
#1 = DIRECTION ( 'NONE',  ( -1.000000000000000000, 0.000000000000000000, -0.000000000000000000 ) ) ;
#2 = DIRECTION ( 'NONE',  ( 1.000000000000000000, 0.000000000000000000, 0.000000000000000000 ) ) ;
#3 = DIRECTION ( 'NONE',  ( 1.000000000000000000, 0.000000000000000000, 0.000000000000000000 ) ) ;
#4 = ORIENTED_EDGE ( 'NONE', *, *, #815, .T. ) ;
#5 = PRODUCT_RELATED_PRODUCT_CATEGORY ( 'part', '', ( #914 ) ) ;
#6 = ORIENTED_EDGE ( 'NONE', *, *, #1139, .T. ) ;
#7 = LINE ( 'NONE', #887, #1559 ) ;
#8 = CARTESIAN_POINT ( 'NONE',  ( 55.00000000000000000, -0.5794411998859397839, 31.79186905136780794 ) ) ;
#9 = CARTESIAN_POINT ( 'NONE',  ( 55.00000000000000000, -0.5794411998859397839, 22.38318389962926958 ) ) ;
#10 = VERTEX_POINT ( 'NONE', #776 ) ;
#11 = ORIENTED_EDGE ( 'NONE', *, *, #1117, .T. ) ;
#12 = VERTEX_POINT ( 'NONE', #1538 ) ;
#13 = LINE ( 'NONE', #491, #943 ) ;
#14 = CARTESIAN_POINT ( 'NONE',  ( 44.06693124443983578, -14.66846903053595774, 65.85000000000000853 ) ) ;
#15 = UNCERTAINTY_MEASURE_WITH_UNIT (LENGTH_MEASURE( 1.000000000000000082E-05 ), #249, 'distance_accuracy_value', 'NONE');
#16 = CARTESIAN_POINT ( 'NONE',  ( 0.000000000000000000, -10.57944119988593634, 34.38318389962927313 ) ) ;
#17 = CIRCLE ( 'NONE', #786, 3.299999999999997158 ) ;
#18 = ORIENTED_EDGE ( 'NONE', *, *, #627, .T. ) ;
#19 = ORIENTED_EDGE ( 'NONE', *, *, #1450, .F. ) ;
#20 = ORIENTED_EDGE ( 'NONE', *, *, #582, .T. ) ;
#21 = AXIS2_PLACEMENT_3D ( 'NONE', #331, #934, #544 ) ;
#22 = COLOUR_RGB ( '',0.7921568627450980005, 0.8196078431372548767, 0.9333333333333333481 ) ;
#23 = VERTEX_POINT ( 'NONE', #183 ) ;
#24 = CIRCLE ( 'NONE', #920, 7.274999999999996803 ) ;
#25 = ITEM_DEFINED_TRANSFORMATION ( 'NONE', 'NONE', #734,  #659 ) ;
#26 = AXIS2_PLACEMENT_3D ( 'NONE', #473, #721, #713 ) ;
#27 = DIRECTION ( 'NONE',  ( -0.000000000000000000, -1.000000000000000000, -0.000000000000000000 ) ) ;
#28 = PRODUCT_RELATED_PRODUCT_CATEGORY ( 'part', '', ( #1153 ) ) ;
#29 = B_SPLINE_CURVE_WITH_KNOTS ( 'NONE', 3,
 ( #1166, #814, #443, #329 ),
 .UNSPECIFIED., .F., .F.,
 ( 4, 4 ),
 ( 0.4818181818181818121, 0.5181818181818181879 ),
 .UNSPECIFIED. ) ;
#30 = DIRECTION ( 'NONE',  ( -0.000000000000000000, -0.000000000000000000, -1.000000000000000000 ) ) ;
#31 = ORIENTED_EDGE ( 'NONE', *, *, #1230, .F. ) ;
#32 = VERTEX_POINT ( 'NONE', #916 ) ;
#33 = EDGE_LOOP ( 'NONE', ( #745, #1185 ) ) ;
#34 = ORIENTED_EDGE ( 'NONE', *, *, #1003, .T. ) ;
#35 = DIRECTION ( 'NONE',  ( 1.000000000000000000, 0.000000000000000000, 0.000000000000000000 ) ) ;
#36 =( LENGTH_UNIT ( ) NAMED_UNIT ( * ) SI_UNIT ( .MILLI., .METRE. ) );
#37 = ORIENTED_EDGE ( 'NONE', *, *, #791, .T. ) ;
#38 = EDGE_LOOP ( 'NONE', ( #503, #63 ) ) ;
#39 = EDGE_LOOP ( 'NONE', ( #1112, #950 ) ) ;
#40 = LINE ( 'NONE', #1098, #1267 ) ;
#41 = EDGE_CURVE ( 'NONE', #161, #387, #1029, .T. ) ;
#42 = CARTESIAN_POINT ( 'NONE',  ( 40.09193124443982725, 72.32370147000511906, 70.00000000000000000 ) ) ;
#43 = ADVANCED_FACE ( 'NONE', ( #787 ), #1494, .F. ) ;
#44 = ORIENTED_EDGE ( 'NONE', *, *, #250, .T. ) ;
#45 = EDGE_LOOP ( 'NONE', ( #34, #885 ) ) ;
#46 = AXIS2_PLACEMENT_3D ( 'NONE', #663, #539, #906 ) ;
#47 = ORIENTED_EDGE ( 'NONE', *, *, #58, .F. ) ;
#48 = VECTOR ( 'NONE', #1384, 1000.000000000000000 ) ;
#49 = VECTOR ( 'NONE', #709, 1000.000000000000000 ) ;
#50 = PRODUCT_CONTEXT ( 'NONE', #1181, 'mechanical' ) ;
#51 = VECTOR ( 'NONE', #364, 1000.000000000000000 ) ;
#52 = CARTESIAN_POINT ( 'NONE',  ( 0.000000000000000000, 0.000000000000000000, 70.00000000000000000 ) ) ;
#53 = AXIS2_PLACEMENT_3D ( 'NONE', #1429, #1522, #1045 ) ;
#54 = CARTESIAN_POINT ( 'NONE',  ( 0.000000000000000000, 35.81208761728809264, 22.44155847291009209 ) ) ;
#55 = PLANE ( 'NONE',  #74 ) ;
#56 = CARTESIAN_POINT ( 'NONE',  ( 110.0000000000000000, 35.81208761728809264, 22.44155847291009209 ) ) ;
#57 = ORIENTED_EDGE ( 'NONE', *, *, #341, .F. ) ;
#58 = EDGE_CURVE ( 'NONE', #637, #263, #1257, .T. ) ;
#59 = FACE_BOUND ( 'NONE', #1425, .T. ) ;
#60 = CARTESIAN_POINT ( 'NONE',  ( 57.00000000000000000, -8.426848761341439342, 38.38318389962927313 ) ) ;
#61 = CARTESIAN_POINT ( 'NONE',  ( 47.36693124443983294, 72.32370147000511906, 70.00000000000000000 ) ) ;
#62 = CARTESIAN_POINT ( 'NONE',  ( 55.00000000000000000, 80.00000000000000000, 0.000000000000000000 ) ) ;
#63 = ORIENTED_EDGE ( 'NONE', *, *, #651, .F. ) ;
#64 = DIRECTION ( 'NONE',  ( 1.000000000000000000, 0.000000000000000000, 0.000000000000000000 ) ) ;
#65 = ADVANCED_FACE ( 'NONE', ( #1395 ), #312, .F. ) ;
#66 = CARTESIAN_POINT ( 'NONE',  ( -50.87065998097503439, 72.32370147000511906, 65.85000000000000853 ) ) ;
#67 = PRESENTATION_STYLE_ASSIGNMENT (( #292 ) ) ;
#68 = DIRECTION ( 'NONE',  ( 1.000000000000000000, 0.000000000000000000, 0.000000000000000000 ) ) ;
#69 = PLANE ( 'NONE',  #46 ) ;
#70 = EDGE_LOOP ( 'NONE', ( #494, #133, #1211, #1302, #37, #1550, #287, #1486 ) ) ;
#71 = CARTESIAN_POINT ( 'NONE',  ( 57.00000000000000000, -8.426848761341439342, 38.38318389962927313 ) ) ;
#72 = EDGE_CURVE ( 'NONE', #753, #441, #827, .T. ) ;
#73 = CIRCLE ( 'NONE', #704, 7.274999999999996803 ) ;
#74 = AXIS2_PLACEMENT_3D ( 'NONE', #1501, #537, #434 ) ;
#75 = CARTESIAN_POINT ( 'NONE',  ( 0.000000000000000000, 24.42055880011406543, 22.38318389962926958 ) ) ;
#76 = VECTOR ( 'NONE', #1285, 1000.000000000000000 ) ;
#77 = EDGE_CURVE ( 'NONE', #746, #108, #655, .T. ) ;
#78 = CARTESIAN_POINT ( 'NONE',  ( 110.0000000000000000, 34.42055880011407254, 27.38318389962927313 ) ) ;
#79 = AXIS2_PLACEMENT_3D ( 'NONE', #740, #1106, #104 ) ;
#80 = VERTEX_POINT ( 'NONE', #1379 ) ;
#81 = DIRECTION ( 'NONE',  ( 1.000000000000000000, 0.000000000000000000, 0.000000000000000000 ) ) ;
#82 = EDGE_CURVE ( 'NONE', #998, #188, #727, .T. ) ;
#83 = CARTESIAN_POINT ( 'NONE',  ( 57.00000000000000000, -3.204322149567281119, 31.79186905136780794 ) ) ;
#84 = CARTESIAN_POINT ( 'NONE',  ( 110.0000000000000000, 28.23764597054318415, 16.58748977848379624 ) ) ;
#85 = DIRECTION ( 'NONE',  ( -0.000000000000000000, -1.000000000000000000, -0.000000000000000000 ) ) ;
#86 = DIRECTION ( 'NONE',  ( -0.000000000000000000, 0.000000000000000000, -1.000000000000000000 ) ) ;
#87 = LINE ( 'NONE', #201, #813 ) ;
#88 = ADVANCED_FACE ( 'NONE', ( #307 ), #69, .F. ) ;
#89 = CARTESIAN_POINT ( 'NONE',  ( 110.0000000000000000, -10.57944119988593634, 31.79186905136780794 ) ) ;
#90 = DIRECTION ( 'NONE',  ( -1.000000000000000000, 0.000000000000000000, 0.000000000000000000 ) ) ;
#91 = EDGE_CURVE ( 'NONE', #1111, #609, #176, .T. ) ;
#92 = CYLINDRICAL_SURFACE ( 'NONE', #148, 3.299999999999990496 ) ;
#93 = VERTEX_POINT ( 'NONE', #671 ) ;
#94 = CARTESIAN_POINT ( 'NONE',  ( -47.57065998097503723, 72.32370147000511906, 70.00000000000000000 ) ) ;
#95 = CARTESIAN_POINT ( 'NONE',  ( 44.06693124443984289, -14.66846903053595774, 70.00000000000000000 ) ) ;
#96 = CARTESIAN_POINT ( 'NONE',  ( 0.000000000000000000, 28.96751757111623604, 7.383183899629272240 ) ) ;
#97 = LINE ( 'NONE', #1300, #121 ) ;
#98 = VECTOR ( 'NONE', #1549, 1000.000000000000000 ) ;
#99 = AXIS2_PLACEMENT_3D ( 'NONE', #1552, #476, #234 ) ;
#100 = DIRECTION ( 'NONE',  ( -1.000000000000000000, 0.000000000000000000, -0.000000000000000000 ) ) ;
#101 = EDGE_LOOP ( 'NONE', ( #1296, #1380, #1280, #1471 ) ) ;
#102 = DIRECTION ( 'NONE',  ( -0.000000000000000000, 4.956352788505164254E-16, 1.000000000000000000 ) ) ;
#103 = EDGE_CURVE ( 'NONE', #1402, #1111, #426, .T. ) ;
#104 = DIRECTION ( 'NONE',  ( 1.000000000000000000, 0.000000000000000000, 0.000000000000000000 ) ) ;
#105 = PLANE ( 'NONE',  #840 ) ;
#106 = CARTESIAN_POINT ( 'NONE',  ( 55.00000000000000000, -45.00000000000000000, 70.00000000000000000 ) ) ;
#107 = CARTESIAN_POINT ( 'NONE',  ( 110.0000000000000000, -10.57944119988593634, 34.38318389962927313 ) ) ;
#108 = VERTEX_POINT ( 'NONE', #14 ) ;
#109 = ORIENTED_EDGE ( 'NONE', *, *, #1201, .F. ) ;
#110 = DIRECTION ( 'NONE',  ( -0.000000000000000000, -0.000000000000000000, 1.000000000000000000 ) ) ;
#111 = CARTESIAN_POINT ( 'NONE',  ( 40.09193124443983436, 72.32370147000511906, 65.85000000000000853 ) ) ;
#112 = EDGE_CURVE ( 'NONE', #222, #900, #492, .T. ) ;
#113 = DIRECTION ( 'NONE',  ( 0.000000000000000000, -0.000000000000000000, 1.000000000000000000 ) ) ;
#114 = DIRECTION ( 'NONE',  ( -0.000000000000000000, -0.000000000000000000, 1.000000000000000000 ) ) ;
#115 = EDGE_LOOP ( 'NONE', ( #1357, #288, #624, #342, #672, #626 ) ) ;
#116 = EDGE_CURVE ( 'NONE', #995, #370, #119, .T. ) ;
#117 = FILL_AREA_STYLE ('',( #719 ) ) ;
#118 = LINE ( 'NONE', #338, #1508 ) ;
#119 = LINE ( 'NONE', #499, #1411 ) ;
#120 = EDGE_CURVE ( 'NONE', #764, #1127, #372, .T. ) ;
#121 = VECTOR ( 'NONE', #85, 1000.000000000000000 ) ;
#122 = AXIS2_PLACEMENT_3D ( 'NONE', #1295, #205, #1418 ) ;
#123 = CARTESIAN_POINT ( 'NONE',  ( 53.00000000000000000, -3.204322149567281119, 22.38318389962926958 ) ) ;
#124 = VECTOR ( 'NONE', #174, 1000.000000000000000 ) ;
#125 = ORIENTED_EDGE ( 'NONE', *, *, #1139, .F. ) ;
#126 = SHAPE_REPRESENTATION_RELATIONSHIP ( 'NONE' , 'NONE' ,  #236, #807 ) ;
#127 = EDGE_CURVE ( 'NONE', #1086, #1558, #937, .T. ) ;
#128 = LINE ( 'NONE', #741, #1362 ) ;
#129 = DIRECTION ( 'NONE',  ( -0.000000000000000000, -0.000000000000000000, 1.000000000000000000 ) ) ;
#130 = APPLICATION_CONTEXT ( 'automotive_design' ) ;
#131 = PLANE ( 'NONE',  #1481 ) ;
#132 = ORIENTED_EDGE ( 'NONE', *, *, #1214, .T. ) ;
#133 = ORIENTED_EDGE ( 'NONE', *, *, #1484, .T. ) ;
#134 = DIRECTION ( 'NONE',  ( 0.000000000000000000, 0.000000000000000000, 1.000000000000000000 ) ) ;
#135 = DIRECTION ( 'NONE',  ( -1.000000000000000000, 0.000000000000000000, 0.000000000000000000 ) ) ;
#136 = ADVANCED_FACE ( 'NONE', ( #1092 ), #969, .F. ) ;
#137 = CARTESIAN_POINT ( 'NONE',  ( 57.00000000000000000, -8.426848761341439342, 37.38318389962927313 ) ) ;
#138 = ORIENTED_EDGE ( 'NONE', *, *, #1373, .T. ) ;
#139 = ORIENTED_EDGE ( 'NONE', *, *, #627, .F. ) ;
#140 = EDGE_LOOP ( 'NONE', ( #392, #1046, #636, #262 ) ) ;
#141 = EDGE_LOOP ( 'NONE', ( #1372, #156, #145, #1542 ) ) ;
#142 = LINE ( 'NONE', #508, #1410 ) ;
#143 = FACE_OUTER_BOUND ( 'NONE', #1473, .T. ) ;
#144 = VECTOR ( 'NONE', #1109, 1000.000000000000000 ) ;
#145 = ORIENTED_EDGE ( 'NONE', *, *, #452, .F. ) ;
#146 = EDGE_LOOP ( 'NONE', ( #1447, #548, #617, #1219 ) ) ;
#147 = ORIENTED_EDGE ( 'NONE', *, *, #1476, .F. ) ;
#148 = AXIS2_PLACEMENT_3D ( 'NONE', #1497, #447, #800 ) ;
#149 = CIRCLE ( 'NONE', #350, 3.299999999999997158 ) ;
#150 = ORIENTED_EDGE ( 'NONE', *, *, #977, .F. ) ;
#151 = CARTESIAN_POINT ( 'NONE',  ( 40.09193124443982725, -14.66846903053595597, 70.00000000000000000 ) ) ;
#152 = B_SPLINE_CURVE_WITH_KNOTS ( 'NONE', 3,
 ( #425, #418, #905, #670 ),
 .UNSPECIFIED., .F., .F.,
 ( 4, 4 ),
 ( 0.000000000000000000, 1.000000000000000000 ),
 .UNSPECIFIED. ) ;
#153 = PLANE ( 'NONE',  #863 ) ;
#154 = EDGE_LOOP ( 'NONE', ( #726, #1472, #1004, #1122 ) ) ;
#155 = ORIENTED_EDGE ( 'NONE', *, *, #649, .F. ) ;
#156 = ORIENTED_EDGE ( 'NONE', *, *, #523, .F. ) ;
#157 = ITEM_DEFINED_TRANSFORMATION ( 'NONE', 'NONE', #1242,  #659 ) ;
#158 = DIRECTION ( 'NONE',  ( -0.000000000000000000, -0.000000000000000000, 1.000000000000000000 ) ) ;
#159 = EDGE_CURVE ( 'NONE', #370, #640, #1014, .T. ) ;
#160 = CARTESIAN_POINT ( 'NONE',  ( 57.00000000000000000, 99.42055880011406543, 32.38318389962927313 ) ) ;
#161 = VERTEX_POINT ( 'NONE', #620 ) ;
#162 = ORIENTED_EDGE ( 'NONE', *, *, #248, .F. ) ;
#163 = ORIENTED_EDGE ( 'NONE', *, *, #1404, .F. ) ;
#164 = FACE_OUTER_BOUND ( 'NONE', #141, .T. ) ;
#165 = LINE ( 'NONE', #929, #1012 ) ;
#166 = DIRECTION ( 'NONE',  ( -0.000000000000000000, -0.000000000000000000, 1.000000000000000000 ) ) ;
#167 = DIRECTION ( 'NONE',  ( -1.000000000000000000, 0.000000000000000000, -0.000000000000000000 ) ) ;
#168 = ORIENTED_EDGE ( 'NONE', *, *, #801, .T. ) ;
#169 = VECTOR ( 'NONE', #798, 1000.000000000000000 ) ;
#170 = ADVANCED_FACE ( 'NONE', ( #742 ), #865, .F. ) ;
#171 = CIRCLE ( 'NONE', #347, 3.299999999999997158 ) ;
#172 = AXIS2_PLACEMENT_3D ( 'NONE', #303, #1491, #543 ) ;
#173 = CARTESIAN_POINT ( 'NONE',  ( 57.00000000000000000, 24.40776930068376060, 32.38317245979879289 ) ) ;
#174 = DIRECTION ( 'NONE',  ( -0.000000000000000000, -1.000000000000000000, -0.000000000000000000 ) ) ;
#175 = DIRECTION ( 'NONE',  ( -1.000000000000000000, -0.000000000000000000, -0.000000000000000000 ) ) ;
#176 = LINE ( 'NONE', #62, #1329 ) ;
#177 = ORIENTED_EDGE ( 'NONE', *, *, #1463, .F. ) ;
#178 = CARTESIAN_POINT ( 'NONE',  ( 47.36693124443983294, -14.66846903053595774, 65.85000000000000853 ) ) ;
#179 = DIRECTION ( 'NONE',  ( -1.000000000000000000, 0.000000000000000000, -0.000000000000000000 ) ) ;
#180 = FILL_AREA_STYLE_COLOUR ( '', #22 ) ;
#181 = CARTESIAN_POINT ( 'NONE',  ( 110.0000000000000000, 34.42055880011407254, 7.383183899629272240 ) ) ;
#182 = EDGE_CURVE ( 'NONE', #901, #753, #991, .T. ) ;
#183 = CARTESIAN_POINT ( 'NONE',  ( 0.000000000000000000, 24.42055880011406543, 27.38318389962927313 ) ) ;
#184 = EDGE_LOOP ( 'NONE', ( #354, #514, #361, #591 ) ) ;
#185 = CARTESIAN_POINT ( 'NONE',  ( 57.00000000000000000, -10.57944119988593634, 34.38318389962927313 ) ) ;
#186 = CARTESIAN_POINT ( 'NONE',  ( -55.00000000000000000, 80.00000000000000000, 70.00000000000000000 ) ) ;
#187 = CARTESIAN_POINT ( 'NONE',  ( 53.00000000000000000, 99.42055880011406543, 31.79186905136780794 ) ) ;
#188 = VERTEX_POINT ( 'NONE', #1451 ) ;
#189 = DIRECTION ( 'NONE',  ( -0.000000000000000000, -0.000000000000000000, 1.000000000000000000 ) ) ;
#190 = EDGE_CURVE ( 'NONE', #1308, #805, #1289, .T. ) ;
#191 = AXIS2_PLACEMENT_3D ( 'NONE', #581, #1305, #113 ) ;
#192 = AXIS2_PLACEMENT_3D ( 'NONE', #691, #1548, #1417 ) ;
#193 = VECTOR ( 'NONE', #366, 1000.000000000000000 ) ;
#194 = FACE_OUTER_BOUND ( 'NONE', #656, .T. ) ;
#195 = VECTOR ( 'NONE', #35, 1000.000000000000000 ) ;
#196 = AXIS2_PLACEMENT_3D ( 'NONE', #731, #723, #1438 ) ;
#197 = CARTESIAN_POINT ( 'NONE',  ( -55.00000000000000000, 80.00000000000000000, 70.00000000000000000 ) ) ;
#198 = CYLINDRICAL_SURFACE ( 'NONE', #192, 7.275000000000003908 ) ;
#199 = LINE ( 'NONE', #1031, #475 ) ;
#200 = EDGE_CURVE ( 'NONE', #330, #80, #595, .T. ) ;
#201 = CARTESIAN_POINT ( 'NONE',  ( 0.000000000000000000, 99.42055880011406543, 31.79186905136780794 ) ) ;
#202 = EDGE_CURVE ( 'NONE', #506, #1340, #988, .T. ) ;
#203 = CARTESIAN_POINT ( 'NONE',  ( 110.0000000000000000, 24.42055880011406543, 31.79186905136780794 ) ) ;
#204 = FACE_OUTER_BOUND ( 'NONE', #1316, .T. ) ;
#205 = DIRECTION ( 'NONE',  ( 1.000000000000000000, 0.000000000000000000, -0.000000000000000000 ) ) ;
#206 = ORIENTED_EDGE ( 'NONE', *, *, #1264, .T. ) ;
#207 = DIRECTION ( 'NONE',  ( 1.000000000000000000, 0.000000000000000000, 0.000000000000000000 ) ) ;
#208 = CARTESIAN_POINT ( 'NONE',  ( 53.00000000000000000, 2.045439749795401774, 22.38318389962926958 ) ) ;
#209 = CARTESIAN_POINT ( 'NONE',  ( 47.36693124443983294, 72.32370147000511906, 65.85000000000000853 ) ) ;
#210 = FACE_BOUND ( 'NONE', #33, .T. ) ;
#211 = DIRECTION ( 'NONE',  ( 0.000000000000000000, -0.000000000000000000, 1.000000000000000000 ) ) ;
#212 = ORIENTED_EDGE ( 'NONE', *, *, #618, .T. ) ;
#213 = ADVANCED_FACE ( 'NONE', ( #1320 ), #365, .F. ) ;
#214 = DIRECTION ( 'NONE',  ( -0.000000000000000000, -0.000000000000000000, -1.000000000000000000 ) ) ;
#215 = AXIS2_PLACEMENT_3D ( 'NONE', #1043, #1393, #438 ) ;
#216 = VECTOR ( 'NONE', #908, 1000.000000000000000 ) ;
#217 = CARTESIAN_POINT ( 'NONE',  ( 55.00000000000000000, -0.5794411998859397839, 26.53318389962927171 ) ) ;
#218 = PLANE ( 'NONE',  #1207 ) ;
#219 = PRESENTATION_LAYER_ASSIGNMENT (  '', '', ( #918 ) ) ;
#220 = VECTOR ( 'NONE', #423, 1000.000000000000000 ) ;
#221 = DIRECTION ( 'NONE',  ( 0.000000000000000000, 0.000000000000000000, -1.000000000000000000 ) ) ;
#222 = VERTEX_POINT ( 'NONE', #373 ) ;
#223 = EDGE_CURVE ( 'NONE', #12, #505, #1335, .T. ) ;
#224 = VERTEX_POINT ( 'NONE', #1182 ) ;
#225 = LINE ( 'NONE', #1551, #1527 ) ;
#226 = FACE_OUTER_BOUND ( 'NONE', #921, .T. ) ;
#227 = FACE_BOUND ( 'NONE', #39, .T. ) ;
#228 = ADVANCED_FACE ( 'NONE', ( #1073 ), #468, .F. ) ;
#229 = DIRECTION ( 'NONE',  ( -1.000000000000000000, -0.000000000000000000, -0.000000000000000000 ) ) ;
#230 = EDGE_LOOP ( 'NONE', ( #1442, #138, #427, #859 ) ) ;
#231 = ORIENTED_EDGE ( 'NONE', *, *, #58, .T. ) ;
#232 = CARTESIAN_POINT ( 'NONE',  ( -55.00000000000000000, 80.00000000000000000, 70.00000000000000000 ) ) ;
#233 = APPLICATION_PROTOCOL_DEFINITION ( 'draft international standard', 'automotive_design', 1998, #694 ) ;
#234 = DIRECTION ( 'NONE',  ( 0.000000000000000000, -4.956352788505164254E-16, -1.000000000000000000 ) ) ;
#235 = DIRECTION ( 'NONE',  ( -1.000000000000000000, 0.000000000000000000, 0.000000000000000000 ) ) ;
#236 = SHAPE_REPRESENTATION ( '\X2\96f64ef6\X0\1', ( #659 ), #1560 ) ;
#237 = DIRECTION ( 'NONE',  ( 0.000000000000000000, 1.000000000000000000, 0.000000000000000000 ) ) ;
#238 = EDGE_LOOP ( 'NONE', ( #264, #1419 ) ) ;
#239 = EDGE_CURVE ( 'NONE', #1396, #1208, #455, .T. ) ;
#240 = LINE ( 'NONE', #1370, #1142 ) ;
#241 = CARTESIAN_POINT ( 'NONE',  ( 47.36693124443983294, 72.32370147000511906, 70.00000000000000000 ) ) ;
#242 = AXIS2_PLACEMENT_3D ( 'NONE', #566, #1049, #167 ) ;
#243 = CIRCLE ( 'NONE', #816, 7.275000000000003908 ) ;
#244 = FACE_OUTER_BOUND ( 'NONE', #616, .T. ) ;
#245 = AXIS2_PLACEMENT_3D ( 'NONE', #1274, #1377, #1386 ) ;
#246 = VECTOR ( 'NONE', #317, 1000.000000000000000 ) ;
#247 = EDGE_LOOP ( 'NONE', ( #778, #994, #717, #853 ) ) ;
#248 = EDGE_CURVE ( 'NONE', #1455, #108, #1144, .T. ) ;
#249 =( LENGTH_UNIT ( ) NAMED_UNIT ( * ) SI_UNIT ( .MILLI., .METRE. ) );
#250 = EDGE_CURVE ( 'NONE', #1094, #1308, #930, .T. ) ;
#251 = CARTESIAN_POINT ( 'NONE',  ( 53.00000000000000000, 24.41417469698350473, 32.38318890694056051 ) ) ;
#252 = DIRECTION ( 'NONE',  ( 0.000000000000000000, 0.000000000000000000, -1.000000000000000000 ) ) ;
#253 = UNCERTAINTY_MEASURE_WITH_UNIT (LENGTH_MEASURE( 1.000000000000000082E-05 ), #862, 'distance_accuracy_value', 'NONE');
#254 = FACE_OUTER_BOUND ( 'NONE', #531, .T. ) ;
#255 = ORIENTED_EDGE ( 'NONE', *, *, #1398, .F. ) ;
#256 = ORIENTED_EDGE ( 'NONE', *, *, #915, .F. ) ;
#257 = VERTEX_POINT ( 'NONE', #686 ) ;
#258 = EDGE_LOOP ( 'NONE', ( #884, #1113, #1330, #562 ) ) ;
#259 = DIRECTION ( 'NONE',  ( -1.000000000000000000, -0.000000000000000000, -0.000000000000000000 ) ) ;
#260 = CARTESIAN_POINT ( 'NONE',  ( -47.57065998097503723, 72.32370147000511906, 65.85000000000000853 ) ) ;
#261 = DIRECTION ( 'NONE',  ( -0.000000000000000000, -0.000000000000000000, 1.000000000000000000 ) ) ;
#262 = ORIENTED_EDGE ( 'NONE', *, *, #1500, .T. ) ;
#263 = VERTEX_POINT ( 'NONE', #1408 ) ;
#264 = ORIENTED_EDGE ( 'NONE', *, *, #1535, .T. ) ;
#265 = EDGE_LOOP ( 'NONE', ( #448, #1317, #1342, #507 ) ) ;
#266 = SHAPE_DEFINITION_REPRESENTATION ( #1262, #1282 ) ;
#267 = CARTESIAN_POINT ( 'NONE',  ( 55.00000000000000000, -0.5794411998859397839, 22.38318389962926958 ) ) ;
#268 = DIRECTION ( 'NONE',  ( -1.000000000000000000, 0.000000000000000000, 0.000000000000000000 ) ) ;
#269 = AXIS2_PLACEMENT_3D ( 'NONE', #1520, #324, #819 ) ;
#270 = EDGE_LOOP ( 'NONE', ( #388, #1119, #986, #379 ) ) ;
#271 = VERTEX_POINT ( 'NONE', #1400 ) ;
#272 = CIRCLE ( 'NONE', #430, 3.299999999999983391 ) ;
#273 = CIRCLE ( 'NONE', #1062, 3.299999999999983391 ) ;
#274 = EDGE_LOOP ( 'NONE', ( #1069, #610, #402, #693 ) ) ;
#275 = EDGE_CURVE ( 'NONE', #995, #984, #733, .T. ) ;
#276 = ADVANCED_FACE ( 'NONE', ( #835, #948 ), #1192, .F. ) ;
#277 = LINE ( 'NONE', #765, #732 ) ;
#278 = DIRECTION ( 'NONE',  ( -1.000000000000000000, 0.000000000000000000, 0.000000000000000000 ) ) ;
#279 = ORIENTED_EDGE ( 'NONE', *, *, #1450, .T. ) ;
#280 = ORIENTED_EDGE ( 'NONE', *, *, #1188, .T. ) ;
#281 = ORIENTED_EDGE ( 'NONE', *, *, #1420, .F. ) ;
#282 = CARTESIAN_POINT ( 'NONE',  ( 47.36693124443983294, 72.32370147000511906, 65.85000000000000853 ) ) ;
#283 = ADVANCED_FACE ( 'NONE', ( #1294 ), #953, .F. ) ;
#284 = CARTESIAN_POINT ( 'NONE',  ( -55.00000000000000000, 80.00000000000000000, 0.000000000000000000 ) ) ;
#285 = CARTESIAN_POINT ( 'NONE',  ( 110.0000000000000000, 34.42055880011407254, 7.383183899629272240 ) ) ;
#286 = ORIENTED_EDGE ( 'NONE', *, *, #1188, .F. ) ;
#287 = ORIENTED_EDGE ( 'NONE', *, *, #369, .F. ) ;
#288 = ORIENTED_EDGE ( 'NONE', *, *, #1414, .T. ) ;
#289 = APPLICATION_CONTEXT ( 'automotive_design' ) ;
#290 = CONTEXT_DEPENDENT_SHAPE_REPRESENTATION ( #1024, #739 ) ;
#291 = CARTESIAN_POINT ( 'NONE',  ( 57.00000000000000000, 2.045439749795401774, 32.38318389962927313 ) ) ;
#292 = SURFACE_STYLE_USAGE ( .BOTH. , #803 ) ;
#293 = CARTESIAN_POINT ( 'NONE',  ( 47.36693124443983294, -14.66846903053595774, 70.00000000000000000 ) ) ;
#294 = CARTESIAN_POINT ( 'NONE',  ( 110.0000000000000000, 28.96751757111623604, 7.383183899629272240 ) ) ;
#295 = EDGE_LOOP ( 'NONE', ( #1277, #336, #894, #839 ) ) ;
#296 = AXIS2_PLACEMENT_3D ( 'NONE', #851, #1445, #235 ) ;
#297 = DIRECTION ( 'NONE',  ( 0.000000000000000000, 0.000000000000000000, 1.000000000000000000 ) ) ;
#298 = PRODUCT_DEFINITION_SHAPE ( 'NONE', 'NONE',  #1562 ) ;
#299 = AXIS2_PLACEMENT_3D ( 'NONE', #983, #751, #278 ) ;
#300 = AXIS2_PLACEMENT_3D ( 'NONE', #1217, #735, #100 ) ;
#301 = ADVANCED_FACE ( 'NONE', ( #204 ), #218, .T. ) ;
#302 = VECTOR ( 'NONE', #27, 1000.000000000000000 ) ;
#303 = CARTESIAN_POINT ( 'NONE',  ( 55.00000000000000000, -0.5794411998859397839, 22.38318389962926958 ) ) ;
#304 = FACE_OUTER_BOUND ( 'NONE', #115, .T. ) ;
#305 = CARTESIAN_POINT ( 'NONE',  ( 0.000000000000000000, 24.42055880011406543, 27.38318389962927313 ) ) ;
#306 = DIRECTION ( 'NONE',  ( -0.000000000000000000, -0.000000000000000000, 1.000000000000000000 ) ) ;
#307 = FACE_OUTER_BOUND ( 'NONE', #979, .T. ) ;
#308 = VERTEX_POINT ( 'NONE', #588 ) ;
#309 = CARTESIAN_POINT ( 'NONE',  ( 110.0000000000000000, -10.57944119988593634, 32.38318389962927313 ) ) ;
#310 = DIRECTION ( 'NONE',  ( -0.000000000000000000, -0.000000000000000000, -1.000000000000000000 ) ) ;
#311 = CARTESIAN_POINT ( 'NONE',  ( 55.00000000000000000, 80.00000000000000000, 0.000000000000000000 ) ) ;
#312 = PLANE ( 'NONE',  #1533 ) ;
#313 = ORIENTED_EDGE ( 'NONE', *, *, #239, .F. ) ;
#314 = DIRECTION ( 'NONE',  ( 1.000000000000000000, 0.000000000000000000, -0.000000000000000000 ) ) ;
#315 = DIRECTION ( 'NONE',  ( -1.000000000000000000, 0.000000000000000000, 0.000000000000000000 ) ) ;
#316 = DIRECTION ( 'NONE',  ( -0.000000000000000000, -0.000000000000000000, 1.000000000000000000 ) ) ;
#317 = DIRECTION ( 'NONE',  ( -1.000000000000000000, 0.000000000000000000, 0.000000000000000000 ) ) ;
#318 = EDGE_LOOP ( 'NONE', ( #1129, #883 ) ) ;
#319 = LINE ( 'NONE', #673, #1361 ) ;
#320 = ADVANCED_FACE ( 'NONE', ( #328 ), #198, .F. ) ;
#321 = VECTOR ( 'NONE', #382, 1000.000000000000000 ) ;
#322 = EDGE_CURVE ( 'NONE', #1127, #465, #1174, .T. ) ;
#323 = AXIS2_PLACEMENT_3D ( 'NONE', #695, #564, #444 ) ;
#324 = DIRECTION ( 'NONE',  ( -0.000000000000000000, -0.000000000000000000, 1.000000000000000000 ) ) ;
#325 = AXIS2_PLACEMENT_3D ( 'NONE', #84, #565, #445 ) ;
#326 = AXIS2_PLACEMENT_3D ( 'NONE', #1529, #1314, #1423 ) ;
#327 = CARTESIAN_POINT ( 'NONE',  ( 62.27499999999999858, -0.5794411998859388957, 26.53318389962927171 ) ) ;
#328 = FACE_OUTER_BOUND ( 'NONE', #270, .T. ) ;
#329 = CARTESIAN_POINT ( 'NONE',  ( 53.00000000000000000, 24.41417469698350473, 32.38318890694056051 ) ) ;
#330 = VERTEX_POINT ( 'NONE', #106 ) ;
#331 = CARTESIAN_POINT ( 'NONE',  ( 57.00000000000000000, 99.42055880011406543, 34.38318389962927313 ) ) ;
#332 = CARTESIAN_POINT ( 'NONE',  ( -47.57065998097503723, 72.32370147000511906, 70.00000000000000000 ) ) ;
#333 = CARTESIAN_POINT ( 'NONE',  ( -54.84565998097504291, 72.32370147000511906, 70.00000000000000000 ) ) ;
#334 = EDGE_CURVE ( 'NONE', #1340, #506, #73, .T. ) ;
#335 = CARTESIAN_POINT ( 'NONE',  ( -55.00000000000000000, -80.00000000000001421, 70.00000000000000000 ) ) ;
#336 = ORIENTED_EDGE ( 'NONE', *, *, #1003, .F. ) ;
#337 = CYLINDRICAL_SURFACE ( 'NONE', #1383, 7.274999999999996803 ) ;
#338 = CARTESIAN_POINT ( 'NONE',  ( -55.00000000000000000, 80.00000000000000000, 70.00000000000000000 ) ) ;
#339 = DIRECTION ( 'NONE',  ( -0.000000000000000000, -0.000000000000000000, 1.000000000000000000 ) ) ;
#340 = CARTESIAN_POINT ( 'NONE',  ( 54.64193124443982441, 72.32370147000511906, 65.85000000000000853 ) ) ;
#341 = EDGE_CURVE ( 'NONE', #10, #1000, #97, .T. ) ;
#342 = ORIENTED_EDGE ( 'NONE', *, *, #1260, .F. ) ;
#343 = ORIENTED_EDGE ( 'NONE', *, *, #223, .F. ) ;
#344 = DIRECTION ( 'NONE',  ( -0.000000000000000000, -0.000000000000000000, 1.000000000000000000 ) ) ;
#345 = CARTESIAN_POINT ( 'NONE',  ( 0.000000000000000000, 0.000000000000000000, 0.000000000000000000 ) ) ;
#346 = EDGE_CURVE ( 'NONE', #1176, #1208, #959, .T. ) ;
#347 = AXIS2_PLACEMENT_3D ( 'NONE', #178, #189, #1159 ) ;
#348 = CARTESIAN_POINT ( 'NONE',  ( 50.66693124443981588, -14.66846903053595774, 0.000000000000000000 ) ) ;
#349 = DIRECTION ( 'NONE',  ( -0.000000000000000000, -1.000000000000000000, -0.000000000000000000 ) ) ;
#350 = AXIS2_PLACEMENT_3D ( 'NONE', #209, #1299, #1428 ) ;
#351 = DIRECTION ( 'NONE',  ( -0.000000000000000000, -0.000000000000000000, 1.000000000000000000 ) ) ;
#352 = VERTEX_POINT ( 'NONE', #843 ) ;
#353 = PRODUCT_DEFINITION ( 'æœ', '', #1189, #1543 ) ;
#354 = ORIENTED_EDGE ( 'NONE', *, *, #395, .F. ) ;
#355 = DIRECTION ( 'NONE',  ( -1.000000000000000000, 0.000000000000000000, 0.000000000000000000 ) ) ;
#356 = DIRECTION ( 'NONE',  ( 1.000000000000000000, 0.000000000000000000, 0.000000000000000000 ) ) ;
#357 = DIRECTION ( 'NONE',  ( 0.000000000000000000, -1.000000000000000000, 0.000000000000000000 ) ) ;
#358 = CARTESIAN_POINT ( 'NONE',  ( 110.0000000000000000, -10.57944119988593634, 22.38318389962926958 ) ) ;
#359 = ADVANCED_FACE ( 'NONE', ( #210, #227, #699, #715 ), #1198, .T. ) ;
#360 = FACE_OUTER_BOUND ( 'NONE', #1349, .T. ) ;
#361 = ORIENTED_EDGE ( 'NONE', *, *, #369, .T. ) ;
#362 = ORIENTED_EDGE ( 'NONE', *, *, #1193, .F. ) ;
#363 = FACE_OUTER_BOUND ( 'NONE', #140, .T. ) ;
#364 = DIRECTION ( 'NONE',  ( -0.000000000000000000, -1.000000000000000000, -0.000000000000000000 ) ) ;
#365 = CYLINDRICAL_SURFACE ( 'NONE', #1213, 3.299999999999990496 ) ;
#366 = DIRECTION ( 'NONE',  ( -0.000000000000000000, -1.000000000000000000, -0.000000000000000000 ) ) ;
#367 = EDGE_CURVE ( 'NONE', #465, #573, #401, .T. ) ;
#368 = ORIENTED_EDGE ( 'NONE', *, *, #239, .T. ) ;
#369 = EDGE_CURVE ( 'NONE', #900, #1075, #550, .T. ) ;
#370 = VERTEX_POINT ( 'NONE', #66 ) ;
#371 = CARTESIAN_POINT ( 'NONE',  ( 54.64193124443983152, -14.66846903053595774, 70.00000000000000000 ) ) ;
#372 = CIRCLE ( 'NONE', #703, 3.300000000000004263 ) ;
#373 = CARTESIAN_POINT ( 'NONE',  ( 110.0000000000000000, 24.42055880011406543, 27.38318389962927313 ) ) ;
#374 = AXIS2_PLACEMENT_3D ( 'NONE', #592, #110, #1063 ) ;
#375 = AXIS2_PLACEMENT_3D ( 'NONE', #836, #1315, #1534 ) ;
#376 = DIRECTION ( 'NONE',  ( 0.000000000000000000, 0.000000000000000000, -1.000000000000000000 ) ) ;
#377 = ORIENTED_EDGE ( 'NONE', *, *, #1531, .F. ) ;
#378 =( GEOMETRIC_REPRESENTATION_CONTEXT ( 3 ) GLOBAL_UNCERTAINTY_ASSIGNED_CONTEXT ( ( #1224 ) ) GLOBAL_UNIT_ASSIGNED_CONTEXT ( ( #783, #669, #1255 ) ) REPRESENTATION_CONTEXT ( 'NONE', 'WORKASPACE' ) );
#379 = ORIENTED_EDGE ( 'NONE', *, *, #750, .T. ) ;
#380 = ORIENTED_EDGE ( 'NONE', *, *, #1373, .F. ) ;
#381 = LINE ( 'NONE', #1231, #195 ) ;
#382 = DIRECTION ( 'NONE',  ( -1.000000000000000000, -0.000000000000000000, -0.000000000000000000 ) ) ;
#383 = UNCERTAINTY_MEASURE_WITH_UNIT (LENGTH_MEASURE( 1.000000000000000082E-05 ), #36, 'distance_accuracy_value', 'NONE');
#384 = DIRECTION ( 'NONE',  ( 0.000000000000000000, -0.000000000000000000, -1.000000000000000000 ) ) ;
#385 = EDGE_CURVE ( 'NONE', #799, #224, #963, .T. ) ;
#386 = ORIENTED_EDGE ( 'NONE', *, *, #791, .F. ) ;
#387 = VERTEX_POINT ( 'NONE', #1284 ) ;
#388 = ORIENTED_EDGE ( 'NONE', *, *, #688, .F. ) ;
#389 = ORIENTED_EDGE ( 'NONE', *, *, #607, .F. ) ;
#390 = PRODUCT_CONTEXT ( 'NONE', #694, 'mechanical' ) ;
#391 = CARTESIAN_POINT ( 'NONE',  ( 55.00000000000000000, -80.00000000000001421, 38.00000000000000000 ) ) ;
#392 = ORIENTED_EDGE ( 'NONE', *, *, #954, .T. ) ;
#393 = EDGE_LOOP ( 'NONE', ( #1229, #1512 ) ) ;
#394 = ORIENTED_EDGE ( 'NONE', *, *, #82, .F. ) ;
#395 = EDGE_CURVE ( 'NONE', #648, #1226, #809, .T. ) ;
#396 = ORIENTED_EDGE ( 'NONE', *, *, #322, .T. ) ;
#397 = DIRECTION ( 'NONE',  ( -0.000000000000000000, -0.000000000000000000, -1.000000000000000000 ) ) ;
#398 = EDGE_CURVE ( 'NONE', #10, #1157, #1499, .T. ) ;
#399 = AXIS2_PLACEMENT_3D ( 'NONE', #604, #982, #1205 ) ;
#400 = LINE ( 'NONE', #16, #757 ) ;
#401 = CIRCLE ( 'NONE', #728, 3.300000000000011369 ) ;
#402 = ORIENTED_EDGE ( 'NONE', *, *, #567, .T. ) ;
#403 = EDGE_LOOP ( 'NONE', ( #1467, #1435, #1341, #1060 ) ) ;
#404 = VECTOR ( 'NONE', #229, 1000.000000000000000 ) ;
#405 = B_SPLINE_CURVE_WITH_KNOTS ( 'NONE', 3,
 ( #1162, #54, #1044, #1516 ),
 .UNSPECIFIED., .F., .F.,
 ( 4, 4 ),
 ( 0.000000000000000000, 1.000000000000000000 ),
 .UNSPECIFIED. ) ;
#406 = AXIS2_PLACEMENT_3D ( 'NONE', #332, #1180, #1071 ) ;
#407 = ORIENTED_EDGE ( 'NONE', *, *, #1032, .T. ) ;
#408 = PRODUCT_DEFINITION ( 'æœ', '', #1270, #711 ) ;
#409 = LINE ( 'NONE', #534, #220 ) ;
#410 = DIRECTION ( 'NONE',  ( -0.000000000000000000, -0.000000000000000000, 1.000000000000000000 ) ) ;
#411 = VERTEX_POINT ( 'NONE', #689 ) ;
#412 = ADVANCED_FACE ( 'NONE', ( #304 ), #946, .F. ) ;
#413 = ORIENTED_EDGE ( 'NONE', *, *, #872, .T. ) ;
#414 = ORIENTED_EDGE ( 'NONE', *, *, #346, .T. ) ;
#415 = SHAPE_DEFINITION_REPRESENTATION ( #667, #796 ) ;
#416 = DIRECTION ( 'NONE',  ( 1.000000000000000000, 0.000000000000000000, 0.000000000000000000 ) ) ;
#417 = SURFACE_STYLE_FILL_AREA ( #1036 ) ;
#418 = CARTESIAN_POINT ( 'NONE',  ( 110.0000000000000000, 35.81208761728809264, 22.44155847291009209 ) ) ;
#419 = DIRECTION ( 'NONE',  ( 1.000000000000000000, 0.000000000000000000, 0.000000000000000000 ) ) ;
#420 = ORIENTED_EDGE ( 'NONE', *, *, #72, .F. ) ;
#421 = CARTESIAN_POINT ( 'NONE',  ( 0.000000000000000000, -10.57944119988593634, 31.79186905136780794 ) ) ;
#422 = ADVANCED_FACE ( 'NONE', ( #194 ), #1297, .F. ) ;
#423 = DIRECTION ( 'NONE',  ( -1.000000000000000000, -0.000000000000000000, -0.000000000000000000 ) ) ;
#424 = CARTESIAN_POINT ( 'NONE',  ( 55.00000000000000000, -0.5794411998859397839, 22.38318389962926958 ) ) ;
#425 = CARTESIAN_POINT ( 'NONE',  ( 110.0000000000000000, 24.42055880011406543, 22.38318389962926958 ) ) ;
#426 = LINE ( 'NONE', #553, #169 ) ;
#427 = ORIENTED_EDGE ( 'NONE', *, *, #649, .T. ) ;
#428 = VECTOR ( 'NONE', #349, 1000.000000000000000 ) ;
#429 = DIRECTION ( 'NONE',  ( 0.000000000000000000, -1.000000000000000000, 0.000000000000000000 ) ) ;
#430 = AXIS2_PLACEMENT_3D ( 'NONE', #876, #261, #1232 ) ;
#431 = AXIS2_PLACEMENT_3D ( 'NONE', #882, #1353, #516 ) ;
#432 = DIRECTION ( 'NONE',  ( 1.000000000000000000, -0.000000000000000000, 0.000000000000000000 ) ) ;
#433 = LINE ( 'NONE', #924, #124 ) ;
#434 = DIRECTION ( 'NONE',  ( -1.000000000000000000, 0.000000000000000000, -0.000000000000000000 ) ) ;
#435 = DIRECTION ( 'NONE',  ( 0.000000000000000000, -1.000000000000000000, 0.000000000000000000 ) ) ;
#436 = ORIENTED_EDGE ( 'NONE', *, *, #1124, .F. ) ;
#437 = PLANE ( 'NONE',  #1265 ) ;
#438 = DIRECTION ( 'NONE',  ( 1.000000000000000000, 0.000000000000000000, 0.000000000000000000 ) ) ;
#439 = LINE ( 'NONE', #810, #76 ) ;
#440 = DIRECTION ( 'NONE',  ( 1.000000000000000000, 0.000000000000000000, 0.000000000000000000 ) ) ;
#441 = VERTEX_POINT ( 'NONE', #75 ) ;
#442 = EDGE_CURVE ( 'NONE', #1366, #257, #911, .T. ) ;
#443 = CARTESIAN_POINT ( 'NONE',  ( 54.33333333333332860, 24.42055880011406543, 32.38318389962927313 ) ) ;
#444 = DIRECTION ( 'NONE',  ( 1.000000000000000000, 0.000000000000000000, 0.000000000000000000 ) ) ;
#445 = DIRECTION ( 'NONE',  ( 0.000000000000000000, 0.000000000000000000, -1.000000000000000000 ) ) ;
#446 = CARTESIAN_POINT ( 'NONE',  ( 47.36693124443983294, -14.66846903053595774, 65.85000000000000853 ) ) ;
#447 = DIRECTION ( 'NONE',  ( -0.000000000000000000, -0.000000000000000000, 1.000000000000000000 ) ) ;
#448 = ORIENTED_EDGE ( 'NONE', *, *, #464, .F. ) ;
#449 = VECTOR ( 'NONE', #1269, 1000.000000000000000 ) ;
#450 = VECTOR ( 'NONE', #1485, 1000.000000000000000 ) ;
#451 = CARTESIAN_POINT ( 'NONE',  ( 0.000000000000000000, 28.23764597054318415, 16.58748977848379624 ) ) ;
#452 = EDGE_CURVE ( 'NONE', #1536, #1402, #1279, .T. ) ;
#453 = AXIS2_PLACEMENT_3D ( 'NONE', #936, #811, #821 ) ;
#454 = DIRECTION ( 'NONE',  ( -0.000000000000000000, -0.000000000000000000, 1.000000000000000000 ) ) ;
#455 = LINE ( 'NONE', #1067, #246 ) ;
#456 = LINE ( 'NONE', #852, #1385 ) ;
#457 = EDGE_LOOP ( 'NONE', ( #57, #1350, #832, #1001, #231, #256 ) ) ;
#458 = DIRECTION ( 'NONE',  ( 0.000000000000000000, -1.000000000000000000, 0.000000000000000000 ) ) ;
#459 = CARTESIAN_POINT ( 'NONE',  ( 0.000000000000000000, 21.69227618041695393, 11.86962500329385151 ) ) ;
#460 = DIRECTION ( 'NONE',  ( -1.000000000000000000, 0.000000000000000000, 0.000000000000000000 ) ) ;
#461 = CARTESIAN_POINT ( 'NONE',  ( 51.69999999999999574, -0.5794411998859397839, 22.38318389962926958 ) ) ;
#462 = CARTESIAN_POINT ( 'NONE',  ( 40.09193124443982725, 72.32370147000511906, 70.00000000000000000 ) ) ;
#463 = EDGE_LOOP ( 'NONE', ( #763, #996, #755, #11, #1359, #1544, #744 ) ) ;
#464 = EDGE_CURVE ( 'NONE', #1488, #387, #1010, .T. ) ;
#465 = VERTEX_POINT ( 'NONE', #1415 ) ;
#466 = DIRECTION ( 'NONE',  ( -1.000000000000000000, 0.000000000000000000, -0.000000000000000000 ) ) ;
#467 = FACE_BOUND ( 'NONE', #1454, .T. ) ;
#468 = CYLINDRICAL_SURFACE ( 'NONE', #326, 7.274999999999996803 ) ;
#469 = EDGE_CURVE ( 'NONE', #352, #860, #87, .T. ) ;
#470 = CARTESIAN_POINT ( 'NONE',  ( 50.66693124443982299, 72.32370147000511906, 70.00000000000000000 ) ) ;
#471 = ORIENTED_EDGE ( 'NONE', *, *, #509, .F. ) ;
#472 = DIRECTION ( 'NONE',  ( -0.000000000000000000, -0.000000000000000000, -1.000000000000000000 ) ) ;
#473 = CARTESIAN_POINT ( 'NONE',  ( 0.000000000000000000, 0.000000000000000000, 0.000000000000000000 ) ) ;
#474 = EDGE_CURVE ( 'NONE', #411, #1208, #1399, .T. ) ;
#475 = VECTOR ( 'NONE', #429, 1000.000000000000000 ) ;
#476 = DIRECTION ( 'NONE',  ( 0.000000000000000000, -1.000000000000000000, 4.956352788505164254E-16 ) ) ;
#477 = CARTESIAN_POINT ( 'NONE',  ( 110.0000000000000000, 24.42055880011406543, 27.38318389962927313 ) ) ;
#478 = AXIS2_PLACEMENT_3D ( 'NONE', #78, #903, #551 ) ;
#479 = DIRECTION ( 'NONE',  ( 1.000000000000000000, 0.000000000000000000, 0.000000000000000000 ) ) ;
#480 = ORIENTED_EDGE ( 'NONE', *, *, #1469, .T. ) ;
#481 = VERTEX_POINT ( 'NONE', #569 ) ;
#482 = FACE_OUTER_BOUND ( 'NONE', #597, .T. ) ;
#483 = CARTESIAN_POINT ( 'NONE',  ( 55.08844468157649743, -69.38329344537638121, 76.69601509342932388 ) ) ;
#484 = DIRECTION ( 'NONE',  ( 1.000000000000000000, 0.000000000000000000, -0.000000000000000000 ) ) ;
#485 = DIRECTION ( 'NONE',  ( 1.000000000000000000, 0.000000000000000000, 0.000000000000000000 ) ) ;
#486 = EDGE_CURVE ( 'NONE', #481, #1218, #1172, .T. ) ;
#487 = CARTESIAN_POINT ( 'NONE',  ( 55.00000000000000000, -0.5794411998859397839, 31.79186905136780794 ) ) ;
#488 = EDGE_LOOP ( 'NONE', ( #471, #1368, #1135, #281 ) ) ;
#489 = ADVANCED_FACE ( 'NONE', ( #1405 ), #1160, .F. ) ;
#490 = ORIENTED_EDGE ( 'NONE', *, *, #1193, .T. ) ;
#491 = CARTESIAN_POINT ( 'NONE',  ( 57.00000000000000000, -3.204322149567281119, 22.38318389962926958 ) ) ;
#492 = LINE ( 'NONE', #477, #944 ) ;
#493 = DIRECTION ( 'NONE',  ( 1.000000000000000000, 0.000000000000000000, 0.000000000000000000 ) ) ;
#494 = ORIENTED_EDGE ( 'NONE', *, *, #1523, .T. ) ;
#495 = EDGE_LOOP ( 'NONE', ( #1083, #44, #513, #147 ) ) ;
#496 = ORIENTED_EDGE ( 'NONE', *, *, #127, .T. ) ;
#497 = DIRECTION ( 'NONE',  ( 1.000000000000000000, 0.000000000000000000, 0.000000000000000000 ) ) ;
#498 = EDGE_CURVE ( 'NONE', #1000, #1456, #668, .T. ) ;
#499 = CARTESIAN_POINT ( 'NONE',  ( -50.87065998097502728, 72.32370147000511906, 70.00000000000000000 ) ) ;
#500 = CIRCLE ( 'NONE', #1035, 7.274999999999996803 ) ;
#501 = CIRCLE ( 'NONE', #528, 7.275000000000003908 ) ;
#502 = DIRECTION ( 'NONE',  ( 0.000000000000000000, -1.000000000000000000, 0.000000000000000000 ) ) ;
#503 = ORIENTED_EDGE ( 'NONE', *, *, #750, .F. ) ;
#504 = CIRCLE ( 'NONE', #431, 3.299999999999983391 ) ;
#505 = VERTEX_POINT ( 'NONE', #83 ) ;
#506 = VERTEX_POINT ( 'NONE', #559 ) ;
#507 = ORIENTED_EDGE ( 'NONE', *, *, #618, .F. ) ;
#508 = CARTESIAN_POINT ( 'NONE',  ( 58.30000000000000426, -0.5794411998859393398, 22.38318389962926958 ) ) ;
#509 = EDGE_CURVE ( 'NONE', #1333, #962, #654, .T. ) ;
#510 = SURFACE_STYLE_USAGE ( .BOTH. , #1452 ) ;
#511 = ORIENTED_EDGE ( 'NONE', *, *, #127, .F. ) ;
#512 = EDGE_LOOP ( 'NONE', ( #625, #1489, #1468, #1298, #623, #942, #1128, #1234 ) ) ;
#513 = ORIENTED_EDGE ( 'NONE', *, *, #190, .T. ) ;
#514 = ORIENTED_EDGE ( 'NONE', *, *, #804, .F. ) ;
#515 = ADVANCED_FACE ( 'NONE', ( #1292 ), #1526, .F. ) ;
#516 = DIRECTION ( 'NONE',  ( 1.000000000000000000, 0.000000000000000000, 0.000000000000000000 ) ) ;
#517 = CARTESIAN_POINT ( 'NONE',  ( -55.00000000000000000, 80.00000000000000000, 0.000000000000000000 ) ) ;
#518 = PRODUCT_DEFINITION ( 'æœ', '', #945, #1310 ) ;
#519 = ORIENTED_EDGE ( 'NONE', *, *, #1076, .F. ) ;
#520 = ORIENTED_EDGE ( 'NONE', *, *, #1375, .F. ) ;
#521 = ORIENTED_EDGE ( 'NONE', *, *, #1154, .T. ) ;
#522 = CARTESIAN_POINT ( 'NONE',  ( 0.000000000000000000, 34.42055880011407254, 7.383183899629272240 ) ) ;
#523 = EDGE_CURVE ( 'NONE', #1402, #330, #225, .T. ) ;
#524 = LINE ( 'NONE', #775, #144 ) ;
#525 = CIRCLE ( 'NONE', #374, 3.299999999999983391 ) ;
#526 = ORIENTED_EDGE ( 'NONE', *, *, #474, .T. ) ;
#527 = EDGE_LOOP ( 'NONE', ( #880, #155 ) ) ;
#528 = AXIS2_PLACEMENT_3D ( 'NONE', #1152, #687, #64 ) ;
#529 = AXIS2_PLACEMENT_3D ( 'NONE', #267, #1449, #749 ) ;
#530 = VECTOR ( 'NONE', #339, 1000.000000000000000 ) ;
#531 = EDGE_LOOP ( 'NONE', ( #368, #917, #1233, #1433 ) ) ;
#532 =( GEOMETRIC_REPRESENTATION_CONTEXT ( 3 ) GLOBAL_UNCERTAINTY_ASSIGNED_CONTEXT ( ( #253 ) ) GLOBAL_UNIT_ASSIGNED_CONTEXT ( ( #862, #849, #748 ) ) REPRESENTATION_CONTEXT ( 'NONE', 'WORKASPACE' ) );
#533 = APPLICATION_PROTOCOL_DEFINITION ( 'draft international standard', 'automotive_design', 1998, #538 ) ;
#534 = CARTESIAN_POINT ( 'NONE',  ( 53.00000000000000000, -8.426848761341439342, 38.38318389962927313 ) ) ;
#535 = FACE_OUTER_BOUND ( 'NONE', #70, .T. ) ;
#536 = ADVANCED_FACE ( 'NONE', ( #1089 ), #586, .F. ) ;
#537 = DIRECTION ( 'NONE',  ( 0.000000000000000000, 0.000000000000000000, -1.000000000000000000 ) ) ;
#538 = APPLICATION_CONTEXT ( 'automotive_design' ) ;
#539 = DIRECTION ( 'NONE',  ( 0.000000000000000000, 0.000000000000000000, -1.000000000000000000 ) ) ;
#540 = EDGE_CURVE ( 'NONE', #271, #1348, #951, .T. ) ;
#541 = ORIENTED_EDGE ( 'NONE', *, *, #341, .T. ) ;
#542 = ADVANCED_FACE ( 'NONE', ( #482 ), #712, .F. ) ;
#543 = DIRECTION ( 'NONE',  ( -1.000000000000000000, 0.000000000000000000, 0.000000000000000000 ) ) ;
#544 = DIRECTION ( 'NONE',  ( 0.000000000000000000, 0.000000000000000000, 1.000000000000000000 ) ) ;
#545 = LINE ( 'NONE', #187, #1087 ) ;
#546 = DIRECTION ( 'NONE',  ( -0.000000000000000000, -0.000000000000000000, 1.000000000000000000 ) ) ;
#547 = DIRECTION ( 'NONE',  ( 0.000000000000000000, -1.000000000000000000, 0.000000000000000000 ) ) ;
#548 = ORIENTED_EDGE ( 'NONE', *, *, #915, .T. ) ;
#549 = CARTESIAN_POINT ( 'NONE',  ( 110.0000000000000000, -10.57944119988593634, 22.38318389962926958 ) ) ;
#550 = LINE ( 'NONE', #1026, #1237 ) ;
#551 = DIRECTION ( 'NONE',  ( 0.000000000000000000, -0.000000000000000000, 1.000000000000000000 ) ) ;
#552 = CARTESIAN_POINT ( 'NONE',  ( 53.00000000000000000, -3.204322149567281119, 31.79186905136780794 ) ) ;
#553 = CARTESIAN_POINT ( 'NONE',  ( 55.00000000000000000, 80.00000000000000000, 70.00000000000000000 ) ) ;
#554 = ORIENTED_EDGE ( 'NONE', *, *, #1124, .T. ) ;
#555 = CIRCLE ( 'NONE', #1430, 7.275000000000003908 ) ;
#556 = DIRECTION ( 'NONE',  ( -0.000000000000000000, -0.000000000000000000, -1.000000000000000000 ) ) ;
#557 = AXIS2_PLACEMENT_3D ( 'NONE', #137, #502, #384 ) ;
#558 = VECTOR ( 'NONE', #1091, 1000.000000000000000 ) ;
#559 = CARTESIAN_POINT ( 'NONE',  ( 47.72500000000000142, -0.5794411998859397839, 26.53318389962927171 ) ) ;
#560 = FACE_OUTER_BOUND ( 'NONE', #184, .T. ) ;
#561 = ADVANCED_FACE ( 'NONE', ( #577, #1427 ), #966, .F. ) ;
#562 = ORIENTED_EDGE ( 'NONE', *, *, #762, .T. ) ;
#563 = PLANE ( 'NONE',  #1332 ) ;
#564 = DIRECTION ( 'NONE',  ( 0.000000000000000000, 0.000000000000000000, 1.000000000000000000 ) ) ;
#565 = DIRECTION ( 'NONE',  ( 1.000000000000000000, -0.000000000000000000, 0.000000000000000000 ) ) ;
#566 = CARTESIAN_POINT ( 'NONE',  ( 0.000000000000000000, 0.000000000000000000, 0.000000000000000000 ) ) ;
#567 = EDGE_CURVE ( 'NONE', #1247, #1455, #1311, .T. ) ;
#568 = FACE_OUTER_BOUND ( 'NONE', #457, .T. ) ;
#569 = CARTESIAN_POINT ( 'NONE',  ( 53.00000000000000000, -10.57944119988593634, 38.38318389962927313 ) ) ;
#570 = DIRECTION ( 'NONE',  ( 1.000000000000000000, 0.000000000000000000, 0.000000000000000000 ) ) ;
#571 = CARTESIAN_POINT ( 'NONE',  ( 55.00000000000000000, -0.5794411998859397839, 26.53318389962927171 ) ) ;
#572 = CARTESIAN_POINT ( 'NONE',  ( 0.000000000000000000, -10.57944119988593634, 22.38318389962926958 ) ) ;
#573 = VERTEX_POINT ( 'NONE', #973 ) ;
#574 = AXIS2_PLACEMENT_3D ( 'NONE', #1099, #1108, #2 ) ;
#575 = AXIS2_PLACEMENT_3D ( 'NONE', #1070, #848, #466 ) ;
#576 = CIRCLE ( 'NONE', #1457, 3.300000000000004263 ) ;
#577 = FACE_BOUND ( 'NONE', #393, .T. ) ;
#578 = CARTESIAN_POINT ( 'NONE',  ( 53.00000000000000000, 99.42055880011406543, 31.79186905136780794 ) ) ;
#579 = VECTOR ( 'NONE', #661, 1000.000000000000000 ) ;
#580 = LINE ( 'NONE', #1066, #558 ) ;
#581 = CARTESIAN_POINT ( 'NONE',  ( 110.0000000000000000, -10.57944119988593634, 34.38318389962927313 ) ) ;
#582 = EDGE_CURVE ( 'NONE', #1247, #746, #525, .T. ) ;
#583 = CARTESIAN_POINT ( 'NONE',  ( 110.0000000000000000, -10.57944119988593634, 22.38318389962926958 ) ) ;
#584 = ORIENTED_EDGE ( 'NONE', *, *, #346, .F. ) ;
#585 = ADVANCED_FACE ( 'NONE', ( #363 ), #1443, .F. ) ;
#586 = CYLINDRICAL_SURFACE ( 'NONE', #1306, 7.275000000000003908 ) ;
#587 = LINE ( 'NONE', #1547, #1334 ) ;
#588 = CARTESIAN_POINT ( 'NONE',  ( 54.64193124443983152, 72.32370147000511906, 70.00000000000000000 ) ) ;
#589 = DIRECTION ( 'NONE',  ( 0.000000000000000000, 0.000000000000000000, -1.000000000000000000 ) ) ;
#590 = ADVANCED_BREP_SHAPE_REPRESENTATION ( '', ( #611, #659 ), #532 ) ;
#591 = ORIENTED_EDGE ( 'NONE', *, *, #720, .T. ) ;
#592 = CARTESIAN_POINT ( 'NONE',  ( 47.36693124443983294, -14.66846903053595774, 0.000000000000000000 ) ) ;
#593 = DIRECTION ( 'NONE',  ( -1.000000000000000000, 0.000000000000000000, 6.982962677686266711E-15 ) ) ;
#594 = FACE_OUTER_BOUND ( 'NONE', #512, .T. ) ;
#595 = LINE ( 'NONE', #976, #321 ) ;
#596 = CARTESIAN_POINT ( 'NONE',  ( 50.66693124443983010, 72.32370147000511906, 65.85000000000000853 ) ) ;
#597 = EDGE_LOOP ( 'NONE', ( #907, #701, #132, #168 ) ) ;
#598 = ORIENTED_EDGE ( 'NONE', *, *, #367, .F. ) ;
#599 = DIRECTION ( 'NONE',  ( 1.000000000000000000, 0.000000000000000000, 0.000000000000000000 ) ) ;
#600 = VECTOR ( 'NONE', #102, 1000.000000000000000 ) ;
#601 = ADVANCED_FACE ( 'NONE', ( #1324 ), #337, .F. ) ;
#602 = AXIS2_PLACEMENT_3D ( 'NONE', #293, #306, #784 ) ;
#603 = DIRECTION ( 'NONE',  ( 0.000000000000000000, 0.000000000000000000, 1.000000000000000000 ) ) ;
#604 = CARTESIAN_POINT ( 'NONE',  ( -47.57065998097503723, 72.32370147000511906, 70.00000000000000000 ) ) ;
#605 = AXIS2_PLACEMENT_3D ( 'NONE', #1215, #997, #1116 ) ;
#606 = AXIS2_PLACEMENT_3D ( 'NONE', #1337, #1223, #135 ) ;
#607 = EDGE_CURVE ( 'NONE', #1103, #1176, #17, .T. ) ;
#608 = PLANE ( 'NONE',  #300 ) ;
#609 = VERTEX_POINT ( 'NONE', #1318 ) ;
#610 = ORIENTED_EDGE ( 'NONE', *, *, #582, .F. ) ;
#611 = MANIFOLD_SOLID_BREP ( '\X2\51f853f0\X0\-\X2\62c94f38\X0\4', #682 ) ;
#612 = CARTESIAN_POINT ( 'NONE',  ( 0.000000000000000000, 0.000000000000000000, 0.000000000000000000 ) ) ;
#613 = CARTESIAN_POINT ( 'NONE',  ( 47.36693124443983294, -14.66846903053595774, 70.00000000000000000 ) ) ;
#614 = DIRECTION ( 'NONE',  ( 1.000000000000000000, 0.000000000000000000, 0.000000000000000000 ) ) ;
#615 = DIRECTION ( 'NONE',  ( 0.000000000000000000, 0.000000000000000000, -1.000000000000000000 ) ) ;
#616 = EDGE_LOOP ( 'NONE', ( #1374, #1250 ) ) ;
#617 = ORIENTED_EDGE ( 'NONE', *, *, #1398, .T. ) ;
#618 = EDGE_CURVE ( 'NONE', #387, #1348, #524, .T. ) ;
#619 = CARTESIAN_POINT ( 'NONE',  ( 54.64193124443983152, 72.32370147000511906, 70.00000000000000000 ) ) ;
#620 = CARTESIAN_POINT ( 'NONE',  ( 53.00000000000000000, 2.045439749795401774, 31.79186905136780794 ) ) ;
#621 = UNCERTAINTY_MEASURE_WITH_UNIT (LENGTH_MEASURE( 1.000000000000000082E-05 ), #1448, 'distance_accuracy_value', 'NONE');
#622 = FACE_OUTER_BOUND ( 'NONE', #1503, .T. ) ;
#623 = ORIENTED_EDGE ( 'NONE', *, *, #1201, .T. ) ;
#624 = ORIENTED_EDGE ( 'NONE', *, *, #1168, .T. ) ;
#625 = ORIENTED_EDGE ( 'NONE', *, *, #922, .F. ) ;
#626 = ORIENTED_EDGE ( 'NONE', *, *, #830, .T. ) ;
#627 = EDGE_CURVE ( 'NONE', #1127, #161, #1084, .T. ) ;
#628 = LINE ( 'NONE', #619, #706 ) ;
#629 =( GEOMETRIC_REPRESENTATION_CONTEXT ( 3 ) GLOBAL_UNCERTAINTY_ASSIGNED_CONTEXT ( ( #383 ) ) GLOBAL_UNIT_ASSIGNED_CONTEXT ( ( #36, #898, #1256 ) ) REPRESENTATION_CONTEXT ( 'NONE', 'WORKASPACE' ) );
#630 = VECTOR ( 'NONE', #81, 1000.000000000000000 ) ;
#631 = VECTOR ( 'NONE', #690, 1000.000000000000000 ) ;
#632 = DIRECTION ( 'NONE',  ( 0.000000000000000000, 0.000000000000000000, -1.000000000000000000 ) ) ;
#633 = ORIENTED_EDGE ( 'NONE', *, *, #1554, .T. ) ;
#634 = EDGE_CURVE ( 'NONE', #860, #899, #400, .T. ) ;
#635 = VERTEX_POINT ( 'NONE', #1126 ) ;
#636 = ORIENTED_EDGE ( 'NONE', *, *, #846, .T. ) ;
#637 = VERTEX_POINT ( 'NONE', #517 ) ;
#638 = APPLICATION_PROTOCOL_DEFINITION ( 'draft international standard', 'automotive_design', 1998, #289 ) ;
#639 = CARTESIAN_POINT ( 'NONE',  ( 47.36693124443983294, -14.66846903053595774, 0.000000000000000000 ) ) ;
#640 = VERTEX_POINT ( 'NONE', #1347 ) ;
#641 = ORIENTED_EDGE ( 'NONE', *, *, #385, .T. ) ;
#642 = ORIENTED_EDGE ( 'NONE', *, *, #103, .F. ) ;
#643 = ADVANCED_FACE ( 'NONE', ( #143 ), #1102, .T. ) ;
#644 = LINE ( 'NONE', #975, #51 ) ;
#645 = LINE ( 'NONE', #42, #1431 ) ;
#646 = EDGE_LOOP ( 'NONE', ( #584, #788, #956, #1016, #1371, #526 ) ) ;
#647 = ORIENTED_EDGE ( 'NONE', *, *, #498, .T. ) ;
#648 = VERTEX_POINT ( 'NONE', #1013 ) ;
#649 = EDGE_CURVE ( 'NONE', #224, #799, #500, .T. ) ;
#650 = FACE_BOUND ( 'NONE', #38, .T. ) ;
#651 = EDGE_CURVE ( 'NONE', #1006, #308, #555, .T. ) ;
#652 = LINE ( 'NONE', #912, #579 ) ;
#653 = CARTESIAN_POINT ( 'NONE',  ( 47.72500000000000142, -0.5794411998859397839, 22.38318389962926958 ) ) ;
#654 = CIRCLE ( 'NONE', #269, 7.274999999999996803 ) ;
#655 = LINE ( 'NONE', #95, #449 ) ;
#656 = EDGE_LOOP ( 'NONE', ( #710, #1022, #1525, #871, #768, #125, #879, #1121 ) ) ;
#657 = AXIS2_PLACEMENT_3D ( 'NONE', #1249, #890, #493 ) ;
#658 = AXIS2_PLACEMENT_3D ( 'NONE', #909, #1382, #416 ) ;
#659 = AXIS2_PLACEMENT_3D ( 'NONE', #345, #1460, #356 ) ;
#660 = LINE ( 'NONE', #1376, #1187 ) ;
#661 = DIRECTION ( 'NONE',  ( -0.000000000000000000, -0.000000000000000000, -1.000000000000000000 ) ) ;
#662 = DIRECTION ( 'NONE',  ( 0.000000000000000000, 0.000000000000000000, 1.000000000000000000 ) ) ;
#663 = CARTESIAN_POINT ( 'NONE',  ( 110.0000000000000000, 24.42055880011406543, 34.38318389962927313 ) ) ;
#664 = EDGE_LOOP ( 'NONE', ( #647, #767, #725, #541 ) ) ;
#665 = LINE ( 'NONE', #1047, #1238 ) ;
#666 = ADVANCED_FACE ( 'NONE', ( #867 ), #153, .F. ) ;
#667 = PRODUCT_DEFINITION_SHAPE ( 'NONE', 'NONE',  #518 ) ;
#668 = LINE ( 'NONE', #1155, #1331 ) ;
#669 =( NAMED_UNIT ( * ) PLANE_ANGLE_UNIT ( ) SI_UNIT ( $, .RADIAN. ) );
#670 = CARTESIAN_POINT ( 'NONE',  ( 110.0000000000000000, 28.96751757111623604, 7.383183899629272240 ) ) ;
#671 = CARTESIAN_POINT ( 'NONE',  ( 57.00000000000000000, 24.42055880011406543, 31.79186905136780794 ) ) ;
#672 = ORIENTED_EDGE ( 'NONE', *, *, #846, .F. ) ;
#673 = CARTESIAN_POINT ( 'NONE',  ( -55.00000000000000000, -80.00000000000001421, 70.00000000000000000 ) ) ;
#674 = ADVANCED_FACE ( 'NONE', ( #622 ), #1225, .F. ) ;
#675 = CARTESIAN_POINT ( 'NONE',  ( 53.00000000000000000, -8.426848761341439342, 37.38318389962927313 ) ) ;
#676 = DIRECTION ( 'NONE',  ( -0.000000000000000000, -1.000000000000000000, -0.000000000000000000 ) ) ;
#677 = ORIENTED_EDGE ( 'NONE', *, *, #469, .T. ) ;
#678 = AXIS2_PLACEMENT_3D ( 'NONE', #94, #841, #705 ) ;
#679 = CARTESIAN_POINT ( 'NONE',  ( 110.0000000000000000, 34.42055880011407254, 27.38318389962927313 ) ) ;
#680 = EDGE_CURVE ( 'NONE', #1488, #1518, #766, .T. ) ;
#681 = VECTOR ( 'NONE', #1141, 1000.000000000000000 ) ;
#682 = CLOSED_SHELL ( 'NONE', ( #601, #1514, #88, #1245, #65, #1339, #412, #283, #1177, #422, #276, #43, #643, #1101, #301, #967, #1325, #666, #808, #1351, #1323, #228, #696, #585 ) ) ;
#683 = DIRECTION ( 'NONE',  ( 0.000000000000000000, 0.000000000000000000, -1.000000000000000000 ) ) ;
#684 = PRODUCT_RELATED_PRODUCT_CATEGORY ( 'part', '', ( #1023 ) ) ;
#685 = CARTESIAN_POINT ( 'NONE',  ( 53.00000000000000000, -3.204322149567272682, 34.38318389962927313 ) ) ;
#686 = CARTESIAN_POINT ( 'NONE',  ( 40.09193124443983436, -14.66846903053595597, 65.85000000000000853 ) ) ;
#687 = DIRECTION ( 'NONE',  ( -0.000000000000000000, -0.000000000000000000, 1.000000000000000000 ) ) ;
#688 = EDGE_CURVE ( 'NONE', #1333, #1006, #645, .T. ) ;
#689 = CARTESIAN_POINT ( 'NONE',  ( 53.00000000000000000, -8.426848761341439342, 38.38318389962927313 ) ) ;
#690 = DIRECTION ( 'NONE',  ( 1.000000000000000000, 0.000000000000000000, 0.000000000000000000 ) ) ;
#691 = CARTESIAN_POINT ( 'NONE',  ( 47.36693124443983294, 72.32370147000511906, 70.00000000000000000 ) ) ;
#692 = DIRECTION ( 'NONE',  ( 0.000000000000000000, 0.000000000000000000, -1.000000000000000000 ) ) ;
#693 = ORIENTED_EDGE ( 'NONE', *, *, #248, .T. ) ;
#694 = APPLICATION_CONTEXT ( 'automotive_design' ) ;
#695 = CARTESIAN_POINT ( 'NONE',  ( 55.00000000000000000, -0.5794411998859397839, 32.38318389962927313 ) ) ;
#696 = ADVANCED_FACE ( 'NONE', ( #254 ), #743, .F. ) ;
#697 = DIRECTION ( 'NONE',  ( 0.000000000000000000, 0.000000000000000000, -1.000000000000000000 ) ) ;
#698 = FACE_OUTER_BOUND ( 'NONE', #495, .T. ) ;
#699 = FACE_BOUND ( 'NONE', #1244, .T. ) ;
#700 = DIRECTION ( 'NONE',  ( 1.000000000000000000, 0.000000000000000000, 0.000000000000000000 ) ) ;
#701 = ORIENTED_EDGE ( 'NONE', *, *, #702, .F. ) ;
#702 = EDGE_CURVE ( 'NONE', #984, #995, #272, .T. ) ;
#703 = AXIS2_PLACEMENT_3D ( 'NONE', #8, #252, #1327 ) ;
#704 = AXIS2_PLACEMENT_3D ( 'NONE', #571, #829, #90 ) ;
#705 = DIRECTION ( 'NONE',  ( 1.000000000000000000, 0.000000000000000000, 0.000000000000000000 ) ) ;
#706 = VECTOR ( 'NONE', #1107, 1000.000000000000000 ) ;
#707 = CARTESIAN_POINT ( 'NONE',  ( -44.27065998097504718, 72.32370147000511906, 70.00000000000000000 ) ) ;
#708 = DIRECTION ( 'NONE',  ( 0.000000000000000000, 0.000000000000000000, 1.000000000000000000 ) ) ;
#709 = DIRECTION ( 'NONE',  ( -0.000000000000000000, -1.000000000000000000, -0.000000000000000000 ) ) ;
#710 = ORIENTED_EDGE ( 'NONE', *, *, #469, .F. ) ;
#711 = PRODUCT_DEFINITION_CONTEXT ( 'detailed design', #130, 'design' ) ;
#712 = CYLINDRICAL_SURFACE ( 'NONE', #678, 3.299999999999990496 ) ;
#713 = DIRECTION ( 'NONE',  ( 1.000000000000000000, 0.000000000000000000, 0.000000000000000000 ) ) ;
#714 = PLANE ( 'NONE',  #759 ) ;
#715 = FACE_OUTER_BOUND ( 'NONE', #932, .T. ) ;
#716 = LINE ( 'NONE', #123, #98 ) ;
#717 = ORIENTED_EDGE ( 'NONE', *, *, #1230, .T. ) ;
#718 = ORIENTED_EDGE ( 'NONE', *, *, #1148, .F. ) ;
#719 = FILL_AREA_STYLE_COLOUR ( '', #1406 ) ;
#720 = EDGE_CURVE ( 'NONE', #1075, #1226, #1268, .T. ) ;
#721 = DIRECTION ( 'NONE',  ( 0.000000000000000000, 0.000000000000000000, 1.000000000000000000 ) ) ;
#722 = CARTESIAN_POINT ( 'NONE',  ( -40.29565998097503865, 72.32370147000511906, 65.85000000000000853 ) ) ;
#723 = DIRECTION ( 'NONE',  ( -0.000000000000000000, -0.000000000000000000, 1.000000000000000000 ) ) ;
#724 = LINE ( 'NONE', #107, #789 ) ;
#725 = ORIENTED_EDGE ( 'NONE', *, *, #398, .F. ) ;
#726 = ORIENTED_EDGE ( 'NONE', *, *, #680, .F. ) ;
#727 = CIRCLE ( 'NONE', #1088, 3.299999999999983391 ) ;
#728 = AXIS2_PLACEMENT_3D ( 'NONE', #1048, #310, #1033 ) ;
#729 = CIRCLE ( 'NONE', #1061, 7.274999999999996803 ) ;
#730 = CYLINDRICAL_SURFACE ( 'NONE', #529, 3.300000000000004263 ) ;
#731 = CARTESIAN_POINT ( 'NONE',  ( -47.57065998097503723, 72.32370147000511906, 70.00000000000000000 ) ) ;
#732 = VECTOR ( 'NONE', #158, 1000.000000000000000 ) ;
#733 = CIRCLE ( 'NONE', #53, 3.299999999999983391 ) ;
#734 = AXIS2_PLACEMENT_3D ( 'NONE', #612, #980, #1096 ) ;
#735 = DIRECTION ( 'NONE',  ( 0.000000000000000000, 0.000000000000000000, -1.000000000000000000 ) ) ;
#736 = EDGE_CURVE ( 'NONE', #886, #481, #1149, .T. ) ;
#737 = EDGE_LOOP ( 'NONE', ( #6, #163, #386, #987 ) ) ;
#738 = EDGE_LOOP ( 'NONE', ( #1252, #394, #868, #496 ) ) ;
#739 = PRODUCT_DEFINITION_SHAPE ( 'NONE', 'NONE',  #1563 ) ;
#740 = CARTESIAN_POINT ( 'NONE',  ( 0.000000000000000000, 0.000000000000000000, 0.000000000000000000 ) ) ;
#741 = CARTESIAN_POINT ( 'NONE',  ( 62.27499999999999858, -0.5794411998859388957, 22.38318389962926958 ) ) ;
#742 = FACE_OUTER_BOUND ( 'NONE', #738, .T. ) ;
#743 = PLANE ( 'NONE',  #557 ) ;
#744 = ORIENTED_EDGE ( 'NONE', *, *, #1050, .F. ) ;
#745 = ORIENTED_EDGE ( 'NONE', *, *, #702, .T. ) ;
#746 = VERTEX_POINT ( 'NONE', #797 ) ;
#747 = ORIENTED_EDGE ( 'NONE', *, *, #540, .F. ) ;
#748 =( NAMED_UNIT ( * ) SI_UNIT ( $, .STERADIAN. ) SOLID_ANGLE_UNIT ( ) );
#749 = DIRECTION ( 'NONE',  ( -1.000000000000000000, 0.000000000000000000, 0.000000000000000000 ) ) ;
#750 = EDGE_CURVE ( 'NONE', #308, #1006, #243, .T. ) ;
#751 = DIRECTION ( 'NONE',  ( 0.000000000000000000, 0.000000000000000000, -1.000000000000000000 ) ) ;
#752 = EDGE_LOOP ( 'NONE', ( #1095, #1133, #1105, #1054, #1479, #150, #1110, #1151 ) ) ;
#753 = VERTEX_POINT ( 'NONE', #1156 ) ;
#754 = ORIENTED_EDGE ( 'NONE', *, *, #523, .T. ) ;
#755 = ORIENTED_EDGE ( 'NONE', *, *, #223, .T. ) ;
#756 = CARTESIAN_POINT ( 'NONE',  ( 54.64193124443982441, -14.66846903053595774, 65.85000000000000853 ) ) ;
#757 = VECTOR ( 'NONE', #632, 1000.000000000000000 ) ;
#758 = CIRCLE ( 'NONE', #1140, 3.299999999999997158 ) ;
#759 = AXIS2_PLACEMENT_3D ( 'NONE', #1319, #1197, #1 ) ;
#760 = DIRECTION ( 'NONE',  ( 1.000000000000000000, 0.000000000000000000, 0.000000000000000000 ) ) ;
#761 = ORIENTED_EDGE ( 'NONE', *, *, #567, .F. ) ;
#762 = EDGE_CURVE ( 'NONE', #1358, #1390, #1287, .T. ) ;
#763 = ORIENTED_EDGE ( 'NONE', *, *, #1367, .T. ) ;
#764 = VERTEX_POINT ( 'NONE', #552 ) ;
#765 = CARTESIAN_POINT ( 'NONE',  ( -40.29565998097503154, 72.32370147000511906, 70.00000000000000000 ) ) ;
#766 = LINE ( 'NONE', #160, #450 ) ;
#767 = ORIENTED_EDGE ( 'NONE', *, *, #1032, .F. ) ;
#768 = ORIENTED_EDGE ( 'NONE', *, *, #1531, .T. ) ;
#769 = ORIENTED_EDGE ( 'NONE', *, *, #720, .F. ) ;
#770 = ADVANCED_FACE ( 'NONE', ( #1037 ), #1020, .F. ) ;
#771 = APPLICATION_PROTOCOL_DEFINITION ( 'draft international standard', 'automotive_design', 1998, #130 ) ;
#772 = DIRECTION ( 'NONE',  ( -0.000000000000000000, -0.000000000000000000, 1.000000000000000000 ) ) ;
#773 = ADVANCED_FACE ( 'NONE', ( #1509, #1028 ), #55, .F. ) ;
#774 = CARTESIAN_POINT ( 'NONE',  ( 55.00000000000000000, -45.00000000000001421, 38.00000000000000000 ) ) ;
#775 = CARTESIAN_POINT ( 'NONE',  ( 53.00000000000000000, -10.57944119988593634, 32.38318389962927313 ) ) ;
#776 = CARTESIAN_POINT ( 'NONE',  ( -55.00000000000000000, -45.00000000000001421, 38.00000000000000000 ) ) ;
#777 = ORIENTED_EDGE ( 'NONE', *, *, #804, .T. ) ;
#778 = ORIENTED_EDGE ( 'NONE', *, *, #825, .T. ) ;
#779 = APPLICATION_PROTOCOL_DEFINITION ( 'draft international standard', 'automotive_design', 1998, #1053 ) ;
#780 = CYLINDRICAL_SURFACE ( 'NONE', #172, 3.300000000000004263 ) ;
#781 =( REPRESENTATION_RELATIONSHIP ('NONE','NONE', #1282, #236 ) REPRESENTATION_RELATIONSHIP_WITH_TRANSFORMATION ( #25 )SHAPE_REPRESENTATION_RELATIONSHIP( ) );
#782 = VECTOR ( 'NONE', #1462, 1000.000000000000000 ) ;
#783 =( LENGTH_UNIT ( ) NAMED_UNIT ( * ) SI_UNIT ( .MILLI., .METRE. ) );
#784 = DIRECTION ( 'NONE',  ( 1.000000000000000000, 0.000000000000000000, 0.000000000000000000 ) ) ;
#785 = PRODUCT_DEFINITION_SHAPE ( 'NONE', 'NONE',  #408 ) ;
#786 = AXIS2_PLACEMENT_3D ( 'NONE', #1303, #214, #355 ) ;
#787 = FACE_OUTER_BOUND ( 'NONE', #737, .T. ) ;
#788 = ORIENTED_EDGE ( 'NONE', *, *, #1072, .T. ) ;
#789 = VECTOR ( 'NONE', #589, 1000.000000000000000 ) ;
#790 = CARTESIAN_POINT ( 'NONE',  ( -55.00000000000000000, -45.00000000000001421, 70.00000000000000000 ) ) ;
#791 = EDGE_CURVE ( 'NONE', #753, #895, #152, .T. ) ;
#792 = CIRCLE ( 'NONE', #1434, 3.300000000000011369 ) ;
#793 = DIRECTION ( 'NONE',  ( 0.000000000000000000, 4.956352788505164254E-16, 1.000000000000000000 ) ) ;
#794 = DIRECTION ( 'NONE',  ( 1.000000000000000000, -0.000000000000000000, -0.000000000000000000 ) ) ;
#795 = DIRECTION ( 'NONE',  ( -0.000000000000000000, -0.000000000000000000, -1.000000000000000000 ) ) ;
#796 = SHAPE_REPRESENTATION ( '\X2\96f64ef6\X0\4', ( #659 ), #532 ) ;
#797 = CARTESIAN_POINT ( 'NONE',  ( 44.06693124443984999, -14.66846903053595774, 0.000000000000000000 ) ) ;
#798 = DIRECTION ( 'NONE',  ( -0.000000000000000000, -0.000000000000000000, -1.000000000000000000 ) ) ;
#799 = VERTEX_POINT ( 'NONE', #653 ) ;
#800 = DIRECTION ( 'NONE',  ( 1.000000000000000000, 0.000000000000000000, 0.000000000000000000 ) ) ;
#801 = EDGE_CURVE ( 'NONE', #640, #370, #758, .T. ) ;
#802 = DIRECTION ( 'NONE',  ( -0.000000000000000000, -0.000000000000000000, -1.000000000000000000 ) ) ;
#803 = SURFACE_SIDE_STYLE ('',( #417 ) ) ;
#804 = EDGE_CURVE ( 'NONE', #900, #648, #919, .T. ) ;
#805 = VERTEX_POINT ( 'NONE', #1391 ) ;
#806 = DIRECTION ( 'NONE',  ( 0.000000000000000000, 0.000000000000000000, -1.000000000000000000 ) ) ;
#807 = ADVANCED_BREP_SHAPE_REPRESENTATION ( '', ( #1097, #659 ), #1560 ) ;
#808 = ADVANCED_FACE ( 'NONE', ( #1381 ), #563, .T. ) ;
#809 = LINE ( 'NONE', #826, #48 ) ;
#810 = CARTESIAN_POINT ( 'NONE',  ( 57.00000000000000000, 99.42055880011406543, 34.38318389962927313 ) ) ;
#811 = DIRECTION ( 'NONE',  ( 0.000000000000000000, 0.000000000000000000, 1.000000000000000000 ) ) ;
#812 = CLOSED_SHELL ( 'NONE', ( #1253, #824, #536, #213, #515, #674, #961, #931, #938, #1490, #1034, #359, #1354, #489, #1510, #941, #770, #170, #773, #320, #542, #561, #136 ) ) ;
#813 = VECTOR ( 'NONE', #1178, 1000.000000000000000 ) ;
#814 = CARTESIAN_POINT ( 'NONE',  ( 55.66666666666667140, 24.42055880011406543, 32.38318389962927313 ) ) ;
#815 = EDGE_CURVE ( 'NONE', #860, #886, #1281, .T. ) ;
#816 = AXIS2_PLACEMENT_3D ( 'NONE', #61, #1378, #1143 ) ;
#817 = CIRCLE ( 'NONE', #1165, 7.275000000000003908 ) ;
#818 = AXIS2_PLACEMENT_3D ( 'NONE', #446, #1286, #440 ) ;
#819 = DIRECTION ( 'NONE',  ( 1.000000000000000000, 0.000000000000000000, 0.000000000000000000 ) ) ;
#820 = DIRECTION ( 'NONE',  ( -0.000000000000000000, -0.000000000000000000, 1.000000000000000000 ) ) ;
#821 = DIRECTION ( 'NONE',  ( 1.000000000000000000, 0.000000000000000000, -0.000000000000000000 ) ) ;
#822 = PLANE ( 'NONE',  #122 ) ;
#823 = ORIENTED_EDGE ( 'NONE', *, *, #120, .T. ) ;
#824 = ADVANCED_FACE ( 'NONE', ( #1397 ), #92, .F. ) ;
#825 = EDGE_CURVE ( 'NONE', #80, #10, #1524, .T. ) ;
#826 = CARTESIAN_POINT ( 'NONE',  ( 0.000000000000000000, 34.42055880011407254, 27.38318389962927313 ) ) ;
#827 = LINE ( 'NONE', #1021, #1007 ) ;
#828 = LINE ( 'NONE', #1056, #965 ) ;
#829 = DIRECTION ( 'NONE',  ( -0.000000000000000000, -0.000000000000000000, -1.000000000000000000 ) ) ;
#830 = EDGE_CURVE ( 'NONE', #1218, #926, #1278, .T. ) ;
#831 = DIRECTION ( 'NONE',  ( 0.000000000000000000, 0.000000000000000000, -1.000000000000000000 ) ) ;
#832 = ORIENTED_EDGE ( 'NONE', *, *, #1239, .F. ) ;
#833 = DIRECTION ( 'NONE',  ( -1.000000000000000000, 0.000000000000000000, 0.000000000000000000 ) ) ;
#834 = DIRECTION ( 'NONE',  ( -1.000000000000000000, 0.000000000000000000, 0.000000000000000000 ) ) ;
#835 = FACE_BOUND ( 'NONE', #527, .T. ) ;
#836 = CARTESIAN_POINT ( 'NONE',  ( -55.00000000000000000, 80.00000000000000000, 70.00000000000000000 ) ) ;
#837 = ORIENTED_EDGE ( 'NONE', *, *, #1487, .F. ) ;
#838 = PRESENTATION_LAYER_ASSIGNMENT (  '', '', ( #888 ) ) ;
#839 = ORIENTED_EDGE ( 'NONE', *, *, #896, .T. ) ;
#840 = AXIS2_PLACEMENT_3D ( 'NONE', #850, #834, #603 ) ;
#841 = DIRECTION ( 'NONE',  ( -0.000000000000000000, -0.000000000000000000, 1.000000000000000000 ) ) ;
#842 = PLANE ( 'NONE',  #1459 ) ;
#843 = CARTESIAN_POINT ( 'NONE',  ( 0.000000000000000000, 24.42055880011406543, 31.79186905136780794 ) ) ;
#844 = FACE_OUTER_BOUND ( 'NONE', #146, .T. ) ;
#845 = EDGE_LOOP ( 'NONE', ( #343, #279, #206, #1200, #1228, #1343, #389, #870 ) ) ;
#846 = EDGE_CURVE ( 'NONE', #1218, #1134, #940, .T. ) ;
#847 = EDGE_CURVE ( 'NONE', #764, #886, #1052, .T. ) ;
#848 = DIRECTION ( 'NONE',  ( 0.000000000000000000, 0.000000000000000000, -1.000000000000000000 ) ) ;
#849 =( NAMED_UNIT ( * ) PLANE_ANGLE_UNIT ( ) SI_UNIT ( $, .RADIAN. ) );
#850 = CARTESIAN_POINT ( 'NONE',  ( 57.00000000000000000, 99.42055880011406543, 34.38318389962927313 ) ) ;
#851 = CARTESIAN_POINT ( 'NONE',  ( 55.00000000000000000, -0.5794411998859397839, 26.53318389962927171 ) ) ;
#852 = CARTESIAN_POINT ( 'NONE',  ( 110.0000000000000000, 24.42055880011406543, 31.79186905136780794 ) ) ;
#853 = ORIENTED_EDGE ( 'NONE', *, *, #200, .T. ) ;
#854 = CARTESIAN_POINT ( 'NONE',  ( 0.000000000000000000, 0.000000000000000000, 38.38318389962927313 ) ) ;
#855 =( NAMED_UNIT ( * ) SI_UNIT ( $, .STERADIAN. ) SOLID_ANGLE_UNIT ( ) );
#856 = CARTESIAN_POINT ( 'NONE',  ( 110.0000000000000000, 28.96751757111623604, 7.383183899629272240 ) ) ;
#857 = DIRECTION ( 'NONE',  ( 1.000000000000000000, 0.000000000000000000, 0.000000000000000000 ) ) ;
#858 = PLANE ( 'NONE',  #1409 ) ;
#859 = ORIENTED_EDGE ( 'NONE', *, *, #1125, .F. ) ;
#860 = VERTEX_POINT ( 'NONE', #1272 ) ;
#861 = VECTOR ( 'NONE', #957, 1000.000000000000000 ) ;
#862 =( LENGTH_UNIT ( ) NAMED_UNIT ( * ) SI_UNIT ( .MILLI., .METRE. ) );
#863 = AXIS2_PLACEMENT_3D ( 'NONE', #1464, #376, #1477 ) ;
#864 = DIRECTION ( 'NONE',  ( -0.000000000000000000, -0.000000000000000000, 1.000000000000000000 ) ) ;
#865 = CYLINDRICAL_SURFACE ( 'NONE', #574, 3.299999999999990496 ) ;
#866 = CARTESIAN_POINT ( 'NONE',  ( 53.00000000000000000, 24.42055880011406543, 27.38318389962927313 ) ) ;
#867 = FACE_OUTER_BOUND ( 'NONE', #463, .T. ) ;
#868 = ORIENTED_EDGE ( 'NONE', *, *, #1076, .T. ) ;
#869 = ORIENTED_EDGE ( 'NONE', *, *, #896, .F. ) ;
#870 = ORIENTED_EDGE ( 'NONE', *, *, #1414, .F. ) ;
#871 = ORIENTED_EDGE ( 'NONE', *, *, #395, .T. ) ;
#872 = EDGE_CURVE ( 'NONE', #108, #1455, #171, .T. ) ;
#873 = DIRECTION ( 'NONE',  ( 0.000000000000000000, 1.000000000000000000, 0.000000000000000000 ) ) ;
#874 = DIRECTION ( 'NONE',  ( 1.000000000000000000, 0.000000000000000000, 0.000000000000000000 ) ) ;
#875 = CARTESIAN_POINT ( 'NONE',  ( 47.36693124443983294, 72.32370147000511906, 65.85000000000000853 ) ) ;
#876 = CARTESIAN_POINT ( 'NONE',  ( -47.57065998097503723, 72.32370147000511906, 0.000000000000000000 ) ) ;
#877 = ORIENTED_EDGE ( 'NONE', *, *, #91, .F. ) ;
#878 = ORIENTED_EDGE ( 'NONE', *, *, #202, .F. ) ;
#879 = ORIENTED_EDGE ( 'NONE', *, *, #1554, .F. ) ;
#880 = ORIENTED_EDGE ( 'NONE', *, *, #385, .F. ) ;
#881 = APPLICATION_PROTOCOL_DEFINITION ( 'draft international standard', 'automotive_design', 1998, #1181 ) ;
#882 = CARTESIAN_POINT ( 'NONE',  ( 47.36693124443983294, 72.32370147000511906, 0.000000000000000000 ) ) ;
#883 = ORIENTED_EDGE ( 'NONE', *, *, #334, .T. ) ;
#884 = ORIENTED_EDGE ( 'NONE', *, *, #1283, .F. ) ;
#885 = ORIENTED_EDGE ( 'NONE', *, *, #985, .T. ) ;
#886 = VERTEX_POINT ( 'NONE', #1403 ) ;
#887 = CARTESIAN_POINT ( 'NONE',  ( 54.64193124443983152, -14.66846903053595774, 70.00000000000000000 ) ) ;
#888 = STYLED_ITEM ( 'NONE', ( #1365 ), #611 ) ;
#889 = VECTOR ( 'NONE', #259, 1000.000000000000000 ) ;
#890 = DIRECTION ( 'NONE',  ( -0.000000000000000000, -0.000000000000000000, 1.000000000000000000 ) ) ;
#891 = VECTOR ( 'NONE', #1150, 1000.000000000000000 ) ;
#892 = ORIENTED_EDGE ( 'NONE', *, *, #1212, .F. ) ;
#893 = EDGE_CURVE ( 'NONE', #23, #648, #665, .T. ) ;
#894 = ORIENTED_EDGE ( 'NONE', *, *, #1476, .T. ) ;
#895 = VERTEX_POINT ( 'NONE', #1171 ) ;
#896 = EDGE_CURVE ( 'NONE', #805, #1308, #501, .T. ) ;
#897 = DIRECTION ( 'NONE',  ( 0.000000000000000000, -1.000000000000000000, 0.000000000000000000 ) ) ;
#898 =( NAMED_UNIT ( * ) PLANE_ANGLE_UNIT ( ) SI_UNIT ( $, .RADIAN. ) );
#899 = VERTEX_POINT ( 'NONE', #572 ) ;
#900 = VERTEX_POINT ( 'NONE', #679 ) ;
#901 = VERTEX_POINT ( 'NONE', #549 ) ;
#902 = FACE_OUTER_BOUND ( 'NONE', #274, .T. ) ;
#903 = DIRECTION ( 'NONE',  ( -0.000000000000000000, 1.000000000000000000, 0.000000000000000000 ) ) ;
#904 = EDGE_CURVE ( 'NONE', #1075, #895, #199, .T. ) ;
#905 = CARTESIAN_POINT ( 'NONE',  ( 110.0000000000000000, 21.69227618041695393, 11.86962500329385151 ) ) ;
#906 = DIRECTION ( 'NONE',  ( -1.000000000000000000, 0.000000000000000000, -0.000000000000000000 ) ) ;
#907 = ORIENTED_EDGE ( 'NONE', *, *, #116, .F. ) ;
#908 = DIRECTION ( 'NONE',  ( -1.000000000000000000, -0.000000000000000000, -0.000000000000000000 ) ) ;
#909 = CARTESIAN_POINT ( 'NONE',  ( 47.36693124443983294, -14.66846903053595774, 70.00000000000000000 ) ) ;
#910 = CARTESIAN_POINT ( 'NONE',  ( -55.00000000000000000, -45.00000000000001421, 38.00000000000000000 ) ) ;
#911 = CIRCLE ( 'NONE', #215, 7.274999999999996803 ) ;
#912 = CARTESIAN_POINT ( 'NONE',  ( 47.72500000000000142, -0.5794411998859397839, 22.38318389962926958 ) ) ;
#913 = CARTESIAN_POINT ( 'NONE',  ( -47.57065998097503723, 72.32370147000511906, 65.85000000000000853 ) ) ;
#914 = PRODUCT ( '\X2\96f64ef6\X0\1', '\X2\96f64ef6\X0\1', '', ( #1259 ) ) ;
#915 = EDGE_CURVE ( 'NONE', #1000, #263, #319, .T. ) ;
#916 = CARTESIAN_POINT ( 'NONE',  ( 57.00000000000000000, 2.045439749795401774, 31.79186905136780794 ) ) ;
#917 = ORIENTED_EDGE ( 'NONE', *, *, #474, .F. ) ;
#918 = STYLED_ITEM ( 'NONE', ( #67 ), #1097 ) ;
#919 = LINE ( 'NONE', #1175, #216 ) ;
#920 = AXIS2_PLACEMENT_3D ( 'NONE', #282, #772, #1254 ) ;
#921 = EDGE_LOOP ( 'NONE', ( #1235, #823, #18, #436, #892, #677, #4 ) ) ;
#922 = EDGE_CURVE ( 'NONE', #1518, #1348, #29, .T. ) ;
#923 = DIRECTION ( 'NONE',  ( 0.000000000000000000, 0.000000000000000000, -1.000000000000000000 ) ) ;
#924 = CARTESIAN_POINT ( 'NONE',  ( 57.00000000000000000, 99.42055880011406543, 31.79186905136780794 ) ) ;
#925 = CARTESIAN_POINT ( 'NONE',  ( 110.0000000000000000, 21.69227618041695393, 11.86962500329385151 ) ) ;
#926 = VERTEX_POINT ( 'NONE', #1042 ) ;
#927 = CARTESIAN_POINT ( 'NONE',  ( 55.00000000000000000, 80.00000000000000000, 70.00000000000000000 ) ) ;
#928 = CARTESIAN_POINT ( 'NONE',  ( 57.00000000000000000, -10.57944119988593634, 38.38318389962927313 ) ) ;
#929 = CARTESIAN_POINT ( 'NONE',  ( 44.06693124443984289, 72.32370147000511906, 70.00000000000000000 ) ) ;
#930 = LINE ( 'NONE', #333, #530 ) ;
#931 = ADVANCED_FACE ( 'NONE', ( #1513 ), #437, .T. ) ;
#932 = EDGE_LOOP ( 'NONE', ( #255, #47, #280, #993 ) ) ;
#933 = DIRECTION ( 'NONE',  ( -0.000000000000000000, -1.000000000000000000, -0.000000000000000000 ) ) ;
#934 = DIRECTION ( 'NONE',  ( -1.000000000000000000, 0.000000000000000000, 0.000000000000000000 ) ) ;
#935 = LINE ( 'NONE', #284, #1288 ) ;
#936 = CARTESIAN_POINT ( 'NONE',  ( 110.0000000000000000, -10.57944119988593634, 22.38318389962926958 ) ) ;
#937 = CIRCLE ( 'NONE', #1453, 3.299999999999997158 ) ;
#938 = ADVANCED_FACE ( 'NONE', ( #568 ), #822, .F. ) ;
#939 = VECTOR ( 'NONE', #1507, 1000.000000000000000 ) ;
#940 = LINE ( 'NONE', #71, #1506 ) ;
#941 = ADVANCED_FACE ( 'NONE', ( #1328, #244 ), #608, .F. ) ;
#942 = ORIENTED_EDGE ( 'NONE', *, *, #1132, .T. ) ;
#943 = VECTOR ( 'NONE', #134, 1000.000000000000000 ) ;
#944 = VECTOR ( 'NONE', #1080, 1000.000000000000000 ) ;
#945 = PRODUCT_DEFINITION_FORMATION_WITH_SPECIFIED_SOURCE ( 'ä»', '', #1023, .NOT_KNOWN. ) ;
#946 = PLANE ( 'NONE',  #21 ) ;
#947 = FACE_OUTER_BOUND ( 'NONE', #154, .T. ) ;
#948 = FACE_OUTER_BOUND ( 'NONE', #1356, .T. ) ;
#949 = DIRECTION ( 'NONE',  ( 1.000000000000000000, 0.000000000000000000, 0.000000000000000000 ) ) ;
#950 = ORIENTED_EDGE ( 'NONE', *, *, #1463, .T. ) ;
#951 = LINE ( 'NONE', #866, #600 ) ;
#952 = DIRECTION ( 'NONE',  ( -0.000000000000000000, -0.000000000000000000, 1.000000000000000000 ) ) ;
#953 = PLANE ( 'NONE',  #191 ) ;
#954 = EDGE_CURVE ( 'NONE', #411, #481, #1541, .T. ) ;
#955 = LINE ( 'NONE', #1307, #49 ) ;
#956 = ORIENTED_EDGE ( 'NONE', *, *, #847, .T. ) ;
#957 = DIRECTION ( 'NONE',  ( -0.000000000000000000, -0.000000000000000000, 1.000000000000000000 ) ) ;
#958 = FACE_OUTER_BOUND ( 'NONE', #318, .T. ) ;
#959 = LINE ( 'NONE', #1057, #428 ) ;
#960 = CARTESIAN_POINT ( 'NONE',  ( -55.00000000000000000, -80.00000000000001421, 38.00000000000000000 ) ) ;
#961 = ADVANCED_FACE ( 'NONE', ( #844 ), #858, .F. ) ;
#962 = VERTEX_POINT ( 'NONE', #340 ) ;
#963 = CIRCLE ( 'NONE', #1555, 7.274999999999996803 ) ;
#964 = VECTOR ( 'NONE', #806, 1000.000000000000000 ) ;
#965 = VECTOR ( 'NONE', #1173, 1000.000000000000000 ) ;
#966 = PLANE ( 'NONE',  #575 ) ;
#967 = ADVANCED_FACE ( 'NONE', ( #1199 ), #131, .F. ) ;
#968 = CARTESIAN_POINT ( 'NONE',  ( -54.84565998097504291, 72.32370147000511906, 70.00000000000000000 ) ) ;
#969 = CYLINDRICAL_SURFACE ( 'NONE', #196, 7.275000000000003908 ) ;
#970 = CARTESIAN_POINT ( 'NONE',  ( -50.87065998097502018, 72.32370147000511906, 0.000000000000000000 ) ) ;
#971 = ORIENTED_EDGE ( 'NONE', *, *, #1264, .F. ) ;
#972 = ORIENTED_EDGE ( 'NONE', *, *, #1392, .T. ) ;
#973 = CARTESIAN_POINT ( 'NONE',  ( 58.30000000000001137, -0.5794411998859393398, 26.53318389962927171 ) ) ;
#974 =( NAMED_UNIT ( * ) PLANE_ANGLE_UNIT ( ) SI_UNIT ( $, .RADIAN. ) );
#975 = CARTESIAN_POINT ( 'NONE',  ( 110.0000000000000000, 99.42055880011406543, 31.79186905136780794 ) ) ;
#976 = CARTESIAN_POINT ( 'NONE',  ( -55.00000000000000000, -45.00000000000001421, 70.00000000000000000 ) ) ;
#977 = EDGE_CURVE ( 'NONE', #901, #899, #1059, .T. ) ;
#978 = DIRECTION ( 'NONE',  ( 0.000000000000000000, -4.956352788505164254E-16, -1.000000000000000000 ) ) ;
#979 = EDGE_LOOP ( 'NONE', ( #313, #1005, #1104, #414 ) ) ;
#980 = DIRECTION ( 'NONE',  ( 0.000000000000000000, 0.000000000000000000, 1.000000000000000000 ) ) ;
#981 = FACE_OUTER_BOUND ( 'NONE', #1236, .T. ) ;
#982 = DIRECTION ( 'NONE',  ( -0.000000000000000000, -0.000000000000000000, 1.000000000000000000 ) ) ;
#983 = CARTESIAN_POINT ( 'NONE',  ( 55.00000000000000000, -0.5794411998859397839, 31.79186905136780794 ) ) ;
#984 = VERTEX_POINT ( 'NONE', #1206 ) ;
#985 = EDGE_CURVE ( 'NONE', #1094, #1220, #1011, .T. ) ;
#986 = ORIENTED_EDGE ( 'NONE', *, *, #1420, .T. ) ;
#987 = ORIENTED_EDGE ( 'NONE', *, *, #72, .T. ) ;
#988 = CIRCLE ( 'NONE', #296, 7.274999999999996803 ) ;
#989 = VECTOR ( 'NONE', #114, 1000.000000000000000 ) ;
#990 = DIRECTION ( 'NONE',  ( -0.000000000000000000, -0.000000000000000000, 1.000000000000000000 ) ) ;
#991 = LINE ( 'NONE', #358, #782 ) ;
#992 = CIRCLE ( 'NONE', #245, 7.274999999999996803 ) ;
#993 = ORIENTED_EDGE ( 'NONE', *, *, #91, .T. ) ;
#994 = ORIENTED_EDGE ( 'NONE', *, *, #398, .T. ) ;
#995 = VERTEX_POINT ( 'NONE', #970 ) ;
#996 = ORIENTED_EDGE ( 'NONE', *, *, #1051, .T. ) ;
#997 = DIRECTION ( 'NONE',  ( 0.000000000000000000, -1.000000000000000000, 0.000000000000000000 ) ) ;
#998 = VERTEX_POINT ( 'NONE', #1184 ) ;
#999 = ORIENTED_EDGE ( 'NONE', *, *, #77, .T. ) ;
#1000 = VERTEX_POINT ( 'NONE', #960 ) ;
#1001 = ORIENTED_EDGE ( 'NONE', *, *, #1148, .T. ) ;
#1002 = PLANE ( 'NONE',  #605 ) ;
#1003 = EDGE_CURVE ( 'NONE', #1220, #1094, #729, .T. ) ;
#1004 = ORIENTED_EDGE ( 'NONE', *, *, #1367, .F. ) ;
#1005 = ORIENTED_EDGE ( 'NONE', *, *, #1168, .F. ) ;
#1006 = VERTEX_POINT ( 'NONE', #462 ) ;
#1007 = VECTOR ( 'NONE', #1179, 1000.000000000000000 ) ;
#1008 = SHAPE_DEFINITION_REPRESENTATION ( #785, #236 ) ;
#1009 = FACE_OUTER_BOUND ( 'NONE', #845, .T. ) ;
#1010 = CIRCLE ( 'NONE', #323, 3.300000000000004263 ) ;
#1011 = CIRCLE ( 'NONE', #1210, 7.274999999999996803 ) ;
#1012 = VECTOR ( 'NONE', #316, 1000.000000000000000 ) ;
#1013 = CARTESIAN_POINT ( 'NONE',  ( 0.000000000000000000, 34.42055880011407254, 27.38318389962927313 ) ) ;
#1014 = CIRCLE ( 'NONE', #1364, 3.299999999999997158 ) ;
#1015 = ORIENTED_EDGE ( 'NONE', *, *, #872, .F. ) ;
#1016 = ORIENTED_EDGE ( 'NONE', *, *, #736, .T. ) ;
#1017 = EDGE_LOOP ( 'NONE', ( #380, #878, #1030, #641 ) ) ;
#1018 = CONTEXT_DEPENDENT_SHAPE_REPRESENTATION ( #781, #298 ) ;
#1019 = CYLINDRICAL_SURFACE ( 'NONE', #658, 3.299999999999990496 ) ;
#1020 = CYLINDRICAL_SURFACE ( 'NONE', #602, 7.275000000000003908 ) ;
#1021 = CARTESIAN_POINT ( 'NONE',  ( 110.0000000000000000, 24.42055880011406543, 22.38318389962926958 ) ) ;
#1022 = ORIENTED_EDGE ( 'NONE', *, *, #1132, .F. ) ;
#1023 = PRODUCT ( '\X2\96f64ef6\X0\4', '\X2\96f64ef6\X0\4', '', ( #50 ) ) ;
#1024 =( REPRESENTATION_RELATIONSHIP ('NONE','NONE', #1282, #796 ) REPRESENTATION_RELATIONSHIP_WITH_TRANSFORMATION ( #157 )SHAPE_REPRESENTATION_RELATIONSHIP( ) );
#1025 = FACE_BOUND ( 'NONE', #1369, .T. ) ;
#1026 = CARTESIAN_POINT ( 'NONE',  ( 110.0000000000000000, 34.42055880011407254, 27.38318389962927313 ) ) ;
#1027 = LINE ( 'NONE', #305, #681 ) ;
#1028 = FACE_OUTER_BOUND ( 'NONE', #238, .T. ) ;
#1029 = LINE ( 'NONE', #208, #891 ) ;
#1030 = ORIENTED_EDGE ( 'NONE', *, *, #1125, .T. ) ;
#1031 = CARTESIAN_POINT ( 'NONE',  ( 110.0000000000000000, 34.42055880011407254, 7.383183899629272240 ) ) ;
#1032 = EDGE_CURVE ( 'NONE', #1157, #1456, #955, .T. ) ;
#1033 = DIRECTION ( 'NONE',  ( -1.000000000000000000, 0.000000000000000000, 0.000000000000000000 ) ) ;
#1034 = ADVANCED_FACE ( 'NONE', ( #360 ), #1424, .T. ) ;
#1035 = AXIS2_PLACEMENT_3D ( 'NONE', #9, #30, #268 ) ;
#1036 = FILL_AREA_STYLE ('',( #180 ) ) ;
#1037 = FACE_OUTER_BOUND ( 'NONE', #258, .T. ) ;
#1038 = VECTOR ( 'NONE', #662, 1000.000000000000000 ) ;
#1039 = CARTESIAN_POINT ( 'NONE',  ( -55.00000000000000000, 80.00000000000000000, 0.000000000000000000 ) ) ;
#1040 = ORIENTED_EDGE ( 'NONE', *, *, #1051, .F. ) ;
#1041 = VECTOR ( 'NONE', #795, 1000.000000000000000 ) ;
#1042 = CARTESIAN_POINT ( 'NONE',  ( 57.00000000000000000, -10.57944119988593634, 31.79186905136780794 ) ) ;
#1043 = CARTESIAN_POINT ( 'NONE',  ( 47.36693124443983294, -14.66846903053595774, 65.85000000000000853 ) ) ;
#1044 = CARTESIAN_POINT ( 'NONE',  ( 0.000000000000000000, 21.69227618041695393, 11.86962500329385151 ) ) ;
#1045 = DIRECTION ( 'NONE',  ( 1.000000000000000000, 0.000000000000000000, 0.000000000000000000 ) ) ;
#1046 = ORIENTED_EDGE ( 'NONE', *, *, #486, .T. ) ;
#1047 = CARTESIAN_POINT ( 'NONE',  ( 0.000000000000000000, 24.42055880011406543, 27.38318389962927313 ) ) ;
#1048 = CARTESIAN_POINT ( 'NONE',  ( 55.00000000000000000, -0.5794411998859397839, 26.53318389962927171 ) ) ;
#1049 = DIRECTION ( 'NONE',  ( 0.000000000000000000, 0.000000000000000000, -1.000000000000000000 ) ) ;
#1050 = EDGE_CURVE ( 'NONE', #93, #635, #456, .T. ) ;
#1051 = EDGE_CURVE ( 'NONE', #32, #12, #576, .T. ) ;
#1052 = LINE ( 'NONE', #1504, #1530 ) ;
#1053 = APPLICATION_CONTEXT ( 'automotive_design' ) ;
#1054 = ORIENTED_EDGE ( 'NONE', *, *, #815, .F. ) ;
#1055 = CARTESIAN_POINT ( 'NONE',  ( -55.00000000000000000, -45.00000000000001421, 38.00000000000000000 ) ) ;
#1056 = CARTESIAN_POINT ( 'NONE',  ( 110.0000000000000000, 24.42055880011406543, 27.38318389962927313 ) ) ;
#1057 = CARTESIAN_POINT ( 'NONE',  ( 53.00000000000000000, 99.42055880011406543, 34.38318389962927313 ) ) ;
#1058 = VECTOR ( 'NONE', #794, 1000.000000000000000 ) ;
#1059 = LINE ( 'NONE', #583, #404 ) ;
#1060 = ORIENTED_EDGE ( 'NONE', *, *, #1401, .F. ) ;
#1061 = AXIS2_PLACEMENT_3D ( 'NONE', #1093, #351, #479 ) ;
#1062 = AXIS2_PLACEMENT_3D ( 'NONE', #639, #1130, #874 ) ;
#1063 = DIRECTION ( 'NONE',  ( 1.000000000000000000, 0.000000000000000000, 0.000000000000000000 ) ) ;
#1064 = EDGE_CURVE ( 'NONE', #1195, #901, #724, .T. ) ;
#1065 = CARTESIAN_POINT ( 'NONE',  ( 47.36693124443983294, 72.32370147000511906, 0.000000000000000000 ) ) ;
#1066 = CARTESIAN_POINT ( 'NONE',  ( 57.00000000000000000, -8.426848761341439342, 37.38318389962927313 ) ) ;
#1067 = CARTESIAN_POINT ( 'NONE',  ( 57.00000000000000000, -8.426848761341439342, 34.38318389962927313 ) ) ;
#1068 = CARTESIAN_POINT ( 'NONE',  ( -47.57065998097503723, 72.32370147000511906, 65.85000000000000853 ) ) ;
#1069 = ORIENTED_EDGE ( 'NONE', *, *, #77, .F. ) ;
#1070 = CARTESIAN_POINT ( 'NONE',  ( -44.27065998097504007, 72.32370147000511906, 65.85000000000000853 ) ) ;
#1071 = DIRECTION ( 'NONE',  ( 1.000000000000000000, 0.000000000000000000, 0.000000000000000000 ) ) ;
#1072 = EDGE_CURVE ( 'NONE', #1176, #764, #716, .T. ) ;
#1073 = FACE_OUTER_BOUND ( 'NONE', #1017, .T. ) ;
#1074 = LINE ( 'NONE', #470, #989 ) ;
#1075 = VERTEX_POINT ( 'NONE', #1081 ) ;
#1076 = EDGE_CURVE ( 'NONE', #998, #1086, #1074, .T. ) ;
#1077 = CARTESIAN_POINT ( 'NONE',  ( 55.00000000000000000, -0.5794411998859397839, 22.38318389962926958 ) ) ;
#1078 = LINE ( 'NONE', #1561, #1118 ) ;
#1079 = PLANE ( 'NONE',  #99 ) ;
#1080 = DIRECTION ( 'NONE',  ( 0.000000000000000000, 1.000000000000000000, 0.000000000000000000 ) ) ;
#1081 = CARTESIAN_POINT ( 'NONE',  ( 110.0000000000000000, 34.42055880011407254, 7.383183899629272240 ) ) ;
#1082 = VECTOR ( 'NONE', #435, 1000.000000000000000 ) ;
#1083 = ORIENTED_EDGE ( 'NONE', *, *, #985, .F. ) ;
#1084 = CIRCLE ( 'NONE', #299, 3.300000000000004263 ) ;
#1085 = VECTOR ( 'NONE', #692, 1000.000000000000000 ) ;
#1086 = VERTEX_POINT ( 'NONE', #596 ) ;
#1087 = VECTOR ( 'NONE', #676, 1000.000000000000000 ) ;
#1088 = AXIS2_PLACEMENT_3D ( 'NONE', #1065, #1495, #419 ) ;
#1089 = FACE_OUTER_BOUND ( 'NONE', #488, .T. ) ;
#1090 = EDGE_CURVE ( 'NONE', #1518, #93, #1557, .T. ) ;
#1091 = DIRECTION ( 'NONE',  ( -0.000000000000000000, -0.000000000000000000, -1.000000000000000000 ) ) ;
#1092 = FACE_OUTER_BOUND ( 'NONE', #295, .T. ) ;
#1093 = CARTESIAN_POINT ( 'NONE',  ( -47.57065998097503723, 72.32370147000511906, 65.85000000000000853 ) ) ;
#1094 = VERTEX_POINT ( 'NONE', #1446 ) ;
#1095 = ORIENTED_EDGE ( 'NONE', *, *, #830, .F. ) ;
#1096 = DIRECTION ( 'NONE',  ( 1.000000000000000000, 0.000000000000000000, 0.000000000000000000 ) ) ;
#1097 = MANIFOLD_SOLID_BREP ( 'M6 \X2\516d89d2593487ba9489768467f15f626c8959345b54\X0\1', #812 ) ;
#1098 = CARTESIAN_POINT ( 'NONE',  ( -55.00000000000000000, -80.00000000000001421, 0.000000000000000000 ) ) ;
#1099 = CARTESIAN_POINT ( 'NONE',  ( 47.36693124443983294, 72.32370147000511906, 70.00000000000000000 ) ) ;
#1100 = EDGE_CURVE ( 'NONE', #257, #1366, #992, .T. ) ;
#1101 = ADVANCED_FACE ( 'NONE', ( #560 ), #1521, .T. ) ;
#1102 = PLANE ( 'NONE',  #1183 ) ;
#1103 = VERTEX_POINT ( 'NONE', #1266 ) ;
#1104 = ORIENTED_EDGE ( 'NONE', *, *, #607, .T. ) ;
#1105 = ORIENTED_EDGE ( 'NONE', *, *, #736, .F. ) ;
#1106 = DIRECTION ( 'NONE',  ( 0.000000000000000000, 0.000000000000000000, 1.000000000000000000 ) ) ;
#1107 = DIRECTION ( 'NONE',  ( -0.000000000000000000, -0.000000000000000000, 1.000000000000000000 ) ) ;
#1108 = DIRECTION ( 'NONE',  ( -0.000000000000000000, -0.000000000000000000, 1.000000000000000000 ) ) ;
#1109 = DIRECTION ( 'NONE',  ( 0.000000000000000000, 1.000000000000000000, 0.000000000000000000 ) ) ;
#1110 = ORIENTED_EDGE ( 'NONE', *, *, #1064, .F. ) ;
#1111 = VERTEX_POINT ( 'NONE', #311 ) ;
#1112 = ORIENTED_EDGE ( 'NONE', *, *, #82, .T. ) ;
#1113 = ORIENTED_EDGE ( 'NONE', *, *, #442, .F. ) ;
#1114 = VECTOR ( 'NONE', #1515, 1000.000000000000000 ) ;
#1115 = MECHANICAL_DESIGN_GEOMETRIC_PRESENTATION_REPRESENTATION (  '', ( #918 ), #378 ) ;
#1116 = DIRECTION ( 'NONE',  ( 0.000000000000000000, -0.000000000000000000, -1.000000000000000000 ) ) ;
#1117 = EDGE_CURVE ( 'NONE', #505, #926, #433, .T. ) ;
#1118 = VECTOR ( 'NONE', #873, 1000.000000000000000 ) ;
#1119 = ORIENTED_EDGE ( 'NONE', *, *, #1535, .F. ) ;
#1120 = ORIENTED_EDGE ( 'NONE', *, *, #893, .F. ) ;
#1121 = ORIENTED_EDGE ( 'NONE', *, *, #634, .F. ) ;
#1122 = ORIENTED_EDGE ( 'NONE', *, *, #1090, .F. ) ;
#1123 = LINE ( 'NONE', #856, #889 ) ;
#1124 = EDGE_CURVE ( 'NONE', #271, #161, #545, .T. ) ;
#1125 = EDGE_CURVE ( 'NONE', #506, #799, #652, .T. ) ;
#1126 = CARTESIAN_POINT ( 'NONE',  ( 110.0000000000000000, 24.42055880011406543, 31.79186905136780794 ) ) ;
#1127 = VERTEX_POINT ( 'NONE', #1394 ) ;
#1128 = ORIENTED_EDGE ( 'NONE', *, *, #1212, .T. ) ;
#1129 = ORIENTED_EDGE ( 'NONE', *, *, #202, .T. ) ;
#1130 = DIRECTION ( 'NONE',  ( -0.000000000000000000, -0.000000000000000000, 1.000000000000000000 ) ) ;
#1131 = DIRECTION ( 'NONE',  ( -1.000000000000000000, 0.000000000000000000, -0.000000000000000000 ) ) ;
#1132 = EDGE_CURVE ( 'NONE', #23, #352, #1027, .T. ) ;
#1133 = ORIENTED_EDGE ( 'NONE', *, *, #486, .F. ) ;
#1134 = VERTEX_POINT ( 'NONE', #60 ) ;
#1135 = ORIENTED_EDGE ( 'NONE', *, *, #651, .T. ) ;
#1136 = VECTOR ( 'NONE', #1170, 1000.000000000000000 ) ;
#1137 = DIRECTION ( 'NONE',  ( -0.000000000000000000, -0.000000000000000000, -1.000000000000000000 ) ) ;
#1138 = AXIS2_PLACEMENT_3D ( 'NONE', #1055, #1273, #179 ) ;
#1139 = EDGE_CURVE ( 'NONE', #441, #1227, #405, .T. ) ;
#1140 = AXIS2_PLACEMENT_3D ( 'NONE', #913, #166, #1388 ) ;
#1141 = DIRECTION ( 'NONE',  ( 0.000000000000000000, 4.956352788505164254E-16, 1.000000000000000000 ) ) ;
#1142 = VECTOR ( 'NONE', #1137, 1000.000000000000000 ) ;
#1143 = DIRECTION ( 'NONE',  ( 1.000000000000000000, 0.000000000000000000, 0.000000000000000000 ) ) ;
#1144 = CIRCLE ( 'NONE', #818, 3.299999999999997158 ) ;
#1145 = CARTESIAN_POINT ( 'NONE',  ( 0.000000000000000000, 24.42055880011406543, 22.38318389962926958 ) ) ;
#1146 = ORIENTED_EDGE ( 'NONE', *, *, #112, .T. ) ;
#1147 = LINE ( 'NONE', #522, #1387 ) ;
#1148 = EDGE_CURVE ( 'NONE', #1536, #637, #1492, .T. ) ;
#1149 = LINE ( 'NONE', #1275, #1038 ) ;
#1150 = DIRECTION ( 'NONE',  ( 0.000000000000000000, 0.000000000000000000, 1.000000000000000000 ) ) ;
#1151 = ORIENTED_EDGE ( 'NONE', *, *, #1441, .F. ) ;
#1152 = CARTESIAN_POINT ( 'NONE',  ( -47.57065998097503723, 72.32370147000511906, 70.00000000000000000 ) ) ;
#1153 = PRODUCT ( '\X2\88c5914d4f53\X0\2', '\X2\88c5914d4f53\X0\2', '', ( #390 ) ) ;
#1154 = EDGE_CURVE ( 'NONE', #188, #1558, #165, .T. ) ;
#1155 = CARTESIAN_POINT ( 'NONE',  ( -55.00000000000000000, -80.00000000000001421, 38.00000000000000000 ) ) ;
#1156 = CARTESIAN_POINT ( 'NONE',  ( 110.0000000000000000, 24.42055880011406543, 22.38318389962926958 ) ) ;
#1157 = VERTEX_POINT ( 'NONE', #774 ) ;
#1158 = EDGE_LOOP ( 'NONE', ( #162, #1015 ) ) ;
#1159 = DIRECTION ( 'NONE',  ( 1.000000000000000000, 0.000000000000000000, 0.000000000000000000 ) ) ;
#1160 = PLANE ( 'NONE',  #1138 ) ;
#1161 = AXIS2_PLACEMENT_3D ( 'NONE', #854, #1421, #1202 ) ;
#1162 = CARTESIAN_POINT ( 'NONE',  ( 0.000000000000000000, 24.42055880011406543, 22.38318389962926958 ) ) ;
#1163 = VECTOR ( 'NONE', #175, 1000.000000000000000 ) ;
#1164 = ORIENTED_EDGE ( 'NONE', *, *, #190, .F. ) ;
#1165 = AXIS2_PLACEMENT_3D ( 'NONE', #613, #864, #497 ) ;
#1166 = CARTESIAN_POINT ( 'NONE',  ( 57.00000000000000000, 24.40776930068376060, 32.38317245979879289 ) ) ;
#1167 = DIRECTION ( 'NONE',  ( 1.000000000000000000, 0.000000000000000000, 0.000000000000000000 ) ) ;
#1168 = EDGE_CURVE ( 'NONE', #1103, #1396, #439, .T. ) ;
#1169 = PLANE ( 'NONE',  #325 ) ;
#1170 = DIRECTION ( 'NONE',  ( -0.000000000000000000, -0.000000000000000000, -1.000000000000000000 ) ) ;
#1171 = CARTESIAN_POINT ( 'NONE',  ( 110.0000000000000000, 28.96751757111623604, 7.383183899629272240 ) ) ;
#1172 = LINE ( 'NONE', #928, #1058 ) ;
#1173 = DIRECTION ( 'NONE',  ( -1.000000000000000000, -0.000000000000000000, -0.000000000000000000 ) ) ;
#1174 = LINE ( 'NONE', #461, #1136 ) ;
#1175 = CARTESIAN_POINT ( 'NONE',  ( 110.0000000000000000, 34.42055880011407254, 27.38318389962927313 ) ) ;
#1176 = VERTEX_POINT ( 'NONE', #685 ) ;
#1177 = ADVANCED_FACE ( 'NONE', ( #535 ), #1169, .T. ) ;
#1178 = DIRECTION ( 'NONE',  ( -0.000000000000000000, -1.000000000000000000, -0.000000000000000000 ) ) ;
#1179 = DIRECTION ( 'NONE',  ( -1.000000000000000000, -0.000000000000000000, -0.000000000000000000 ) ) ;
#1180 = DIRECTION ( 'NONE',  ( -0.000000000000000000, -0.000000000000000000, 1.000000000000000000 ) ) ;
#1181 = APPLICATION_CONTEXT ( 'automotive_design' ) ;
#1182 = CARTESIAN_POINT ( 'NONE',  ( 62.27499999999999858, -0.5794411998859388957, 22.38318389962926958 ) ) ;
#1183 = AXIS2_PLACEMENT_3D ( 'NONE', #285, #615, #1131 ) ;
#1184 = CARTESIAN_POINT ( 'NONE',  ( 50.66693124443981588, 72.32370147000511906, 0.000000000000000000 ) ) ;
#1185 = ORIENTED_EDGE ( 'NONE', *, *, #275, .T. ) ;
#1186 = VECTOR ( 'NONE', #978, 1000.000000000000000 ) ;
#1187 = VECTOR ( 'NONE', #793, 1000.000000000000000 ) ;
#1188 = EDGE_CURVE ( 'NONE', #637, #1111, #935, .T. ) ;
#1189 = PRODUCT_DEFINITION_FORMATION_WITH_SPECIFIED_SOURCE ( 'ä»', '', #1153, .NOT_KNOWN. ) ;
#1190 = DIRECTION ( 'NONE',  ( -0.000000000000000000, -0.000000000000000000, 1.000000000000000000 ) ) ;
#1191 = LINE ( 'NONE', #1204, #1240 ) ;
#1192 = PLANE ( 'NONE',  #453 ) ;
#1193 = EDGE_CURVE ( 'NONE', #1558, #1086, #149, .T. ) ;
#1194 = DIRECTION ( 'NONE',  ( -1.000000000000000000, 0.000000000000000000, 0.000000000000000000 ) ) ;
#1195 = VERTEX_POINT ( 'NONE', #89 ) ;
#1196 = CARTESIAN_POINT ( 'NONE',  ( 47.36693124443983294, -14.66846903053595774, 70.00000000000000000 ) ) ;
#1197 = DIRECTION ( 'NONE',  ( 0.000000000000000000, 0.000000000000000000, -1.000000000000000000 ) ) ;
#1198 = PLANE ( 'NONE',  #242 ) ;
#1199 = FACE_OUTER_BOUND ( 'NONE', #1426, .T. ) ;
#1200 = ORIENTED_EDGE ( 'NONE', *, *, #322, .F. ) ;
#1201 = EDGE_CURVE ( 'NONE', #222, #23, #828, .T. ) ;
#1202 = DIRECTION ( 'NONE',  ( -1.000000000000000000, 0.000000000000000000, -0.000000000000000000 ) ) ;
#1203 = DIRECTION ( 'NONE',  ( -6.982962677686266711E-15, 0.000000000000000000, -1.000000000000000000 ) ) ;
#1204 = CARTESIAN_POINT ( 'NONE',  ( 55.00000000000000000, -45.00000000000001421, 70.00000000000000000 ) ) ;
#1205 = DIRECTION ( 'NONE',  ( 1.000000000000000000, 0.000000000000000000, 0.000000000000000000 ) ) ;
#1206 = CARTESIAN_POINT ( 'NONE',  ( -44.27065998097505428, 72.32370147000511906, 0.000000000000000000 ) ) ;
#1207 = AXIS2_PLACEMENT_3D ( 'NONE', #1540, #708, #1517 ) ;
#1208 = VERTEX_POINT ( 'NONE', #1293 ) ;
#1209 = AXIS2_PLACEMENT_3D ( 'NONE', #1196, #344, #1537 ) ;
#1210 = AXIS2_PLACEMENT_3D ( 'NONE', #1068, #1301, #700 ) ;
#1211 = ORIENTED_EDGE ( 'NONE', *, *, #1064, .T. ) ;
#1212 = EDGE_CURVE ( 'NONE', #352, #271, #1528, .T. ) ;
#1213 = AXIS2_PLACEMENT_3D ( 'NONE', #241, #1216, #614 ) ;
#1214 = EDGE_CURVE ( 'NONE', #984, #640, #1422, .T. ) ;
#1215 = CARTESIAN_POINT ( 'NONE',  ( 0.000000000000000000, -45.00000000000001421, 0.000000000000000000 ) ) ;
#1216 = DIRECTION ( 'NONE',  ( -0.000000000000000000, -0.000000000000000000, 1.000000000000000000 ) ) ;
#1217 = CARTESIAN_POINT ( 'NONE',  ( 50.66693124443983010, -14.66846903053595774, 65.85000000000000853 ) ) ;
#1218 = VERTEX_POINT ( 'NONE', #1407 ) ;
#1219 = ORIENTED_EDGE ( 'NONE', *, *, #1469, .F. ) ;
#1220 = VERTEX_POINT ( 'NONE', #722 ) ;
#1221 = CARTESIAN_POINT ( 'NONE',  ( 44.06693124443983578, 72.32370147000511906, 65.85000000000000853 ) ) ;
#1222 = DIRECTION ( 'NONE',  ( -0.000000000000000000, -0.000000000000000000, -1.000000000000000000 ) ) ;
#1223 = DIRECTION ( 'NONE',  ( 0.000000000000000000, 0.000000000000000000, -1.000000000000000000 ) ) ;
#1224 = UNCERTAINTY_MEASURE_WITH_UNIT (LENGTH_MEASURE( 1.000000000000000082E-05 ), #783, 'distance_accuracy_value', 'NONE');
#1225 = CYLINDRICAL_SURFACE ( 'NONE', #657, 3.299999999999990496 ) ;
#1226 = VERTEX_POINT ( 'NONE', #1304 ) ;
#1227 = VERTEX_POINT ( 'NONE', #96 ) ;
#1228 = ORIENTED_EDGE ( 'NONE', *, *, #120, .F. ) ;
#1229 = ORIENTED_EDGE ( 'NONE', *, *, #801, .F. ) ;
#1230 = EDGE_CURVE ( 'NONE', #1157, #330, #1191, .T. ) ;
#1231 = CARTESIAN_POINT ( 'NONE',  ( 57.00000000000000000, -10.57944119988593634, 31.79186905136780794 ) ) ;
#1232 = DIRECTION ( 'NONE',  ( 1.000000000000000000, 0.000000000000000000, 0.000000000000000000 ) ) ;
#1233 = ORIENTED_EDGE ( 'NONE', *, *, #1500, .F. ) ;
#1234 = ORIENTED_EDGE ( 'NONE', *, *, #540, .T. ) ;
#1235 = ORIENTED_EDGE ( 'NONE', *, *, #847, .F. ) ;
#1236 = EDGE_LOOP ( 'NONE', ( #19, #1040, #837, #1440, #1480, #139, #396, #1352 ) ) ;
#1237 = VECTOR ( 'NONE', #683, 1000.000000000000000 ) ;
#1238 = VECTOR ( 'NONE', #1412, 1000.000000000000000 ) ;
#1239 = EDGE_CURVE ( 'NONE', #1536, #80, #118, .T. ) ;
#1240 = VECTOR ( 'NONE', #454, 1000.000000000000000 ) ;
#1241 = LINE ( 'NONE', #1475, #1482 ) ;
#1242 = AXIS2_PLACEMENT_3D ( 'NONE', #483, #1203, #593 ) ;
#1243 = CARTESIAN_POINT ( 'NONE',  ( 47.36693124443983294, 72.32370147000511906, 70.00000000000000000 ) ) ;
#1244 = EDGE_LOOP ( 'NONE', ( #20, #972 ) ) ;
#1245 = ADVANCED_FACE ( 'NONE', ( #947 ), #105, .F. ) ;
#1246 = ORIENTED_EDGE ( 'NONE', *, *, #977, .T. ) ;
#1247 = VERTEX_POINT ( 'NONE', #348 ) ;
#1248 = CARTESIAN_POINT ( 'NONE',  ( 57.00000000000000000, 99.42055880011406543, 31.79186905136780794 ) ) ;
#1249 = CARTESIAN_POINT ( 'NONE',  ( 47.36693124443983294, -14.66846903053595774, 70.00000000000000000 ) ) ;
#1250 = ORIENTED_EDGE ( 'NONE', *, *, #1100, .T. ) ;
#1251 = EDGE_LOOP ( 'NONE', ( #31, #407, #480, #877, #642, #754 ) ) ;
#1252 = ORIENTED_EDGE ( 'NONE', *, *, #1154, .F. ) ;
#1253 = ADVANCED_FACE ( 'NONE', ( #698 ), #1416, .F. ) ;
#1254 = DIRECTION ( 'NONE',  ( 1.000000000000000000, 0.000000000000000000, 0.000000000000000000 ) ) ;
#1255 =( NAMED_UNIT ( * ) SI_UNIT ( $, .STERADIAN. ) SOLID_ANGLE_UNIT ( ) );
#1256 =( NAMED_UNIT ( * ) SI_UNIT ( $, .STERADIAN. ) SOLID_ANGLE_UNIT ( ) );
#1257 = LINE ( 'NONE', #1039, #1082 ) ;
#1258 = EDGE_LOOP ( 'NONE', ( #511, #362 ) ) ;
#1259 = PRODUCT_CONTEXT ( 'NONE', #1053, 'mechanical' ) ;
#1260 = EDGE_CURVE ( 'NONE', #1134, #1396, #580, .T. ) ;
#1261 = DIRECTION ( 'NONE',  ( -1.000000000000000000, 0.000000000000000000, -0.000000000000000000 ) ) ;
#1262 = PRODUCT_DEFINITION_SHAPE ( 'NONE', 'NONE',  #353 ) ;
#1263 = AXIS2_PLACEMENT_3D ( 'NONE', #451, #432, #923 ) ;
#1264 = EDGE_CURVE ( 'NONE', #573, #465, #792, .T. ) ;
#1265 = AXIS2_PLACEMENT_3D ( 'NONE', #927, #1290, #86 ) ;
#1266 = CARTESIAN_POINT ( 'NONE',  ( 57.00000000000000000, -3.204322149567272682, 34.38318389962927313 ) ) ;
#1267 = VECTOR ( 'NONE', #1345, 1000.000000000000000 ) ;
#1268 = LINE ( 'NONE', #181, #1163 ) ;
#1269 = DIRECTION ( 'NONE',  ( -0.000000000000000000, -0.000000000000000000, 1.000000000000000000 ) ) ;
#1270 = PRODUCT_DEFINITION_FORMATION_WITH_SPECIFIED_SOURCE ( 'ä»', '', #914, .NOT_KNOWN. ) ;
#1271 = ORIENTED_EDGE ( 'NONE', *, *, #452, .T. ) ;
#1272 = CARTESIAN_POINT ( 'NONE',  ( 0.000000000000000000, -10.57944119988593634, 31.79186905136780794 ) ) ;
#1273 = DIRECTION ( 'NONE',  ( 0.000000000000000000, 0.000000000000000000, -1.000000000000000000 ) ) ;
#1274 = CARTESIAN_POINT ( 'NONE',  ( 47.36693124443983294, -14.66846903053595774, 65.85000000000000853 ) ) ;
#1275 = CARTESIAN_POINT ( 'NONE',  ( 53.00000000000000000, -10.57944119988593634, 31.79186905136780794 ) ) ;
#1276 = DIRECTION ( 'NONE',  ( 1.000000000000000000, 0.000000000000000000, 0.000000000000000000 ) ) ;
#1277 = ORIENTED_EDGE ( 'NONE', *, *, #250, .F. ) ;
#1278 = LINE ( 'NONE', #185, #964 ) ;
#1279 = LINE ( 'NONE', #186, #1360 ) ;
#1280 = ORIENTED_EDGE ( 'NONE', *, *, #159, .T. ) ;
#1281 = LINE ( 'NONE', #421, #630 ) ;
#1282 = SHAPE_REPRESENTATION ( '\X2\88c5914d4f53\X0\2', ( #79, #734, #1242 ), #1291 ) ;
#1283 = EDGE_CURVE ( 'NONE', #257, #1390, #587, .T. ) ;
#1284 = CARTESIAN_POINT ( 'NONE',  ( 53.00000000000000000, 2.045439749795401774, 32.38318389962927313 ) ) ;
#1285 = DIRECTION ( 'NONE',  ( -0.000000000000000000, -1.000000000000000000, -0.000000000000000000 ) ) ;
#1286 = DIRECTION ( 'NONE',  ( -0.000000000000000000, -0.000000000000000000, 1.000000000000000000 ) ) ;
#1287 = CIRCLE ( 'NONE', #1556, 7.275000000000003908 ) ;
#1288 = VECTOR ( 'NONE', #570, 1000.000000000000000 ) ;
#1289 = CIRCLE ( 'NONE', #399, 7.275000000000003908 ) ;
#1290 = DIRECTION ( 'NONE',  ( 1.000000000000000000, 0.000000000000000000, -0.000000000000000000 ) ) ;
#1291 =( GEOMETRIC_REPRESENTATION_CONTEXT ( 3 ) GLOBAL_UNCERTAINTY_ASSIGNED_CONTEXT ( ( #15 ) ) GLOBAL_UNIT_ASSIGNED_CONTEXT ( ( #249, #974, #855 ) ) REPRESENTATION_CONTEXT ( 'NONE', 'WORKASPACE' ) );
#1292 = FACE_OUTER_BOUND ( 'NONE', #403, .T. ) ;
#1293 = CARTESIAN_POINT ( 'NONE',  ( 53.00000000000000000, -8.426848761341439342, 34.38318389962927313 ) ) ;
#1294 = FACE_OUTER_BOUND ( 'NONE', #752, .T. ) ;
#1295 = CARTESIAN_POINT ( 'NONE',  ( -55.00000000000000000, 80.00000000000000000, 70.00000000000000000 ) ) ;
#1296 = ORIENTED_EDGE ( 'NONE', *, *, #275, .F. ) ;
#1297 = PLANE ( 'NONE',  #1263 ) ;
#1298 = ORIENTED_EDGE ( 'NONE', *, *, #1523, .F. ) ;
#1299 = DIRECTION ( 'NONE',  ( -0.000000000000000000, -0.000000000000000000, 1.000000000000000000 ) ) ;
#1300 = CARTESIAN_POINT ( 'NONE',  ( -55.00000000000000000, -45.00000000000001421, 38.00000000000000000 ) ) ;
#1301 = DIRECTION ( 'NONE',  ( -0.000000000000000000, -0.000000000000000000, 1.000000000000000000 ) ) ;
#1302 = ORIENTED_EDGE ( 'NONE', *, *, #182, .T. ) ;
#1303 = CARTESIAN_POINT ( 'NONE',  ( 55.00000000000000000, -0.5794411998859397839, 34.38318389962927313 ) ) ;
#1304 = CARTESIAN_POINT ( 'NONE',  ( 0.000000000000000000, 34.42055880011407254, 7.383183899629272240 ) ) ;
#1305 = DIRECTION ( 'NONE',  ( -0.000000000000000000, 1.000000000000000000, 0.000000000000000000 ) ) ;
#1306 = AXIS2_PLACEMENT_3D ( 'NONE', #1545, #1190, #599 ) ;
#1307 = CARTESIAN_POINT ( 'NONE',  ( 55.00000000000000000, -45.00000000000001421, 38.00000000000000000 ) ) ;
#1308 = VERTEX_POINT ( 'NONE', #968 ) ;
#1309 = VECTOR ( 'NONE', #820, 1000.000000000000000 ) ;
#1310 = PRODUCT_DEFINITION_CONTEXT ( 'detailed design', #538, 'design' ) ;
#1311 = LINE ( 'NONE', #1436, #861 ) ;
#1312 = SHAPE_REPRESENTATION_RELATIONSHIP ( 'NONE' , 'NONE' ,  #796, #590 ) ;
#1313 = CARTESIAN_POINT ( 'NONE',  ( 58.30000000000001137, -0.5794411998859397839, 26.53318389962927171 ) ) ;
#1314 = DIRECTION ( 'NONE',  ( -0.000000000000000000, -0.000000000000000000, -1.000000000000000000 ) ) ;
#1315 = DIRECTION ( 'NONE',  ( 0.000000000000000000, 1.000000000000000000, 0.000000000000000000 ) ) ;
#1316 = EDGE_LOOP ( 'NONE', ( #1120, #109, #1146, #777 ) ) ;
#1317 = ORIENTED_EDGE ( 'NONE', *, *, #680, .T. ) ;
#1318 = CARTESIAN_POINT ( 'NONE',  ( 55.00000000000000000, -80.00000000000001421, 0.000000000000000000 ) ) ;
#1319 = CARTESIAN_POINT ( 'NONE',  ( 0.000000000000000000, 99.42055880011406543, 31.79186905136780794 ) ) ;
#1320 = FACE_OUTER_BOUND ( 'NONE', #1478, .T. ) ;
#1321 = CARTESIAN_POINT ( 'NONE',  ( 53.00000000000000000, 99.42055880011406543, 31.79186905136780794 ) ) ;
#1322 = ORIENTED_EDGE ( 'NONE', *, *, #904, .T. ) ;
#1323 = ADVANCED_FACE ( 'NONE', ( #467, #958 ), #842, .F. ) ;
#1324 = FACE_OUTER_BOUND ( 'NONE', #230, .T. ) ;
#1325 = ADVANCED_FACE ( 'NONE', ( #226 ), #714, .F. ) ;
#1326 = DIRECTION ( 'NONE',  ( -0.000000000000000000, -0.000000000000000000, -1.000000000000000000 ) ) ;
#1327 = DIRECTION ( 'NONE',  ( -1.000000000000000000, 0.000000000000000000, 0.000000000000000000 ) ) ;
#1328 = FACE_BOUND ( 'NONE', #1158, .T. ) ;
#1329 = VECTOR ( 'NONE', #547, 1000.000000000000000 ) ;
#1330 = ORIENTED_EDGE ( 'NONE', *, *, #1401, .T. ) ;
#1331 = VECTOR ( 'NONE', #1167, 1000.000000000000000 ) ;
#1332 = AXIS2_PLACEMENT_3D ( 'NONE', #309, #297, #314 ) ;
#1333 = VERTEX_POINT ( 'NONE', #111 ) ;
#1334 = VECTOR ( 'NONE', #952, 1000.000000000000000 ) ;
#1335 = CIRCLE ( 'NONE', #606, 3.300000000000004263 ) ;
#1336 = LINE ( 'NONE', #1248, #302 ) ;
#1337 = CARTESIAN_POINT ( 'NONE',  ( 55.00000000000000000, -0.5794411998859397839, 31.79186905136780794 ) ) ;
#1338 = DIRECTION ( 'NONE',  ( -0.000000000000000000, -0.000000000000000000, 1.000000000000000000 ) ) ;
#1339 = ADVANCED_FACE ( 'NONE', ( #594 ), #1079, .F. ) ;
#1340 = VERTEX_POINT ( 'NONE', #327 ) ;
#1341 = ORIENTED_EDGE ( 'NONE', *, *, #1375, .T. ) ;
#1342 = ORIENTED_EDGE ( 'NONE', *, *, #922, .T. ) ;
#1343 = ORIENTED_EDGE ( 'NONE', *, *, #1072, .F. ) ;
#1344 =( NAMED_UNIT ( * ) SI_UNIT ( $, .STERADIAN. ) SOLID_ANGLE_UNIT ( ) );
#1345 = DIRECTION ( 'NONE',  ( 1.000000000000000000, 0.000000000000000000, 0.000000000000000000 ) ) ;
#1346 = DIRECTION ( 'NONE',  ( -0.000000000000000000, -0.000000000000000000, 1.000000000000000000 ) ) ;
#1347 = CARTESIAN_POINT ( 'NONE',  ( -44.27065998097504007, 72.32370147000511906, 65.85000000000000853 ) ) ;
#1348 = VERTEX_POINT ( 'NONE', #251 ) ;
#1349 = EDGE_LOOP ( 'NONE', ( #286, #718, #1271, #1474 ) ) ;
#1350 = ORIENTED_EDGE ( 'NONE', *, *, #825, .F. ) ;
#1351 = ADVANCED_FACE ( 'NONE', ( #981 ), #730, .F. ) ;
#1352 = ORIENTED_EDGE ( 'NONE', *, *, #367, .T. ) ;
#1353 = DIRECTION ( 'NONE',  ( -0.000000000000000000, -0.000000000000000000, 1.000000000000000000 ) ) ;
#1354 = ADVANCED_FACE ( 'NONE', ( #1444 ), #1002, .T. ) ;
#1355 = SURFACE_STYLE_FILL_AREA ( #117 ) ;
#1356 = EDGE_LOOP ( 'NONE', ( #633, #420, #1458, #1246 ) ) ;
#1357 = ORIENTED_EDGE ( 'NONE', *, *, #1117, .F. ) ;
#1358 = VERTEX_POINT ( 'NONE', #371 ) ;
#1359 = ORIENTED_EDGE ( 'NONE', *, *, #1441, .T. ) ;
#1360 = VECTOR ( 'NONE', #207, 1000.000000000000000 ) ;
#1361 = VECTOR ( 'NONE', #556, 1000.000000000000000 ) ;
#1362 = VECTOR ( 'NONE', #1222, 1000.000000000000000 ) ;
#1363 = CARTESIAN_POINT ( 'NONE',  ( 55.00000000000000000, 80.00000000000000000, 70.00000000000000000 ) ) ;
#1364 = AXIS2_PLACEMENT_3D ( 'NONE', #260, #129, #857 ) ;
#1365 = PRESENTATION_STYLE_ASSIGNMENT (( #510 ) ) ;
#1366 = VERTEX_POINT ( 'NONE', #756 ) ;
#1367 = EDGE_CURVE ( 'NONE', #93, #32, #1336, .T. ) ;
#1368 = ORIENTED_EDGE ( 'NONE', *, *, #688, .T. ) ;
#1369 = EDGE_LOOP ( 'NONE', ( #1466, #520 ) ) ;
#1370 = CARTESIAN_POINT ( 'NONE',  ( 57.00000000000000000, 2.045439749795401774, 22.38318389962926958 ) ) ;
#1371 = ORIENTED_EDGE ( 'NONE', *, *, #954, .F. ) ;
#1372 = ORIENTED_EDGE ( 'NONE', *, *, #200, .F. ) ;
#1373 = EDGE_CURVE ( 'NONE', #1340, #224, #128, .T. ) ;
#1374 = ORIENTED_EDGE ( 'NONE', *, *, #442, .T. ) ;
#1375 = EDGE_CURVE ( 'NONE', #1390, #1358, #817, .T. ) ;
#1376 = CARTESIAN_POINT ( 'NONE',  ( 110.0000000000000000, 24.42055880011406543, 27.38318389962927313 ) ) ;
#1377 = DIRECTION ( 'NONE',  ( -0.000000000000000000, -0.000000000000000000, 1.000000000000000000 ) ) ;
#1378 = DIRECTION ( 'NONE',  ( -0.000000000000000000, -0.000000000000000000, 1.000000000000000000 ) ) ;
#1379 = CARTESIAN_POINT ( 'NONE',  ( -55.00000000000000000, -45.00000000000001421, 70.00000000000000000 ) ) ;
#1380 = ORIENTED_EDGE ( 'NONE', *, *, #116, .T. ) ;
#1381 = FACE_OUTER_BOUND ( 'NONE', #265, .T. ) ;
#1382 = DIRECTION ( 'NONE',  ( -0.000000000000000000, -0.000000000000000000, 1.000000000000000000 ) ) ;
#1383 = AXIS2_PLACEMENT_3D ( 'NONE', #1077, #472, #833 ) ;
#1384 = DIRECTION ( 'NONE',  ( 0.000000000000000000, 0.000000000000000000, -1.000000000000000000 ) ) ;
#1385 = VECTOR ( 'NONE', #949, 1000.000000000000000 ) ;
#1386 = DIRECTION ( 'NONE',  ( 1.000000000000000000, 0.000000000000000000, 0.000000000000000000 ) ) ;
#1387 = VECTOR ( 'NONE', #897, 1000.000000000000000 ) ;
#1388 = DIRECTION ( 'NONE',  ( 1.000000000000000000, 0.000000000000000000, 0.000000000000000000 ) ) ;
#1389 = CARTESIAN_POINT ( 'NONE',  ( 0.000000000000000000, 28.96751757111623604, 7.383183899629272240 ) ) ;
#1390 = VERTEX_POINT ( 'NONE', #151 ) ;
#1391 = CARTESIAN_POINT ( 'NONE',  ( -40.29565998097503154, 72.32370147000511906, 70.00000000000000000 ) ) ;
#1392 = EDGE_CURVE ( 'NONE', #746, #1247, #273, .T. ) ;
#1393 = DIRECTION ( 'NONE',  ( -0.000000000000000000, -0.000000000000000000, 1.000000000000000000 ) ) ;
#1394 = CARTESIAN_POINT ( 'NONE',  ( 51.69999999999999574, -0.5794411998859397839, 31.79186905136780794 ) ) ;
#1395 = FACE_OUTER_BOUND ( 'NONE', #646, .T. ) ;
#1396 = VERTEX_POINT ( 'NONE', #1461 ) ;
#1397 = FACE_OUTER_BOUND ( 'NONE', #101, .T. ) ;
#1398 = EDGE_CURVE ( 'NONE', #263, #609, #40, .T. ) ;
#1399 = LINE ( 'NONE', #675, #1114 ) ;
#1400 = CARTESIAN_POINT ( 'NONE',  ( 53.00000000000000000, 24.42055880011406543, 31.79186905136780794 ) ) ;
#1401 = EDGE_CURVE ( 'NONE', #1366, #1358, #7, .T. ) ;
#1402 = VERTEX_POINT ( 'NONE', #1363 ) ;
#1403 = CARTESIAN_POINT ( 'NONE',  ( 53.00000000000000000, -10.57944119988593634, 31.79186905136780794 ) ) ;
#1404 = EDGE_CURVE ( 'NONE', #895, #1227, #1123, .T. ) ;
#1405 = FACE_OUTER_BOUND ( 'NONE', #664, .T. ) ;
#1406 = COLOUR_RGB ( '',0.7921568627450980005, 0.8196078431372548767, 0.9333333333333333481 ) ;
#1407 = CARTESIAN_POINT ( 'NONE',  ( 57.00000000000000000, -10.57944119988593634, 38.38318389962927313 ) ) ;
#1408 = CARTESIAN_POINT ( 'NONE',  ( -55.00000000000000000, -80.00000000000001421, 0.000000000000000000 ) ) ;
#1409 = AXIS2_PLACEMENT_3D ( 'NONE', #335, #237, #211 ) ;
#1410 = VECTOR ( 'NONE', #1326, 1000.000000000000000 ) ;
#1411 = VECTOR ( 'NONE', #1553, 1000.000000000000000 ) ;
#1412 = DIRECTION ( 'NONE',  ( 0.000000000000000000, 1.000000000000000000, 0.000000000000000000 ) ) ;
#1413 = ORIENTED_EDGE ( 'NONE', *, *, #1392, .F. ) ;
#1414 = EDGE_CURVE ( 'NONE', #505, #1103, #13, .T. ) ;
#1415 = CARTESIAN_POINT ( 'NONE',  ( 51.69999999999998863, -0.5794411998859397839, 26.53318389962927171 ) ) ;
#1416 = CYLINDRICAL_SURFACE ( 'NONE', #406, 7.275000000000003908 ) ;
#1417 = DIRECTION ( 'NONE',  ( 1.000000000000000000, 0.000000000000000000, 0.000000000000000000 ) ) ;
#1418 = DIRECTION ( 'NONE',  ( -0.000000000000000000, 0.000000000000000000, -1.000000000000000000 ) ) ;
#1419 = ORIENTED_EDGE ( 'NONE', *, *, #509, .T. ) ;
#1420 = EDGE_CURVE ( 'NONE', #962, #308, #628, .T. ) ;
#1421 = DIRECTION ( 'NONE',  ( 0.000000000000000000, 0.000000000000000000, -1.000000000000000000 ) ) ;
#1422 = LINE ( 'NONE', #707, #1309 ) ;
#1423 = DIRECTION ( 'NONE',  ( -1.000000000000000000, 0.000000000000000000, 0.000000000000000000 ) ) ;
#1424 = PLANE ( 'NONE',  #375 ) ;
#1425 = EDGE_LOOP ( 'NONE', ( #869, #1164 ) ) ;
#1426 = EDGE_LOOP ( 'NONE', ( #554, #1465, #212, #747 ) ) ;
#1427 = FACE_OUTER_BOUND ( 'NONE', #45, .T. ) ;
#1428 = DIRECTION ( 'NONE',  ( 1.000000000000000000, 0.000000000000000000, 0.000000000000000000 ) ) ;
#1429 = CARTESIAN_POINT ( 'NONE',  ( -47.57065998097503723, 72.32370147000511906, 0.000000000000000000 ) ) ;
#1430 = AXIS2_PLACEMENT_3D ( 'NONE', #1243, #410, #760 ) ;
#1431 = VECTOR ( 'NONE', #1338, 1000.000000000000000 ) ;
#1432 = CARTESIAN_POINT ( 'NONE',  ( 53.00000000000000000, -10.57944119988593634, 38.38318389962927313 ) ) ;
#1433 = ORIENTED_EDGE ( 'NONE', *, *, #1260, .T. ) ;
#1434 = AXIS2_PLACEMENT_3D ( 'NONE', #217, #1539, #460 ) ;
#1435 = ORIENTED_EDGE ( 'NONE', *, *, #1283, .T. ) ;
#1436 = CARTESIAN_POINT ( 'NONE',  ( 50.66693124443982299, -14.66846903053595774, 70.00000000000000000 ) ) ;
#1437 = DIRECTION ( 'NONE',  ( 0.000000000000000000, 0.000000000000000000, 1.000000000000000000 ) ) ;
#1438 = DIRECTION ( 'NONE',  ( 1.000000000000000000, 0.000000000000000000, 0.000000000000000000 ) ) ;
#1439 = CARTESIAN_POINT ( 'NONE',  ( 57.00000000000000000, 24.42055880011406543, 27.38318389962927313 ) ) ;
#1440 = ORIENTED_EDGE ( 'NONE', *, *, #464, .T. ) ;
#1441 = EDGE_CURVE ( 'NONE', #926, #1195, #381, .T. ) ;
#1442 = ORIENTED_EDGE ( 'NONE', *, *, #334, .F. ) ;
#1443 = PLANE ( 'NONE',  #1161 ) ;
#1444 = FACE_OUTER_BOUND ( 'NONE', #247, .T. ) ;
#1445 = DIRECTION ( 'NONE',  ( -0.000000000000000000, -0.000000000000000000, -1.000000000000000000 ) ) ;
#1446 = CARTESIAN_POINT ( 'NONE',  ( -54.84565998097503581, 72.32370147000511906, 65.85000000000000853 ) ) ;
#1447 = ORIENTED_EDGE ( 'NONE', *, *, #498, .F. ) ;
#1448 =( LENGTH_UNIT ( ) NAMED_UNIT ( * ) SI_UNIT ( .MILLI., .METRE. ) );
#1449 = DIRECTION ( 'NONE',  ( -0.000000000000000000, -0.000000000000000000, -1.000000000000000000 ) ) ;
#1450 = EDGE_CURVE ( 'NONE', #12, #573, #142, .T. ) ;
#1451 = CARTESIAN_POINT ( 'NONE',  ( 44.06693124443984999, 72.32370147000511906, 0.000000000000000000 ) ) ;
#1452 = SURFACE_SIDE_STYLE ('',( #1355 ) ) ;
#1453 = AXIS2_PLACEMENT_3D ( 'NONE', #875, #1346, #485 ) ;
#1454 = EDGE_LOOP ( 'NONE', ( #598, #971 ) ) ;
#1455 = VERTEX_POINT ( 'NONE', #1470 ) ;
#1456 = VERTEX_POINT ( 'NONE', #391 ) ;
#1457 = AXIS2_PLACEMENT_3D ( 'NONE', #487, #221, #1194 ) ;
#1458 = ORIENTED_EDGE ( 'NONE', *, *, #182, .F. ) ;
#1459 = AXIS2_PLACEMENT_3D ( 'NONE', #1313, #1437, #484 ) ;
#1460 = DIRECTION ( 'NONE',  ( 0.000000000000000000, 0.000000000000000000, 1.000000000000000000 ) ) ;
#1461 = CARTESIAN_POINT ( 'NONE',  ( 57.00000000000000000, -8.426848761341435790, 34.38318389962927313 ) ) ;
#1462 = DIRECTION ( 'NONE',  ( 0.000000000000000000, 1.000000000000000000, 0.000000000000000000 ) ) ;
#1463 = EDGE_CURVE ( 'NONE', #188, #998, #504, .T. ) ;
#1464 = CARTESIAN_POINT ( 'NONE',  ( 57.00000000000000000, 99.42055880011406543, 31.79186905136780794 ) ) ;
#1465 = ORIENTED_EDGE ( 'NONE', *, *, #41, .T. ) ;
#1466 = ORIENTED_EDGE ( 'NONE', *, *, #762, .F. ) ;
#1467 = ORIENTED_EDGE ( 'NONE', *, *, #1100, .F. ) ;
#1468 = ORIENTED_EDGE ( 'NONE', *, *, #1050, .T. ) ;
#1469 = EDGE_CURVE ( 'NONE', #1456, #609, #1241, .T. ) ;
#1470 = CARTESIAN_POINT ( 'NONE',  ( 50.66693124443983010, -14.66846903053595774, 65.85000000000000853 ) ) ;
#1471 = ORIENTED_EDGE ( 'NONE', *, *, #1214, .F. ) ;
#1472 = ORIENTED_EDGE ( 'NONE', *, *, #1487, .T. ) ;
#1473 = EDGE_LOOP ( 'NONE', ( #377, #769, #1322, #1496 ) ) ;
#1474 = ORIENTED_EDGE ( 'NONE', *, *, #103, .T. ) ;
#1475 = CARTESIAN_POINT ( 'NONE',  ( 55.00000000000000000, -80.00000000000001421, 70.00000000000000000 ) ) ;
#1476 = EDGE_CURVE ( 'NONE', #1220, #805, #277, .T. ) ;
#1477 = DIRECTION ( 'NONE',  ( -1.000000000000000000, 0.000000000000000000, -0.000000000000000000 ) ) ;
#1478 = EDGE_LOOP ( 'NONE', ( #177, #521, #490, #519 ) ) ;
#1479 = ORIENTED_EDGE ( 'NONE', *, *, #634, .T. ) ;
#1480 = ORIENTED_EDGE ( 'NONE', *, *, #41, .F. ) ;
#1481 = AXIS2_PLACEMENT_3D ( 'NONE', #1321, #3, #831 ) ;
#1482 = VECTOR ( 'NONE', #397, 1000.000000000000000 ) ;
#1483 = PLANE ( 'NONE',  #1532 ) ;
#1484 = EDGE_CURVE ( 'NONE', #635, #1195, #644, .T. ) ;
#1485 = DIRECTION ( 'NONE',  ( 0.000000000000000000, 1.000000000000000000, -0.000000000000000000 ) ) ;
#1486 = ORIENTED_EDGE ( 'NONE', *, *, #112, .F. ) ;
#1487 = EDGE_CURVE ( 'NONE', #1488, #32, #240, .T. ) ;
#1488 = VERTEX_POINT ( 'NONE', #291 ) ;
#1489 = ORIENTED_EDGE ( 'NONE', *, *, #1090, .T. ) ;
#1490 = ADVANCED_FACE ( 'NONE', ( #59, #650, #1025, #164 ), #1483, .F. ) ;
#1491 = DIRECTION ( 'NONE',  ( -0.000000000000000000, -0.000000000000000000, -1.000000000000000000 ) ) ;
#1492 = LINE ( 'NONE', #197, #1041 ) ;
#1493 = CARTESIAN_POINT ( 'NONE',  ( 47.36693124443983294, -14.66846903053595774, 70.00000000000000000 ) ) ;
#1494 = B_SPLINE_SURFACE_WITH_KNOTS ( 'NONE', 3, 1, ( 
 ( #1502, #1145 ),
 ( #56, #1511 ),
 ( #925, #459 ),
 ( #294, #1389 ) ),
 .UNSPECIFIED., .F., .F., .F.,
 ( 4, 4 ),
 ( 2, 2 ),
 ( 0.000000000000000000, 1.000000000000000000 ),
 ( 0.000000000000000000, 1.000000000000000000 ),
 .UNSPECIFIED. ) ;
#1495 = DIRECTION ( 'NONE',  ( -0.000000000000000000, -0.000000000000000000, 1.000000000000000000 ) ) ;
#1496 = ORIENTED_EDGE ( 'NONE', *, *, #1404, .T. ) ;
#1497 = CARTESIAN_POINT ( 'NONE',  ( -47.57065998097503723, 72.32370147000511906, 70.00000000000000000 ) ) ;
#1498 = DIRECTION ( 'NONE',  ( 0.000000000000000000, 0.000000000000000000, -1.000000000000000000 ) ) ;
#1499 = LINE ( 'NONE', #910, #939 ) ;
#1500 = EDGE_CURVE ( 'NONE', #1134, #411, #409, .T. ) ;
#1501 = CARTESIAN_POINT ( 'NONE',  ( 50.66693124443983010, 72.32370147000511906, 65.85000000000000853 ) ) ;
#1502 = CARTESIAN_POINT ( 'NONE',  ( 110.0000000000000000, 24.42055880011406543, 22.38318389962926958 ) ) ;
#1503 = EDGE_LOOP ( 'NONE', ( #1413, #999, #413, #761 ) ) ;
#1504 = CARTESIAN_POINT ( 'NONE',  ( 53.00000000000000000, 99.42055880011406543, 31.79186905136780794 ) ) ;
#1505 = MECHANICAL_DESIGN_GEOMETRIC_PRESENTATION_REPRESENTATION (  '', ( #888 ), #629 ) ;
#1506 = VECTOR ( 'NONE', #1519, 1000.000000000000000 ) ;
#1507 = DIRECTION ( 'NONE',  ( 1.000000000000000000, 0.000000000000000000, 0.000000000000000000 ) ) ;
#1508 = VECTOR ( 'NONE', #357, 1000.000000000000000 ) ;
#1509 = FACE_BOUND ( 'NONE', #1258, .T. ) ;
#1510 = ADVANCED_FACE ( 'NONE', ( #902 ), #1019, .F. ) ;
#1511 = CARTESIAN_POINT ( 'NONE',  ( 0.000000000000000000, 35.81208761728809264, 22.44155847291009209 ) ) ;
#1512 = ORIENTED_EDGE ( 'NONE', *, *, #159, .F. ) ;
#1513 = FACE_OUTER_BOUND ( 'NONE', #1251, .T. ) ;
#1514 = ADVANCED_FACE ( 'NONE', ( #1009 ), #780, .F. ) ;
#1515 = DIRECTION ( 'NONE',  ( -0.000000000000000000, -0.000000000000000000, -1.000000000000000000 ) ) ;
#1516 = CARTESIAN_POINT ( 'NONE',  ( 0.000000000000000000, 28.96751757111623604, 7.383183899629272240 ) ) ;
#1517 = DIRECTION ( 'NONE',  ( 1.000000000000000000, 0.000000000000000000, -0.000000000000000000 ) ) ;
#1518 = VERTEX_POINT ( 'NONE', #173 ) ;
#1519 = DIRECTION ( 'NONE',  ( -0.000000000000000000, 1.000000000000000000, -0.000000000000000000 ) ) ;
#1520 = CARTESIAN_POINT ( 'NONE',  ( 47.36693124443983294, 72.32370147000511906, 65.85000000000000853 ) ) ;
#1521 = PLANE ( 'NONE',  #478 ) ;
#1522 = DIRECTION ( 'NONE',  ( -0.000000000000000000, -0.000000000000000000, 1.000000000000000000 ) ) ;
#1523 = EDGE_CURVE ( 'NONE', #222, #635, #660, .T. ) ;
#1524 = LINE ( 'NONE', #790, #1085 ) ;
#1525 = ORIENTED_EDGE ( 'NONE', *, *, #893, .T. ) ;
#1526 = CYLINDRICAL_SURFACE ( 'NONE', #1209, 7.275000000000003908 ) ;
#1527 = VECTOR ( 'NONE', #458, 1000.000000000000000 ) ;
#1528 = LINE ( 'NONE', #203, #631 ) ;
#1529 = CARTESIAN_POINT ( 'NONE',  ( 55.00000000000000000, -0.5794411998859397839, 22.38318389962926958 ) ) ;
#1530 = VECTOR ( 'NONE', #933, 1000.000000000000000 ) ;
#1531 = EDGE_CURVE ( 'NONE', #1226, #1227, #1147, .T. ) ;
#1532 = AXIS2_PLACEMENT_3D ( 'NONE', #52, #1498, #1261 ) ;
#1533 = AXIS2_PLACEMENT_3D ( 'NONE', #578, #1276, #697 ) ;
#1534 = DIRECTION ( 'NONE',  ( 0.000000000000000000, -0.000000000000000000, 1.000000000000000000 ) ) ;
#1535 = EDGE_CURVE ( 'NONE', #962, #1333, #24, .T. ) ;
#1536 = VERTEX_POINT ( 'NONE', #232 ) ;
#1537 = DIRECTION ( 'NONE',  ( 1.000000000000000000, 0.000000000000000000, 0.000000000000000000 ) ) ;
#1538 = CARTESIAN_POINT ( 'NONE',  ( 58.30000000000000426, -0.5794411998859393398, 31.79186905136780794 ) ) ;
#1539 = DIRECTION ( 'NONE',  ( -0.000000000000000000, -0.000000000000000000, -1.000000000000000000 ) ) ;
#1540 = CARTESIAN_POINT ( 'NONE',  ( 110.0000000000000000, 24.42055880011406543, 27.38318389962927313 ) ) ;
#1541 = LINE ( 'NONE', #1432, #193 ) ;
#1542 = ORIENTED_EDGE ( 'NONE', *, *, #1239, .T. ) ;
#1543 = PRODUCT_DEFINITION_CONTEXT ( 'detailed design', #289, 'design' ) ;
#1544 = ORIENTED_EDGE ( 'NONE', *, *, #1484, .F. ) ;
#1545 = CARTESIAN_POINT ( 'NONE',  ( 47.36693124443983294, 72.32370147000511906, 70.00000000000000000 ) ) ;
#1546 =( NAMED_UNIT ( * ) PLANE_ANGLE_UNIT ( ) SI_UNIT ( $, .RADIAN. ) );
#1547 = CARTESIAN_POINT ( 'NONE',  ( 40.09193124443982725, -14.66846903053595597, 70.00000000000000000 ) ) ;
#1548 = DIRECTION ( 'NONE',  ( -0.000000000000000000, -0.000000000000000000, 1.000000000000000000 ) ) ;
#1549 = DIRECTION ( 'NONE',  ( -0.000000000000000000, -0.000000000000000000, -1.000000000000000000 ) ) ;
#1550 = ORIENTED_EDGE ( 'NONE', *, *, #904, .F. ) ;
#1551 = CARTESIAN_POINT ( 'NONE',  ( 55.00000000000000000, 80.00000000000000000, 70.00000000000000000 ) ) ;
#1552 = CARTESIAN_POINT ( 'NONE',  ( 110.0000000000000000, 24.42055880011406543, 27.38318389962927313 ) ) ;
#1553 = DIRECTION ( 'NONE',  ( -0.000000000000000000, -0.000000000000000000, 1.000000000000000000 ) ) ;
#1554 = EDGE_CURVE ( 'NONE', #899, #441, #1078, .T. ) ;
#1555 = AXIS2_PLACEMENT_3D ( 'NONE', #424, #802, #315 ) ;
#1556 = AXIS2_PLACEMENT_3D ( 'NONE', #1493, #546, #68 ) ;
#1557 = LINE ( 'NONE', #1439, #1186 ) ;
#1558 = VERTEX_POINT ( 'NONE', #1221 ) ;
#1559 = VECTOR ( 'NONE', #990, 1000.000000000000000 ) ;
#1560 =( GEOMETRIC_REPRESENTATION_CONTEXT ( 3 ) GLOBAL_UNCERTAINTY_ASSIGNED_CONTEXT ( ( #621 ) ) GLOBAL_UNIT_ASSIGNED_CONTEXT ( ( #1448, #1546, #1344 ) ) REPRESENTATION_CONTEXT ( 'NONE', 'WORKASPACE' ) );
#1561 = CARTESIAN_POINT ( 'NONE',  ( 0.000000000000000000, -10.57944119988593634, 22.38318389962926958 ) ) ;
#1562 = NEXT_ASSEMBLY_USAGE_OCCURRENCE ( 'NAUO1', ' ', ' ', #353, #408, $ ) ;
#1563 = NEXT_ASSEMBLY_USAGE_OCCURRENCE ( 'NAUO2', ' ', ' ', #353, #518, $ ) ;
ENDSEC;
END-ISO-10303-21;
