ISO-10303-21;
HEADER;
FILE_DESCRIPTION (( 'STEP AP203' ),
    '1' );
FILE_NAME ('E350-DSF0045.STEP',
    '2023-12-24T10:51:08',
    ( 'Microsoft' ),
    ( 'Microsoft' ),
    'SwSTEP 2.0',
    'SolidWorks 2020',
    '' );
FILE_SCHEMA (( 'CONFIG_CONTROL_DESIGN' ));
ENDSEC;

DATA;
#1 = CARTESIAN_POINT ( 'NONE',  ( 17.50000000000000000, 10.00000000000000000, 31.00000000000000000 ) ) ;
#2 = DIRECTION ( 'NONE',  ( 0.000000000000000000, 0.000000000000000000, -1.000000000000000000 ) ) ;
#3 = APPROVAL_PERSON_ORGANIZATION ( #3843, #6492, #6638 ) ;
#4 = CARTESIAN_POINT ( 'NONE',  ( 2.296560377740040515, -24.49999999999996447, 4.016179778550139190 ) ) ;
#5 = CARTESIAN_POINT ( 'NONE',  ( 6.297678350335438324, -36.60000000000005826, 0.1710186999026460375 ) ) ;
#6 = CARTESIAN_POINT ( 'NONE',  ( 0.1686148476467259349, -25.15000000000005187, -2.000000000000023981 ) ) ;
#7 = DIRECTION ( 'NONE',  ( -1.084683744678891232E-30, -1.000000000000000000, -9.740822494929354281E-16 ) ) ;
#8 = CARTESIAN_POINT ( 'NONE',  ( -1.019241765654987697, -30.79999999999997939, -4.895012382328145506 ) ) ;
#9 = FACE_BOUND ( 'NONE', #5633, .T. ) ;
#10 = ADVANCED_FACE ( 'NONE', ( #595 ), #2867, .T. ) ;
#11 = EDGE_CURVE ( 'NONE', #2926, #4051, #660, .T. ) ;
#12 = CARTESIAN_POINT ( 'NONE',  ( -3.109937763673246813, -32.09999999999996589, 3.425226516351835393 ) ) ;
#13 = ORIENTED_EDGE ( 'NONE', *, *, #3340, .T. ) ;
#14 = CARTESIAN_POINT ( 'NONE',  ( -2.296560377740040071, -34.09999999999997300, -4.016179778550416302 ) ) ;
#15 = SHELL_BASED_SURFACE_MODEL ( 'NONE', ( #4049, #430, #892, #4979, #4856, #2306, #3923, #5919, #5340 ) );
#16 = CYLINDRICAL_SURFACE ( 'NONE', #7226, 3.249999999999999556 ) ;
#17 = CARTESIAN_POINT ( 'NONE',  ( 18.45000000000363727, 100.5999999999999943, -25.25000000004300915 ) ) ;
#18 = ORIENTED_EDGE ( 'NONE', *, *, #5383, .T. ) ;
#19 = LINE ( 'NONE', #5658, #3242 ) ;
#20 = ORIENTED_EDGE ( 'NONE', *, *, #1629, .T. ) ;
#21 = EDGE_CURVE ( 'NONE', #6829, #4120, #236, .T. ) ;
#22 = CARTESIAN_POINT ( 'NONE',  ( -4.340470396594395375, -31.99999999999997158, 2.481998536721368165 ) ) ;
#23 = CARTESIAN_POINT ( 'NONE',  ( -0.8499999999999925393, -40.29999999999623128, 3.575349633252220549 ) ) ;
#24 = ORIENTED_EDGE ( 'NONE', *, *, #3552, .F. ) ;
#25 = CARTESIAN_POINT ( 'NONE',  ( -2.296560377740040071, -25.49999999999996447, -4.016179778550416302 ) ) ;
#26 = CARTESIAN_POINT ( 'NONE',  ( 1.806316316930254517, -29.19999999999997442, -4.012134265349633466 ) ) ;
#27 = DIRECTION ( 'NONE',  ( 0.000000000000000000, 0.000000000000000000, 1.000000000000000000 ) ) ;
#28 = CARTESIAN_POINT ( 'NONE',  ( 0.9381481090138809043, -22.09945541480774267, 4.586802013875467487 ) ) ;
#29 = CARTESIAN_POINT ( 'NONE',  ( -12.52078873619540822, 104.0000000000000000, -2.136160751651518197 ) ) ;
#30 = VERTEX_POINT ( 'NONE', #5728 ) ;
#31 = EDGE_CURVE ( 'NONE', #3478, #810, #6034, .T. ) ;
#32 = CARTESIAN_POINT ( 'NONE',  ( -4.218607618586945662, -27.09999999999997655, -1.899273372277499039 ) ) ;
#33 = ORIENTED_EDGE ( 'NONE', *, *, #2739, .F. ) ;
#34 = LINE ( 'NONE', #584, #6175 ) ;
#35 = DIRECTION ( 'NONE',  ( -0.000000000000000000, 1.000000000000000000, 0.000000000000000000 ) ) ;
#36 = CARTESIAN_POINT ( 'NONE',  ( 0.5026948701872619996, -25.29999999999997229, -4.599042014347151763 ) ) ;
#37 = CIRCLE ( 'NONE', #1334, 1.700000000000000178 ) ;
#38 = DIRECTION ( 'NONE',  ( -1.883233150365978123E-16, 1.000000000000000000, 2.719624996528670136E-16 ) ) ;
#39 = CARTESIAN_POINT ( 'NONE',  ( 0.7730216858566615334, -25.40482086972824760, -1.848837717446212281 ) ) ;
#40 = CARTESIAN_POINT ( 'NONE',  ( 3.701799997913059581, -23.19999999999997442, 3.361052926606474589 ) ) ;
#41 = CARTESIAN_POINT ( 'NONE',  ( -0.8499999999999928724, -40.30000000000000426, -3.442761782494698775 ) ) ;
#42 = CARTESIAN_POINT ( 'NONE',  ( -4.793872293848801647, -31.09999999999996945, -2.158265195769866640 ) ) ;
#43 = FACE_OUTER_BOUND ( 'NONE', #5628, .T. ) ;
#44 = CARTESIAN_POINT ( 'NONE',  ( 3.819613949003068498, -28.99999999999997868, -2.184158712315064310 ) ) ;
#45 = VERTEX_POINT ( 'NONE', #160 ) ;
#46 = CARTESIAN_POINT ( 'NONE',  ( 2.609727701977319736, -23.09999999999997300, 4.563840657443357429 ) ) ;
#47 = FACE_OUTER_BOUND ( 'NONE', #5404, .T. ) ;
#48 = B_SPLINE_CURVE_WITH_KNOTS ( 'NONE', 3,
 ( #1258, #41, #6739, #1729, #3949, #187 ),
 .UNSPECIFIED., .F., .F.,
 ( 4, 2, 4 ),
 ( 0.002580147375233381776, 0.002977130517021241499, 0.003374113658809100788 ),
 .UNSPECIFIED. ) ;
#49 = CARTESIAN_POINT ( 'NONE',  ( -0.8499999999999929834, -42.00000000000005684, -8.991389646815644454 ) ) ;
#50 = CARTESIAN_POINT ( 'NONE',  ( -0.8969327537763891467, -31.99999999999997513, -4.307610896448784921 ) ) ;
#51 = VERTEX_POINT ( 'NONE', #2975 ) ;
#52 = B_SPLINE_CURVE_WITH_KNOTS ( 'NONE', 3,
 ( #5178, #169, #57, #1239, #3506, #2809 ),
 .UNSPECIFIED., .F., .F.,
 ( 4, 2, 4 ),
 ( 0.000000000000000000, 0.0001622202432262377365, 0.0003244404864524754730 ),
 .UNSPECIFIED. ) ;
#53 = DIRECTION ( 'NONE',  ( -5.551115123125803656E-17, 2.719624996528607520E-16, -1.000000000000000000 ) ) ;
#54 = ORIENTED_EDGE ( 'NONE', *, *, #3647, .T. ) ;
#55 = CARTESIAN_POINT ( 'NONE',  ( -2.052632178329834023, -28.19999999999997442, 4.559243483351559156 ) ) ;
#56 = EDGE_CURVE ( 'NONE', #2455, #4190, #5691, .T. ) ;
#57 = CARTESIAN_POINT ( 'NONE',  ( -0.8264058341505404748, -39.29247821479895464, -1.821726927067187196 ) ) ;
#58 = ORIENTED_EDGE ( 'NONE', *, *, #5971, .F. ) ;
#59 = CARTESIAN_POINT ( 'NONE',  ( 1.806316316930254517, -25.19999999999997442, -4.012134265349633466 ) ) ;
#60 = CARTESIAN_POINT ( 'NONE',  ( 4.529290134332890183, -26.89999999999997016, -0.9430909082780154495 ) ) ;
#61 = CARTESIAN_POINT ( 'NONE',  ( -3.257583998163493533, -24.19999999999997442, -2.957726575413957892 ) ) ;
#62 = CARTESIAN_POINT ( 'NONE',  ( -0.7187424069335023313, -35.75391071038644952, -1.868383589681148038 ) ) ;
#63 = EDGE_CURVE ( 'NONE', #768, #500, #4181, .T. ) ;
#64 = VECTOR ( 'NONE', #616, 1000.000000000000000 ) ;
#65 = EDGE_LOOP ( 'NONE', ( #904, #6033, #6028, #4328 ) ) ;
#66 = CARTESIAN_POINT ( 'NONE',  ( 0.7456398083844743008, -22.09322532202989819, 4.575940828421805939 ) ) ;
#67 = LINE ( 'NONE', #3442, #3926 ) ;
#68 = ORIENTED_EDGE ( 'NONE', *, *, #1381, .T. ) ;
#69 = CARTESIAN_POINT ( 'NONE',  ( -2.296560377740040071, -22.89999999999997016, -4.016179778550416302 ) ) ;
#70 = EDGE_LOOP ( 'NONE', ( #2818, #2440 ) ) ;
#71 = DIRECTION ( 'NONE',  ( -5.551115123125799958E-17, 0.000000000000000000, -1.000000000000000000 ) ) ;
#72 = CARTESIAN_POINT ( 'NONE',  ( -1.398881011027773721E-15, -26.49999999999997158, -11.20000000000007390 ) ) ;
#73 = CARTESIAN_POINT ( 'NONE',  ( -4.529290134332890183, -23.89999999999997371, 0.9430909082777386709 ) ) ;
#74 = DIRECTION ( 'NONE',  ( 0.000000000000000000, -1.000000000000000000, -0.000000000000000000 ) ) ;
#75 = CARTESIAN_POINT ( 'NONE',  ( 1.249955976047117945, -26.31552403652566596, -1.561284746963216952 ) ) ;
#76 = AXIS2_PLACEMENT_3D ( 'NONE', #6484, #4828, #7069 ) ;
#77 = CARTESIAN_POINT ( 'NONE',  ( -16.75000000000000711, 98.00000000000000000, 26.95000000000000284 ) ) ;
#78 = CARTESIAN_POINT ( 'NONE',  ( -4.970396450522633458, -33.19999999999997442, -0.5432854909089367412 ) ) ;
#79 = DIRECTION ( 'NONE',  ( 0.000000000000000000, 0.000000000000000000, -1.000000000000000000 ) ) ;
#80 = EDGE_CURVE ( 'NONE', #1965, #305, #3689, .T. ) ;
#81 = AXIS2_PLACEMENT_3D ( 'NONE', #1218, #619, #3487 ) ;
#82 = ORIENTED_EDGE ( 'NONE', *, *, #5868, .T. ) ;
#83 = CARTESIAN_POINT ( 'NONE',  ( -3.109937763673246813, -26.09999999999997300, 3.425226516351835837 ) ) ;
#84 = CARTESIAN_POINT ( 'NONE',  ( -4.218607618586946550, -33.69999999999996021, -1.899273372277498817 ) ) ;
#85 = ORIENTED_EDGE ( 'NONE', *, *, #5061, .T. ) ;
#86 = CARTESIAN_POINT ( 'NONE',  ( 4.793872293848802535, -23.29999999999997229, 2.158265195769588196 ) ) ;
#87 = DIRECTION ( 'NONE',  ( -0.9996314841802272921, 0.000000000000000000, -0.02714582538137666826 ) ) ;
#88 = APPLICATION_CONTEXT ( 'configuration controlled 3d designs of mechanical parts and assemblies' ) ;
#89 = VECTOR ( 'NONE', #890, 1000.000000000000000 ) ;
#90 = CIRCLE ( 'NONE', #5114, 12.00000000000000000 ) ;
#91 = AXIS2_PLACEMENT_3D ( 'NONE', #2993, #4093, #4672 ) ;
#92 = CARTESIAN_POINT ( 'NONE',  ( -3.257583998163493533, -30.19999999999997442, -2.957726575413957892 ) ) ;
#93 = DIRECTION ( 'NONE',  ( 1.084683744678891232E-30, 1.000000000000000000, 9.740822494929354281E-16 ) ) ;
#94 = TOROIDAL_SURFACE ( 'NONE', #3599, 4.450000000000000178, 0.1499999999999999944 ) ;
#95 = ORIENTED_EDGE ( 'NONE', *, *, #3204, .F. ) ;
#96 = AXIS2_PLACEMENT_3D ( 'NONE', #1528, #2728, #3205 ) ;
#97 = CYLINDRICAL_SURFACE ( 'NONE', #1499, 3.249999999999999556 ) ;
#98 = VERTEX_POINT ( 'NONE', #2395 ) ;
#99 = CARTESIAN_POINT ( 'NONE',  ( 5.146920607196465269, -26.89999999999997016, -1.071694213952270935 ) ) ;
#100 = CARTESIAN_POINT ( 'NONE',  ( -4.373948876459603063, -33.80000000000278959, -0.4780912320027621565 ) ) ;
#101 = VERTEX_POINT ( 'NONE', #6961 ) ;
#102 = CARTESIAN_POINT ( 'NONE',  ( -4.529290134332889295, -31.29999999999997229, 0.9430909082777385599 ) ) ;
#103 = CARTESIAN_POINT ( 'NONE',  ( -3.109937763673246813, -28.09999999999996589, 3.425226516351835393 ) ) ;
#104 = CARTESIAN_POINT ( 'NONE',  ( 4.529290134332889295, -23.49999999999997158, -0.9430909082780156716 ) ) ;
#105 = CARTESIAN_POINT ( 'NONE',  ( -0.7182830780684168470, -34.64545478814866186, -1.868570442711287471 ) ) ;
#106 = EDGE_CURVE ( 'NONE', #6123, #2112, #544, .T. ) ;
#107 = EDGE_LOOP ( 'NONE', ( #3930, #6627 ) ) ;
#108 = CARTESIAN_POINT ( 'NONE',  ( -3.735559711049016851, -21.90761257506221682, 2.391178474320662772 ) ) ;
#109 = AXIS2_PLACEMENT_3D ( 'NONE', #5927, #5382, #2597 ) ;
#110 = DIRECTION ( 'NONE',  ( 0.9996314841802272921, 0.000000000000000000, 0.02714582538137663703 ) ) ;
#111 = ORIENTED_EDGE ( 'NONE', *, *, #7237, .F. ) ;
#112 = CARTESIAN_POINT ( 'NONE',  ( -3.109937763673246813, -27.49999999999997868, 3.425226516351835393 ) ) ;
#113 = ORIENTED_EDGE ( 'NONE', *, *, #4124, .T. ) ;
#114 = DIRECTION ( 'NONE',  ( -0.9377796628086615405, 0.000000000000000000, 0.3472309087948147743 ) ) ;
#115 = ADVANCED_FACE ( 'NONE', ( #6381 ), #1305, .F. ) ;
#116 = DIRECTION ( 'NONE',  ( -0.000000000000000000, -1.000000000000000000, -0.000000000000000000 ) ) ;
#117 = CARTESIAN_POINT ( 'NONE',  ( 3.109937763673247257, -27.09999999999996589, -3.425226516352112061 ) ) ;
#118 = DIRECTION ( 'NONE',  ( -1.249000902703301354E-16, 8.673617379884035472E-16, -1.000000000000000000 ) ) ;
#119 = CARTESIAN_POINT ( 'NONE',  ( 1.183317821979264384, -25.98894561926856994, -1.612847942197628281 ) ) ;
#120 = EDGE_CURVE ( 'NONE', #5581, #1197, #4715, .T. ) ;
#121 = CARTESIAN_POINT ( 'NONE',  ( -22.50000000000000000, 8.000000000000000000, 26.00000000000000355 ) ) ;
#122 = CARTESIAN_POINT ( 'NONE',  ( -1.019241765654987697, -27.39999999999997726, -4.895012382328145506 ) ) ;
#123 = PLANE ( 'NONE',  #3198 ) ;
#124 = VERTEX_POINT ( 'NONE', #3377 ) ;
#125 = CARTESIAN_POINT ( 'NONE',  ( 4.340470396594395375, -24.99999999999997513, -2.481998536721644832 ) ) ;
#126 = CARTESIAN_POINT ( 'NONE',  ( 4.218607618586946550, -26.69999999999997087, 1.899273372277220817 ) ) ;
#127 = CARTESIAN_POINT ( 'NONE',  ( 4.373948876459917479, -26.79999999999997584, 0.4780912319996028503 ) ) ;
#128 = ORIENTED_EDGE ( 'NONE', *, *, #3983, .F. ) ;
#129 = DIRECTION ( 'NONE',  ( -0.1681790434088577812, -1.129418820890224734E-16, 0.9857564655421142685 ) ) ;
#130 = DIRECTION ( 'NONE',  ( -1.249000902703301354E-16, 8.673617379884035472E-16, -1.000000000000000000 ) ) ;
#131 = FACE_OUTER_BOUND ( 'NONE', #6916, .T. ) ;
#132 = EDGE_LOOP ( 'NONE', ( #3569, #4697, #5262, #3713 ) ) ;
#133 = EDGE_CURVE ( 'NONE', #6947, #3244, #5113, .T. ) ;
#134 = CARTESIAN_POINT ( 'NONE',  ( 1.019241765654988141, -28.39999999999997726, 4.895012382327868394 ) ) ;
#135 = DIRECTION ( 'NONE',  ( -2.081668171172178374E-17, 1.000000000000000000, 1.110223024625130533E-16 ) ) ;
#136 = ORIENTED_EDGE ( 'NONE', *, *, #5021, .T. ) ;
#137 = CARTESIAN_POINT ( 'NONE',  ( 4.373948876459917479, -32.19999999999997442, 0.4780912319996027948 ) ) ;
#138 = CARTESIAN_POINT ( 'NONE',  ( 0.5026948701872619996, -29.29999999999996518, -4.599042014347151763 ) ) ;
#139 = DIRECTION ( 'NONE',  ( -0.000000000000000000, 1.000000000000000000, -0.000000000000000000 ) ) ;
#140 = VERTEX_POINT ( 'NONE', #2788 ) ;
#141 = CARTESIAN_POINT ( 'NONE',  ( -22.50000000000000000, 98.00000000000000000, -26.00000000000000355 ) ) ;
#142 = LINE ( 'NONE', #1289, #6510 ) ;
#143 = ORIENTED_EDGE ( 'NONE', *, *, #4658, .T. ) ;
#144 = CARTESIAN_POINT ( 'NONE',  ( 3.257583998163493533, -21.99999999999997158, 2.957726575413679893 ) ) ;
#145 = VERTEX_POINT ( 'NONE', #5534 ) ;
#146 = EDGE_CURVE ( 'NONE', #6650, #6589, #2428, .T. ) ;
#147 = CARTESIAN_POINT ( 'NONE',  ( 7.274040777774582584E-16, -2.077341958608789341, -1.757831232144805540E-14 ) ) ;
#148 = LINE ( 'NONE', #652, #4384 ) ;
#149 = CARTESIAN_POINT ( 'NONE',  ( -2.296560377740040071, -25.49999999999996447, -4.016179778550416302 ) ) ;
#150 = CARTESIAN_POINT ( 'NONE',  ( 7.304154810021760822E-15, -37.00000000000005684, -2.707596569690711664E-14 ) ) ;
#151 = CARTESIAN_POINT ( 'NONE',  ( 16.75000000000363798, 104.0000000000000142, -25.25000000004300915 ) ) ;
#152 = EDGE_CURVE ( 'NONE', #4082, #3886, #3010, .T. ) ;
#153 = DIRECTION ( 'NONE',  ( -0.000000000000000000, -1.000000000000000000, -0.000000000000000000 ) ) ;
#154 = DIRECTION ( 'NONE',  ( -1.000000000000000000, -1.883233150365925861E-16, 5.551115123125777772E-17 ) ) ;
#155 = VECTOR ( 'NONE', #4853, 1000.000000000000000 ) ;
#156 = ORIENTED_EDGE ( 'NONE', *, *, #435, .T. ) ;
#157 = CARTESIAN_POINT ( 'NONE',  ( -3.701799997913060025, -25.59999999999997655, -3.361052926606751257 ) ) ;
#158 = CARTESIAN_POINT ( 'NONE',  ( 2.296560377740040959, -28.49999999999997513, 4.016179778550139190 ) ) ;
#159 = CARTESIAN_POINT ( 'NONE',  ( 3.257583998163493533, -26.59999999999997655, 2.957726575413680337 ) ) ;
#160 = CARTESIAN_POINT ( 'NONE',  ( -17.50000000000000000, 8.000000000000000000, 31.00000000000000000 ) ) ;
#161 = CARTESIAN_POINT ( 'NONE',  ( 8.908906796682282803, 107.0000000000000000, -3.298693633550736859 ) ) ;
#162 = AXIS2_PLACEMENT_3D ( 'NONE', #3373, #1138, #1025 ) ;
#163 = CARTESIAN_POINT ( 'NONE',  ( 0.5026948701872618885, -29.89999999999997371, -4.599042014347152652 ) ) ;
#164 = CARTESIAN_POINT ( 'NONE',  ( 22.50000000000000000, 0.000000000000000000, -26.00000000000000355 ) ) ;
#165 = EDGE_CURVE ( 'NONE', #3675, #1797, #6508, .T. ) ;
#166 = DIRECTION ( 'NONE',  ( 5.551115123125790098E-17, 0.000000000000000000, 1.000000000000000000 ) ) ;
#167 = EDGE_LOOP ( 'NONE', ( #4297, #2659, #3308, #357 ) ) ;
#168 = CARTESIAN_POINT ( 'NONE',  ( 3.534020185992324592, -25.09999999999996234, -3.892302859491016953 ) ) ;
#169 = CARTESIAN_POINT ( 'NONE',  ( -0.8499999999999928724, -39.34510582498344888, -1.810386699023193824 ) ) ;
#170 = ORIENTED_EDGE ( 'NONE', *, *, #558, .F. ) ;
#171 = CARTESIAN_POINT ( 'NONE',  ( -1.806316316930254073, -29.59999999999997300, 4.012134265349355466 ) ) ;
#172 = LINE ( 'NONE', #6873, #3349 ) ;
#173 = DIRECTION ( 'NONE',  ( 0.000000000000000000, -1.000000000000000000, 0.000000000000000000 ) ) ;
#174 = EDGE_CURVE ( 'NONE', #6476, #3975, #4512, .T. ) ;
#175 = VERTEX_POINT ( 'NONE', #4103 ) ;
#176 = FACE_OUTER_BOUND ( 'NONE', #3103, .T. ) ;
#177 = CARTESIAN_POINT ( 'NONE',  ( 0.2381927979256775740, -36.07594111842690410, 1.988858140050718371 ) ) ;
#178 = ORIENTED_EDGE ( 'NONE', *, *, #3638, .F. ) ;
#179 = CIRCLE ( 'NONE', #1107, 3.249999999999996003 ) ;
#180 = CARTESIAN_POINT ( 'NONE',  ( -3.257583998163493533, -26.99999999999997513, -2.957726575413957892 ) ) ;
#181 = VERTEX_POINT ( 'NONE', #6370 ) ;
#182 = CARTESIAN_POINT ( 'NONE',  ( 6.297678350335438324, -35.00000000000004974, 0.1710186999026464538 ) ) ;
#183 = FACE_OUTER_BOUND ( 'NONE', #3968, .T. ) ;
#184 = CARTESIAN_POINT ( 'NONE',  ( -4.298415381974976412, -2.077341958608790229, -0.1167270491399377691 ) ) ;
#185 = FACE_OUTER_BOUND ( 'NONE', #1567, .T. ) ;
#186 = PLANE ( 'NONE',  #780 ) ;
#187 = CARTESIAN_POINT ( 'NONE',  ( -0.8499999999999928724, -40.80000000000007532, -3.059105261346643623 ) ) ;
#188 = CARTESIAN_POINT ( 'NONE',  ( 6.673271704649158998E-15, -33.65000000000005542, -2.616489132307001197E-14 ) ) ;
#189 = VERTEX_POINT ( 'NONE', #5240 ) ;
#190 = CARTESIAN_POINT ( 'NONE',  ( 3.701799997913060025, -22.59999999999997300, 3.361052926606473257 ) ) ;
#191 = EDGE_CURVE ( 'NONE', #708, #3770, #4023, .T. ) ;
#192 = CARTESIAN_POINT ( 'NONE',  ( 3.819613949003068498, -24.99999999999997513, -2.184158712315064310 ) ) ;
#193 = CIRCLE ( 'NONE', #4053, 6.299999999999998934 ) ;
#194 = CARTESIAN_POINT ( 'NONE',  ( 3.257583998163493533, -28.59999999999997655, 2.957726575413680337 ) ) ;
#195 = DIRECTION ( 'NONE',  ( -0.000000000000000000, 1.000000000000000000, -0.000000000000000000 ) ) ;
#196 = PLANE ( 'NONE',  #6995 ) ;
#197 = ADVANCED_FACE ( 'NONE', ( #765 ), #6262, .F. ) ;
#198 = VECTOR ( 'NONE', #611, 1000.000000000000114 ) ;
#199 = CIRCLE ( 'NONE', #7089, 8.000000000000000000 ) ;
#200 = CARTESIAN_POINT ( 'NONE',  ( -2.296560377740040071, -30.09999999999997655, -4.016179778550416302 ) ) ;
#201 = PERSON_AND_ORGANIZATION ( #960, #2371 ) ;
#202 = AXIS2_PLACEMENT_3D ( 'NONE', #5612, #588, #1184 ) ;
#203 = CARTESIAN_POINT ( 'NONE',  ( -5.997788905081355537, -41.85000000000005116, -0.1628749522882889378 ) ) ;
#204 = ORIENTED_EDGE ( 'NONE', *, *, #801, .F. ) ;
#205 = CIRCLE ( 'NONE', #4865, 5.799999999999999822 ) ;
#206 = CARTESIAN_POINT ( 'NONE',  ( 0.5712441706673430097, -23.29999999999997229, -5.226184107212652918 ) ) ;
#207 = DIRECTION ( 'NONE',  ( 0.000000000000000000, 0.000000000000000000, -1.000000000000000000 ) ) ;
#208 = ORIENTED_EDGE ( 'NONE', *, *, #949, .F. ) ;
#209 = EDGE_CURVE ( 'NONE', #6589, #6650, #5816, .T. ) ;
#210 = CARTESIAN_POINT ( 'NONE',  ( -3.109937763673246813, -22.09999999999996945, 3.425226516351835393 ) ) ;
#211 = CARTESIAN_POINT ( 'NONE',  ( 3.257583998163493533, -24.59999999999997655, 2.957726575413680337 ) ) ;
#212 = DIRECTION ( 'NONE',  ( -1.883233150365978123E-16, 1.000000000000000000, 2.719624996528670136E-16 ) ) ;
#213 = CIRCLE ( 'NONE', #5820, 1.649999999999998579 ) ;
#214 = AXIS2_PLACEMENT_3D ( 'NONE', #1784, #6241, #2763 ) ;
#215 = AXIS2_PLACEMENT_3D ( 'NONE', #3092, #884, #3531 ) ;
#216 = VERTEX_POINT ( 'NONE', #5277 ) ;
#217 = FACE_OUTER_BOUND ( 'NONE', #4413, .T. ) ;
#218 = CARTESIAN_POINT ( 'NONE',  ( 0.8758929018466863337, -34.96201299427824694, 1.798690713533344976 ) ) ;
#219 = VERTEX_POINT ( 'NONE', #229 ) ;
#220 = CARTESIAN_POINT ( 'NONE',  ( 2.609727701977319736, -31.89999999999997371, 4.563840657443357429 ) ) ;
#221 = ORIENTED_EDGE ( 'NONE', *, *, #621, .T. ) ;
#222 = CIRCLE ( 'NONE', #5361, 3.249999999999996003 ) ;
#223 = CARTESIAN_POINT ( 'NONE',  ( 2.825076012482430390E-17, -26.49999999999999289, 11.19999999999993889 ) ) ;
#224 = DIRECTION ( 'NONE',  ( 0.7071067811865474617, 0.000000000000000000, 0.7071067811865474617 ) ) ;
#225 = CIRCLE ( 'NONE', #1404, 1.700000000000000178 ) ;
#226 = CYLINDRICAL_SURFACE ( 'NONE', #3482, 6.000000000000000888 ) ;
#227 = CARTESIAN_POINT ( 'NONE',  ( -16.75000000000000000, 3.400000000000000355, 28.49999999999999645 ) ) ;
#228 = CARTESIAN_POINT ( 'NONE',  ( 3.109937763673246813, -27.69999999999997442, -3.425226516352113837 ) ) ;
#229 = CARTESIAN_POINT ( 'NONE',  ( 22.50000000000000000, 98.00000000000000000, 26.00000000000000355 ) ) ;
#230 = DIRECTION ( 'NONE',  ( 0.000000000000000000, 0.000000000000000000, -1.000000000000000000 ) ) ;
#231 = CARTESIAN_POINT ( 'NONE',  ( -0.8499999999999926503, -41.90000000000007674, -3.575349633252698389 ) ) ;
#232 = ORIENTED_EDGE ( 'NONE', *, *, #7136, .F. ) ;
#233 = CARTESIAN_POINT ( 'NONE',  ( -3.701799997913060025, -23.59999999999997655, -3.361052926606751257 ) ) ;
#234 = DIRECTION ( 'NONE',  ( 2.314815006343451387E-14, 0.000000000000000000, 1.000000000000000000 ) ) ;
#235 = CARTESIAN_POINT ( 'NONE',  ( -4.373948876459917479, -23.79999999999997229, -0.4780912319998809612 ) ) ;
#236 = LINE ( 'NONE', #6930, #1954 ) ;
#237 = DIRECTION ( 'NONE',  ( 0.000000000000000000, 0.000000000000000000, 1.000000000000000000 ) ) ;
#238 = CARTESIAN_POINT ( 'NONE',  ( -2.609727701977318404, -33.49999999999997868, -4.563840657443635429 ) ) ;
#239 = EDGE_CURVE ( 'NONE', #5259, #6019, #4638, .T. ) ;
#240 = DATE_AND_TIME ( #5253, #2533 ) ;
#241 = DIRECTION ( 'NONE',  ( 0.000000000000000000, 0.000000000000000000, 1.000000000000000000 ) ) ;
#242 = ORIENTED_EDGE ( 'NONE', *, *, #3277, .T. ) ;
#243 = CARTESIAN_POINT ( 'NONE',  ( 2.052632178329834467, -23.19999999999997797, -4.559243483351837156 ) ) ;
#244 = LINE ( 'NONE', #3568, #908 ) ;
#245 = VERTEX_POINT ( 'NONE', #3489 ) ;
#246 = CARTESIAN_POINT ( 'NONE',  ( 2.296560377740040515, -24.49999999999996447, 4.016179778550139190 ) ) ;
#247 = CARTESIAN_POINT ( 'NONE',  ( 0.000000000000000000, 0.000000000000000000, 14.00000000000000000 ) ) ;
#249 = EDGE_CURVE ( 'NONE', #5184, #1084, #2658, .T. ) ;
#248 = EDGE_LOOP ( 'NONE', ( #4400, #4590, #4739, #6565 ) ) ;
#250 = CARTESIAN_POINT ( 'NONE',  ( 4.410424890600284975, 104.0000000000000000, 11.91140149678903626 ) ) ;
#251 = EDGE_CURVE ( 'NONE', #7242, #3030, #7134, .T. ) ;
#252 = CYLINDRICAL_SURFACE ( 'NONE', #3363, 1.700000000000000178 ) ;
#253 = ORIENTED_EDGE ( 'NONE', *, *, #4783, .F. ) ;
#254 = CARTESIAN_POINT ( 'NONE',  ( -4.340470396594395375, -29.39999999999997726, 2.481998536721367721 ) ) ;
#255 = ORIENTED_EDGE ( 'NONE', *, *, #3462, .T. ) ;
#256 = DIRECTION ( 'NONE',  ( 0.000000000000000000, -0.000000000000000000, 1.000000000000000000 ) ) ;
#257 = DIRECTION ( 'NONE',  ( -1.883233150365925861E-16, 1.000000000000000000, 2.719624996528607520E-16 ) ) ;
#258 = EDGE_CURVE ( 'NONE', #1565, #5844, #3813, .T. ) ;
#259 = CARTESIAN_POINT ( 'NONE',  ( -22.50000000000000000, 8.000000000000003553, -26.00000000000000355 ) ) ;
#260 = CARTESIAN_POINT ( 'NONE',  ( 5.847844182454338124, -42.00000000000004974, 0.1588030784810250673 ) ) ;
#261 = DIRECTION ( 'NONE',  ( -2.081668171172362031E-17, 1.000000000000000000, 1.110223024625137558E-16 ) ) ;
#262 = LINE ( 'NONE', #6447, #1862 ) ;
#263 = DIRECTION ( 'NONE',  ( -1.883233150365978123E-16, 1.000000000000000000, 2.719624996528670136E-16 ) ) ;
#264 = ORIENTED_EDGE ( 'NONE', *, *, #1317, .T. ) ;
#265 = CARTESIAN_POINT ( 'NONE',  ( -4.793872293848800759, -23.69999999999997087, -2.158265195769866640 ) ) ;
#266 = CARTESIAN_POINT ( 'NONE',  ( 0.8969327537763894798, -22.39999999999997726, 4.307610896448506921 ) ) ;
#267 = CARTESIAN_POINT ( 'NONE',  ( -1.806316316930254073, -28.19999999999997442, 4.012134265349355466 ) ) ;
#268 = DIRECTION ( 'NONE',  ( 0.000000000000000000, 0.000000000000000000, 1.000000000000000000 ) ) ;
#269 = DIRECTION ( 'NONE',  ( 0.000000000000000000, 0.000000000000000000, 1.000000000000000000 ) ) ;
#270 = APPLICATION_PROTOCOL_DEFINITION ( 'international standard', 'config_control_design', 1994, #88 ) ;
#271 = CIRCLE ( 'NONE', #5304, 1.649999999999998579 ) ;
#272 = CYLINDRICAL_SURFACE ( 'NONE', #909, 3.674999999999999822 ) ;
#273 = ORIENTED_EDGE ( 'NONE', *, *, #693, .F. ) ;
#274 = CARTESIAN_POINT ( 'NONE',  ( -4.340470396594395375, -23.99999999999997513, 2.481998536721368165 ) ) ;
#275 = FACE_OUTER_BOUND ( 'NONE', #2144, .T. ) ;
#276 = ORIENTED_EDGE ( 'NONE', *, *, #3558, .T. ) ;
#277 = CARTESIAN_POINT ( 'NONE',  ( -4.410424890600207704, 107.0000000000000000, -11.91140149678913396 ) ) ;
#278 = B_SPLINE_CURVE_WITH_KNOTS ( 'NONE', 3,
 ( #7147, #5393, #2689, #2135, #2024, #1992, #4796, #4360, #5939, #6598, #928, #1447, #5902, #963, #5362, #346, #2577, #3168 ),
 .UNSPECIFIED., .F., .F.,
 ( 4, 2, 2, 2, 2, 2, 2, 2, 4 ),
 ( 7.667880730885553989E-20, 0.0003565829035256478903, 0.0007131658070512957807, 0.001069748710576943563, 0.001426331614102591345, 0.001782914517628239126, 0.002139497421153887125, 0.002496080324679534907, 0.002852663228205182689 ),
 .UNSPECIFIED. ) ;
#279 = VERTEX_POINT ( 'NONE', #5717 ) ;
#280 = DIRECTION ( 'NONE',  ( 1.883233150365925861E-16, -1.000000000000000000, -2.719624996528607520E-16 ) ) ;
#281 = CARTESIAN_POINT ( 'NONE',  ( 0.8499999999999959810, 20.26087079120528145, 3.575349633252657977 ) ) ;
#282 = ORIENTED_EDGE ( 'NONE', *, *, #1597, .F. ) ;
#283 = CARTESIAN_POINT ( 'NONE',  ( 0.5712441706673430097, -28.69999999999997442, -5.226184107212654695 ) ) ;
#284 = VERTEX_POINT ( 'NONE', #697 ) ;
#285 = CARTESIAN_POINT ( 'NONE',  ( -3.534020185992325924, -30.69999999999997442, 3.892302859490741618 ) ) ;
#286 = CARTESIAN_POINT ( 'NONE',  ( 4.529290134332890183, -28.89999999999997726, -0.9430909082780154495 ) ) ;
#287 = CARTESIAN_POINT ( 'NONE',  ( 0.8500000000000071942, -39.40000000000006253, 3.575349633252641990 ) ) ;
#288 = ADVANCED_FACE ( 'NONE', ( #4714 ), #186, .T. ) ;
#289 = CARTESIAN_POINT ( 'NONE',  ( 17.50000000000000000, 8.000000000000003553, 31.00000000000000000 ) ) ;
#290 = DIRECTION ( 'NONE',  ( -1.883233150365978123E-16, 1.000000000000000000, 2.719624996528670136E-16 ) ) ;
#291 = FACE_OUTER_BOUND ( 'NONE', #3369, .T. ) ;
#292 = CARTESIAN_POINT ( 'NONE',  ( -0.1346640787569787223, -33.57239019520022794, -4.516936914040664774 ) ) ;
#293 = CARTESIAN_POINT ( 'NONE',  ( 7.530142788065678365E-15, -38.20000000000005258, -2.740232069649055721E-14 ) ) ;
#294 = EDGE_CURVE ( 'NONE', #6708, #219, #4682, .T. ) ;
#295 = CARTESIAN_POINT ( 'NONE',  ( 7.228825484007122693E-15, -36.60000000000005826, -2.696718069704596873E-14 ) ) ;
#296 = ORIENTED_EDGE ( 'NONE', *, *, #3065, .T. ) ;
#297 = VECTOR ( 'NONE', #4020, 1000.000000000000000 ) ;
#298 = LINE ( 'NONE', #921, #4514 ) ;
#299 = CARTESIAN_POINT ( 'NONE',  ( 0.5026948701872618885, -32.69999999999997442, -4.599042014347152652 ) ) ;
#300 = CARTESIAN_POINT ( 'NONE',  ( -0.8499999999999928724, -40.80000000000007532, -3.059105261346643623 ) ) ;
#301 = DIRECTION ( 'NONE',  ( 1.722095177413784133E-18, 0.7071067811865469066, 0.7071067811865482389 ) ) ;
#302 = ADVANCED_FACE ( 'NONE', ( #6815 ), #5162, .F. ) ;
#303 = DIRECTION ( 'NONE',  ( 0.000000000000000000, 0.000000000000000000, -1.000000000000000000 ) ) ;
#304 = CARTESIAN_POINT ( 'NONE',  ( 0.000000000000000000, 0.000000000000000000, -25.50000000000000000 ) ) ;
#305 = VERTEX_POINT ( 'NONE', #1908 ) ;
#306 = CARTESIAN_POINT ( 'NONE',  ( -0.5712441706673427877, -26.29999999999997229, 5.226184107212377583 ) ) ;
#307 = CARTESIAN_POINT ( 'NONE',  ( 16.74999999999999289, 104.0000000000000142, 23.55000000000000071 ) ) ;
#308 = ORIENTED_EDGE ( 'NONE', *, *, #3015, .F. ) ;
#309 = VECTOR ( 'NONE', #367, 1000.000000000000000 ) ;
#310 = ADVANCED_FACE ( 'NONE', ( #1943 ), #2386, .F. ) ;
#311 = DIRECTION ( 'NONE',  ( -1.249000902703301108E-16, 8.896017825522087613E-16, -1.000000000000000000 ) ) ;
#312 = VECTOR ( 'NONE', #5662, 999.9999999999998863 ) ;
#313 = AXIS2_PLACEMENT_3D ( 'NONE', #6921, #5344, #6369 ) ;
#314 = VERTEX_POINT ( 'NONE', #3625 ) ;
#315 = CARTESIAN_POINT ( 'NONE',  ( 6.297678350335439212, -38.20000000000005258, 0.1710186999026455934 ) ) ;
#316 = DIRECTION ( 'NONE',  ( 0.02714582538137678969, 2.769744689945855113E-16, -0.9996314841802272921 ) ) ;
#317 = ORIENTED_EDGE ( 'NONE', *, *, #1411, .T. ) ;
#318 = CARTESIAN_POINT ( 'NONE',  ( 4.793872293848802535, -28.09999999999997655, 2.158265195769588196 ) ) ;
#319 = ORIENTED_EDGE ( 'NONE', *, *, #21, .F. ) ;
#320 = CARTESIAN_POINT ( 'NONE',  ( 3.109937763673247257, -31.09999999999997655, -3.425226516352112061 ) ) ;
#321 = CIRCLE ( 'NONE', #438, 1.700000000000000178 ) ;
#322 = AXIS2_PLACEMENT_3D ( 'NONE', #5332, #316, #1321 ) ;
#323 = VECTOR ( 'NONE', #280, 1000.000000000000000 ) ;
#324 = DIRECTION ( 'NONE',  ( -1.883233150365925861E-16, 1.000000000000000000, 2.719624996528607520E-16 ) ) ;
#325 = EDGE_CURVE ( 'NONE', #2877, #2649, #3083, .T. ) ;
#326 = CARTESIAN_POINT ( 'NONE',  ( -4.529290134332890183, -21.89999999999996305, 0.9430909082777386709 ) ) ;
#327 = AXIS2_PLACEMENT_3D ( 'NONE', #5653, #5620, #87 ) ;
#328 = FACE_OUTER_BOUND ( 'NONE', #3319, .T. ) ;
#329 = CARTESIAN_POINT ( 'NONE',  ( 4.218607618586946550, -27.29999999999997584, 1.899273372277221039 ) ) ;
#330 = CARTESIAN_POINT ( 'NONE',  ( -4.178777581141464026, -33.76627030866159629, -1.395878005381540499 ) ) ;
#331 = CARTESIAN_POINT ( 'NONE',  ( 8.217522887949261152E-15, -41.85000000000005116, -2.839498382022352361E-14 ) ) ;
#332 = AXIS2_PLACEMENT_3D ( 'NONE', #6668, #1662, #2243 ) ;
#333 = LINE ( 'NONE', #3049, #5174 ) ;
#334 = ORIENTED_EDGE ( 'NONE', *, *, #4288, .F. ) ;
#335 = CARTESIAN_POINT ( 'NONE',  ( -8.110363845595179200, 104.0000000000000000, 9.775240745137610432 ) ) ;
#336 = EDGE_CURVE ( 'NONE', #2025, #5268, #4283, .T. ) ;
#337 = VECTOR ( 'NONE', #1842, 1000.000000000000000 ) ;
#338 = CARTESIAN_POINT ( 'NONE',  ( -3.701799997913060025, -29.59999999999997655, -3.361052926606751257 ) ) ;
#339 = DIRECTION ( 'NONE',  ( 0.000000000000000000, -1.000000000000000000, -0.000000000000000000 ) ) ;
#340 = CARTESIAN_POINT ( 'NONE',  ( 3.819613949003068054, -32.39999999999997016, -2.184158712315064310 ) ) ;
#341 = CARTESIAN_POINT ( 'NONE',  ( 2.052632178329834023, -22.59999999999997655, -4.559243483351834492 ) ) ;
#342 = CARTESIAN_POINT ( 'NONE',  ( 2.296560377740041403, -25.09999999999996945, 4.016179778550139190 ) ) ;
#343 = CARTESIAN_POINT ( 'NONE',  ( -4.529290134332889295, -28.49999999999997868, 0.9430909082777385599 ) ) ;
#344 = DIRECTION ( 'NONE',  ( 0.000000000000000000, -0.000000000000000000, -1.000000000000000000 ) ) ;
#345 = ADVANCED_FACE ( 'NONE', ( #3553, #5785 ), #2122, .F. ) ;
#346 = CARTESIAN_POINT ( 'NONE',  ( -0.2389101988425106349, -36.07558363664000467, 1.988710403826658091 ) ) ;
#347 = VERTEX_POINT ( 'NONE', #5416 ) ;
#348 = CARTESIAN_POINT ( 'NONE',  ( 2.609727701977319736, -29.09999999999997655, 4.563840657443357429 ) ) ;
#349 = FACE_OUTER_BOUND ( 'NONE', #689, .T. ) ;
#350 = ORIENTED_EDGE ( 'NONE', *, *, #4209, .T. ) ;
#351 = CARTESIAN_POINT ( 'NONE',  ( -17.50000000000000000, 98.00000000000000000, -31.00000000000000000 ) ) ;
#352 = EDGE_LOOP ( 'NONE', ( #5189, #5372, #2820, #1760 ) ) ;
#353 = CARTESIAN_POINT ( 'NONE',  ( -5.997788905081362643, -2.077341958608790673, -0.1628749522882783352 ) ) ;
#354 = DIRECTION ( 'NONE',  ( 0.9996314841802272921, 1.808712683899153303E-16, 0.02714582538137666826 ) ) ;
#355 = ORIENTED_EDGE ( 'NONE', *, *, #2905, .T. ) ;
#356 = CARTESIAN_POINT ( 'NONE',  ( -2.052632178329834023, -27.59999999999997300, 4.559243483351559156 ) ) ;
#357 = ORIENTED_EDGE ( 'NONE', *, *, #435, .F. ) ;
#358 = CARTESIAN_POINT ( 'NONE',  ( 3.534020185992327256, -31.69999999999996732, -3.892302859491017397 ) ) ;
#359 = CARTESIAN_POINT ( 'NONE',  ( -2.296560377740040071, -33.49999999999997868, -4.016179778550416302 ) ) ;
#360 = CARTESIAN_POINT ( 'NONE',  ( -16.75000000000000711, 100.5999999999999943, -23.55000000000000071 ) ) ;
#361 = CARTESIAN_POINT ( 'NONE',  ( -0.9785541561274410105, -22.03502864176074993, 4.802517485146578835 ) ) ;
#362 = CARTESIAN_POINT ( 'NONE',  ( -16.75000000000000000, 3.851859888774471706E-31, 28.49999999999999645 ) ) ;
#363 = CARTESIAN_POINT ( 'NONE',  ( -7.999999999999998224, -33.99999999999997868, -7.363264102658385079E-14 ) ) ;
#364 = CARTESIAN_POINT ( 'NONE',  ( -0.6499999999999929168, -39.20000000000005969, 1.891428031937745002 ) ) ;
#365 = LINE ( 'NONE', #3117, #6699 ) ;
#366 = ORIENTED_EDGE ( 'NONE', *, *, #1686, .F. ) ;
#367 = DIRECTION ( 'NONE',  ( -1.883233150365978123E-16, 1.000000000000000000, 2.719624996528670136E-16 ) ) ;
#368 = EDGE_CURVE ( 'NONE', #5659, #2931, #5701, .T. ) ;
#369 = CARTESIAN_POINT ( 'NONE',  ( -3.701799997913060025, -25.59999999999997655, -3.361052926606751257 ) ) ;
#370 = CARTESIAN_POINT ( 'NONE',  ( 16.75000000000363798, 3.851859888774471706E-31, -22.00000000004301270 ) ) ;
#371 = CARTESIAN_POINT ( 'NONE',  ( 4.373948876459917479, -26.19999999999997442, 0.4780912319996027948 ) ) ;
#372 = CARTESIAN_POINT ( 'NONE',  ( -2.052632178329834023, -21.59999999999997300, 4.559243483351559156 ) ) ;
#373 = B_SPLINE_CURVE_WITH_KNOTS ( 'NONE', 3,
 ( #6444, #2562, #4781, #4101, #3111, #5749 ),
 .UNSPECIFIED., .F., .F.,
 ( 4, 2, 4 ),
 ( 0.000000000000000000, 0.0001622342370891258169, 0.0003244684741782516337 ),
 .UNSPECIFIED. ) ;
#374 = CARTESIAN_POINT ( 'NONE',  ( 0.5026948701872619996, -25.29999999999997229, -4.599042014347151763 ) ) ;
#375 = EDGE_CURVE ( 'NONE', #5581, #6214, #402, .T. ) ;
#376 = CARTESIAN_POINT ( 'NONE',  ( 0.8969327537763897018, -28.99999999999997513, 4.307610896448506921 ) ) ;
#377 = CARTESIAN_POINT ( 'NONE',  ( 16.74999999999999289, 0.000000000000000000, 25.25000000000000000 ) ) ;
#378 = VERTEX_POINT ( 'NONE', #2337 ) ;
#379 = CARTESIAN_POINT ( 'NONE',  ( -0.5712441706673425657, -30.89999999999997371, 5.226184107212376695 ) ) ;
#380 = DIRECTION ( 'NONE',  ( 0.000000000000000000, 0.000000000000000000, 1.000000000000000000 ) ) ;
#381 = EDGE_CURVE ( 'NONE', #6536, #2581, #4085, .T. ) ;
#382 = DIRECTION ( 'NONE',  ( -1.883233150365978123E-16, 1.000000000000000000, 2.719624996528670136E-16 ) ) ;
#383 = AXIS2_PLACEMENT_3D ( 'NONE', #1409, #4172, #1985 ) ;
#384 = CARTESIAN_POINT ( 'NONE',  ( 4.218607618586946550, -33.29999999999997584, 1.899273372277221039 ) ) ;
#385 = ORIENTED_EDGE ( 'NONE', *, *, #6505, .F. ) ;
#386 = CARTESIAN_POINT ( 'NONE',  ( 0.5026948701872619996, -31.29999999999997229, -4.599042014347153540 ) ) ;
#387 = CARTESIAN_POINT ( 'NONE',  ( 16.74999999999999289, 100.5999999999999943, 22.00000000000000355 ) ) ;
#388 = ORIENTED_EDGE ( 'NONE', *, *, #5797, .T. ) ;
#389 = CARTESIAN_POINT ( 'NONE',  ( 3.701799997913059581, -25.99999999999997513, 3.361052926606474589 ) ) ;
#390 = ORIENTED_EDGE ( 'NONE', *, *, #6505, .T. ) ;
#391 = CARTESIAN_POINT ( 'NONE',  ( 1.019241765654988363, -30.99999999999997868, 4.895012382327868394 ) ) ;
#392 = DIRECTION ( 'NONE',  ( -0.000000000000000000, 1.000000000000000000, -0.000000000000000000 ) ) ;
#393 = CARTESIAN_POINT ( 'NONE',  ( 4.529290134332889295, -23.49999999999997158, -0.9430909082780156716 ) ) ;
#394 = CARTESIAN_POINT ( 'NONE',  ( -0.8499999999999927613, -39.40000000000006253, 1.810386699023138535 ) ) ;
#395 = CARTESIAN_POINT ( 'NONE',  ( -4.435839289573014099, -21.89367020709105915, 2.304132207812152444 ) ) ;
#396 = LINE ( 'NONE', #29, #198 ) ;
#397 = CARTESIAN_POINT ( 'NONE',  ( -4.340470396594395375, -27.39999999999997371, 2.481998536721367721 ) ) ;
#398 = CARTESIAN_POINT ( 'NONE',  ( -4.891011759094804567, -33.77750414042105120, -1.269558132284155372 ) ) ;
#399 = CARTESIAN_POINT ( 'NONE',  ( -16.75000000000000711, 104.0000000000000142, -25.25000000000000000 ) ) ;
#400 = DIRECTION ( 'NONE',  ( -1.000000000000000000, 0.000000000000000000, 0.000000000000000000 ) ) ;
#401 = CARTESIAN_POINT ( 'NONE',  ( -1.806316316930254073, -30.79999999999997939, 4.012134265349355466 ) ) ;
#402 = B_SPLINE_CURVE_WITH_KNOTS ( 'NONE', 3,
 ( #983, #398, #3220, #4270, #2634, #1120, #5994, #4314, #2596, #4748, #4451, #4815, #5381, #6686, #1674, #7021, #3187, #4784, #2009, #6509, #1983, #4849, #6992, #3357, #1507, #7096, #4239, #2089, #2564, #6550, #5925, #1463, #6474, #1544, #6446, #2678, #3755, #947, #4205, #292, #7051, #2046, #3723, #5450, #3888, #2526, #3654, #5346, #439, #6125, #5891, #4894, #871, #3113, #330, #914, #4005, #5065, #572, #5107, #100 ),
 .UNSPECIFIED., .F., .F.,
 ( 4, 2, 2, 2, 2, 2, 2, 2, 2, 2, 2, 2, 2, 2, 2, 2, 2, 2, 2, 2, 2, 2, 1, 2, 2, 2, 2, 2, 2, 2, 4 ),
 ( -1.417901769200770579E-05, 0.002178652377245333168, 0.004371483772182673498, 0.005467899469651344747, 0.006564315167120014262, 0.007112523015854348152, 0.007660730864588682909, 0.008208938713323017666, 0.008757146562057352424, 0.009031250486424519802, 0.009168302448608103492, 0.009236828429699896204, 0.009271091420245791692, 0.009288222915518742906, 0.009305354410791690650, 0.009373880391883488566, 0.009442406372975286483, 0.009579458335158880580, 0.009853562259526067041, 0.01094997795699481809, 0.01204639365446356740, 0.01259460150319794032, 0.01314280935193231324, 0.01369101720066668963, 0.01423922504940106255, 0.01533564074686981187, 0.01588384859560418999, 0.01643205644433856638, 0.01698026429307294277, 0.01725436821744012750, 0.01752847214180731569 ),
 .UNSPECIFIED. ) ;
#403 = ORIENTED_EDGE ( 'NONE', *, *, #3149, .F. ) ;
#404 = DIRECTION ( 'NONE',  ( 0.000000000000000000, 0.000000000000000000, 1.000000000000000000 ) ) ;
#405 = CARTESIAN_POINT ( 'NONE',  ( -5.146920607196466158, -27.89999999999997016, 1.071694213951994712 ) ) ;
#406 = CARTESIAN_POINT ( 'NONE',  ( 17.50000000000000000, 8.000000000000003553, -31.00000000000000000 ) ) ;
#407 = CARTESIAN_POINT ( 'NONE',  ( -4.529290134332889295, -23.29999999999997229, 0.9430909082777385599 ) ) ;
#408 = CARTESIAN_POINT ( 'NONE',  ( -3.257583998163493089, -23.59999999999997655, -2.957726575413957892 ) ) ;
#409 = APPROVAL_ROLE ( '' ) ;
#410 = TOROIDAL_SURFACE ( 'NONE', #1113, 6.299999999999999822, 0.5000000000000008882 ) ;
#411 = EDGE_CURVE ( 'NONE', #711, #6790, #52, .T. ) ;
#412 = CARTESIAN_POINT ( 'NONE',  ( -16.75000000000000711, 104.0000000000000142, -28.50000000000000000 ) ) ;
#413 = ORIENTED_EDGE ( 'NONE', *, *, #3434, .F. ) ;
#414 = CARTESIAN_POINT ( 'NONE',  ( -2.052632178329834023, -32.79999999999997584, 4.559243483351559156 ) ) ;
#416 = DIRECTION ( 'NONE',  ( -0.3472309087948249329, 9.688626205868643696E-17, -0.9377796628086577657 ) ) ;
#415 = CARTESIAN_POINT ( 'NONE',  ( 3.819613949003068498, -32.99999999999997158, -2.184158712315064310 ) ) ;
#417 = EDGE_CURVE ( 'NONE', #6437, #145, #5230, .T. ) ;
#418 = CARTESIAN_POINT ( 'NONE',  ( 22.50000000000000000, 98.00000000000000000, -26.00000000000000355 ) ) ;
#419 = ORIENTED_EDGE ( 'NONE', *, *, #4240, .T. ) ;
#420 = CARTESIAN_POINT ( 'NONE',  ( -1.806316316930254073, -32.19999999999998153, 4.012134265349355466 ) ) ;
#421 = CARTESIAN_POINT ( 'NONE',  ( 6.927508179948566233E-15, -35.00000000000004974, -2.653204069760138340E-14 ) ) ;
#422 = ORIENTED_EDGE ( 'NONE', *, *, #3249, .F. ) ;
#423 = EDGE_CURVE ( 'NONE', #3592, #5636, #4752, .T. ) ;
#424 = AXIS2_PLACEMENT_3D ( 'NONE', #7227, #1692, #3954 ) ;
#425 = CARTESIAN_POINT ( 'NONE',  ( 3.534020185992327256, -24.49999999999997513, -3.892302859491017397 ) ) ;
#426 = ORIENTED_EDGE ( 'NONE', *, *, #2697, .T. ) ;
#427 = CARTESIAN_POINT ( 'NONE',  ( 3.819613949003068498, -30.99999999999997513, -2.184158712315064310 ) ) ;
#428 = CARTESIAN_POINT ( 'NONE',  ( -4.218607618586946550, -33.69999999999996021, -1.899273372277498817 ) ) ;
#429 = CARTESIAN_POINT ( 'NONE',  ( 22.50000000000000000, 8.000000000000000000, -26.00000000000000355 ) ) ;
#430 = OPEN_SHELL ( 'NONE', ( #7221, #727, #1761, #3758, #1105, #5015, #5954, #4946, #788, #4947, #4887, #1330, #3420, #1295, #4908, #2155, #2615, #3023, #4746, #462, #5660, #2670, #1810, #5752, #2236, #3612, #6586, #4438, #1182, #6356, #5786, #512, #2712 ) ) ;
#431 = AXIS2_PLACEMENT_3D ( 'NONE', #1362, #2007, #5853 ) ;
#432 = CARTESIAN_POINT ( 'NONE',  ( 0.8947027204747608486, -22.09763803041423813, 4.652729616583865635 ) ) ;
#433 = LINE ( 'NONE', #6099, #5458 ) ;
#434 = CARTESIAN_POINT ( 'NONE',  ( -3.534020185992325924, -27.49999999999997868, 3.892302859490741618 ) ) ;
#435 = EDGE_CURVE ( 'NONE', #3617, #3244, #4557, .T. ) ;
#436 = ADVANCED_FACE ( 'NONE', ( #4589 ), #6799, .T. ) ;
#437 = CARTESIAN_POINT ( 'NONE',  ( 3.257583998163493533, -27.99999999999997158, 2.957726575413679893 ) ) ;
#438 = AXIS2_PLACEMENT_3D ( 'NONE', #2580, #3137, #4799 ) ;
#439 = CARTESIAN_POINT ( 'NONE',  ( -3.129925912462059756, -33.69234319893656249, -3.142607755747164777 ) ) ;
#440 = AXIS2_PLACEMENT_3D ( 'NONE', #5141, #7241, #6758 ) ;
#441 = CIRCLE ( 'NONE', #2546, 14.00000000000000000 ) ;
#442 = DIRECTION ( 'NONE',  ( 0.6385255567472922777, 9.873481602195248993E-17, -0.7696006193998029543 ) ) ;
#443 = CARTESIAN_POINT ( 'NONE',  ( 1.088664100233566412, -25.76459544320838191, 1.679517334218675328 ) ) ;
#444 = AXIS2_PLACEMENT_3D ( 'NONE', #7190, #4987, #380 ) ;
#445 = CARTESIAN_POINT ( 'NONE',  ( 1.806316316930254740, -29.79999999999997229, -4.012134265349632578 ) ) ;
#446 = ORIENTED_EDGE ( 'NONE', *, *, #6559, .T. ) ;
#447 = CARTESIAN_POINT ( 'NONE',  ( 0.8500000000000075273, -42.00000000000005684, 1.810386699023139423 ) ) ;
#448 = CARTESIAN_POINT ( 'NONE',  ( 3.534020185992325480, -27.09999999999997300, -3.892302859491017397 ) ) ;
#449 = CARTESIAN_POINT ( 'NONE',  ( -1.207807306469915298, -26.06742923377401411, 1.594254474322557957 ) ) ;
#450 = CIRCLE ( 'NONE', #2439, 5.799999999999999822 ) ;
#451 = CARTESIAN_POINT ( 'NONE',  ( 3.819613949003068054, -22.39999999999997016, -2.184158712315064310 ) ) ;
#452 = CARTESIAN_POINT ( 'NONE',  ( -2.052632178329834023, -32.19999999999998153, 4.559243483351559156 ) ) ;
#453 = CARTESIAN_POINT ( 'NONE',  ( 8.908906796682282803, 115.6000000000000369, -3.298693633550736859 ) ) ;
#454 = COORDINATED_UNIVERSAL_TIME_OFFSET ( 8, 0, .AHEAD. ) ;
#455 = AXIS2_PLACEMENT_3D ( 'NONE', #5527, #543, #114 ) ;
#456 = CIRCLE ( 'NONE', #804, 7.800000000000000711 ) ;
#457 = DIRECTION ( 'NONE',  ( 1.000000000000000000, 0.000000000000000000, 0.000000000000000000 ) ) ;
#458 = EDGE_LOOP ( 'NONE', ( #5756, #1230, #2292, #2032 ) ) ;
#459 = CARTESIAN_POINT ( 'NONE',  ( 5.146920607196465269, -27.49999999999997868, -1.071694213952271379 ) ) ;
#460 = EDGE_CURVE ( 'NONE', #6790, #3068, #2369, .T. ) ;
#461 = CARTESIAN_POINT ( 'NONE',  ( 22.50000000000000000, 104.0000000000000142, -26.00000000000000355 ) ) ;
#462 = ADVANCED_FACE ( 'NONE', ( #6761 ), #603, .F. ) ;
#463 = DIRECTION ( 'NONE',  ( 0.000000000000000000, 0.000000000000000000, 1.000000000000000000 ) ) ;
#464 = CARTESIAN_POINT ( 'NONE',  ( -4.373948876459917479, -30.39999999999997371, -0.4780912319998809612 ) ) ;
#465 = VERTEX_POINT ( 'NONE', #6870 ) ;
#466 = DIRECTION ( 'NONE',  ( -1.000000000000000000, 0.000000000000000000, 0.000000000000000000 ) ) ;
#467 = FACE_OUTER_BOUND ( 'NONE', #2004, .T. ) ;
#468 = ORIENTED_EDGE ( 'NONE', *, *, #6328, .F. ) ;
#469 = CARTESIAN_POINT ( 'NONE',  ( -1.019241765654987697, -33.39999999999997726, -4.895012382328145506 ) ) ;
#470 = EDGE_LOOP ( 'NONE', ( #319, #1495, #1493, #3493 ) ) ;
#471 = CARTESIAN_POINT ( 'NONE',  ( 4.218607618586947439, -32.69999999999997442, 1.899273372277220817 ) ) ;
#472 = CARTESIAN_POINT ( 'NONE',  ( 4.218607618586947439, -32.69999999999997442, 1.899273372277220817 ) ) ;
#473 = DIRECTION ( 'NONE',  ( 0.000000000000000000, -0.000000000000000000, 1.000000000000000000 ) ) ;
#474 =( BOUNDED_CURVE ( )  B_SPLINE_CURVE ( 2, ( #498, #7012, #2586, #4804, #3208, #2000, #4225, #5478, #5910, #4298, #4256, #4835, #5434, #6494, #1488, #6537, #420, #2660, #7118, #3709, #935, #5402, #6014, #1004, #4333, #386, #2071, #2695, #1563, #3245, #4916, #7155, #2142, #4411, #2324, #1337, #6648, #6088, #4952, #3851, #5089, #6230, #1883, #5686, #4652, #6854, #3495, #4032, #2393, #7194, #5758, #2941, #4547, #158, #735, #4110, #665, #4611, #1303, #5726, #2360, #6786, #1228, #3993, #6895, #3455, #701, #1263, #1848, #1775, #6267, #126, #6310, #2908, #4073, #5136, #2864, #83, #3527, #4579, #5547, #2730, #2973, #2177, #6821, #5203, #5168, #3557, #192, #2432, #1811, #1640, #6343, #5792, #1080, #3315, #627, #3658, #1412, #1987, #4212, #5314, #4244, #3629, #2572, #1947, #812, #3052, #7026, #5282, #3593, #5861, #4278, #878, #266, #6450, #6477, #843, #5828, #1916, #1438 ),
 .UNSPECIFIED., .F., .T. ) 
 B_SPLINE_CURVE_WITH_KNOTS ( ( 3, 2, 2, 2, 2, 2, 2, 2, 2, 2, 2, 2, 2, 2, 2, 2, 2, 2, 2, 2, 2, 2, 2, 2, 2, 2, 2, 2, 2, 2, 2, 2, 2, 2, 2, 2, 2, 2, 2, 2, 2, 2, 2, 2, 2, 2, 2, 2, 2, 2, 2, 2, 2, 2, 2, 2, 2, 2, 2, 2, 3 ),
 ( 0.000000000000000000, 0.01666666666666666644, 0.03333333333333333287, 0.05000000000000000278, 0.06666666666666666574, 0.08333333333333332871, 0.1000000000000000056, 0.1166666666666666685, 0.1333333333333333315, 0.1499999999999999944, 0.1666666666666666574, 0.1833333333333333204, 0.2000000000000000111, 0.2166666666666666741, 0.2333333333333333370, 0.2500000000000000000, 0.2666666666666666630, 0.2833333333333333259, 0.2999999999999999889, 0.3166666666666666519, 0.3333333333333333148, 0.3499999999999999778, 0.3666666666666666408, 0.3833333333333333592, 0.4000000000000000222, 0.4166666666666666852, 0.4333333333333333481, 0.4500000000000000111, 0.4666666666666666741, 0.4833333333333333370, 0.5000000000000000000, 0.5166666666666667185, 0.5333333333333333259, 0.5500000000000000444, 0.5666666666666666519, 0.5833333333333333703, 0.5999999999999999778, 0.6166666666666666963, 0.6333333333333333037, 0.6500000000000000222, 0.6666666666666666297, 0.6833333333333333481, 0.6999999999999999556, 0.7166666666666666741, 0.7333333333333332815, 0.7500000000000000000, 0.7666666666666667185, 0.7833333333333333259, 0.8000000000000000444, 0.8166666666666666519, 0.8333333333333333703, 0.8499999999999999778, 0.8666666666666666963, 0.8833333333333333037, 0.9000000000000000222, 0.9166666666666666297, 0.9333333333333333481, 0.9499999999999999556, 0.9666666666666666741, 0.9833333333333332815, 1.000000000000000000 ),
 .UNSPECIFIED. ) 
 CURVE ( )  GEOMETRIC_REPRESENTATION_ITEM ( )  RATIONAL_B_SPLINE_CURVE ( ( 1.000000000000000000, 0.9510565162951535312, 1.000000000000000000, 0.9510565162951535312, 1.000000000000000000, 0.9510565162951535312, 1.000000000000000000, 0.9510565162951535312, 1.000000000000000000, 0.9510565162951535312, 1.000000000000000000, 0.9510565162951535312, 1.000000000000000000, 0.9510565162951535312, 1.000000000000000000, 0.9510565162951535312, 1.000000000000000000, 0.9510565162951535312, 1.000000000000000000, 0.9510565162951535312, 1.000000000000000000, 0.9510565162951535312, 1.000000000000000000, 0.9510565162951535312, 1.000000000000000000, 0.9510565162951535312, 1.000000000000000000, 0.9510565162951535312, 1.000000000000000000, 0.9510565162951535312, 1.000000000000000000, 0.9510565162951535312, 1.000000000000000000, 0.9510565162951535312, 1.000000000000000000, 0.9510565162951535312, 1.000000000000000000, 0.9510565162951535312, 1.000000000000000000, 0.9510565162951535312, 1.000000000000000000, 0.9510565162951535312, 1.000000000000000000, 0.9510565162951535312, 1.000000000000000000, 0.9510565162951535312, 1.000000000000000000, 0.9510565162951535312, 1.000000000000000000, 0.9510565162951535312, 1.000000000000000000, 0.9510565162951535312, 1.000000000000000000, 0.9510565162951535312, 1.000000000000000000, 0.9510565162951535312, 1.000000000000000000, 0.9510565162951535312, 1.000000000000000000, 0.9510565162951535312, 1.000000000000000000, 0.9510565162951535312, 1.000000000000000000, 0.9510565162951535312, 1.000000000000000000, 0.9510565162951535312, 1.000000000000000000, 0.9510565162951535312, 1.000000000000000000, 0.9510565162951535312, 1.000000000000000000, 0.9510565162951535312, 1.000000000000000000, 0.9510565162951535312, 1.000000000000000000, 0.9510565162951535312, 1.000000000000000000, 0.9510565162951535312, 1.000000000000000000, 0.9510565162951535312, 1.000000000000000000, 0.9510565162951535312, 1.000000000000000000, 0.9510565162951535312, 1.000000000000000000, 0.9510565162951535312, 1.000000000000000000, 0.9510565162951535312, 1.000000000000000000, 0.9510565162951535312, 1.000000000000000000, 0.9510565162951535312, 1.000000000000000000, 0.9510565162951535312, 1.000000000000000000, 0.9510565162951535312, 1.000000000000000000, 0.9510565162951535312, 1.000000000000000000, 0.9510565162951535312, 1.000000000000000000, 0.9510565162951535312, 1.000000000000000000, 0.9510565162951535312, 1.000000000000000000, 0.9510565162951535312, 1.000000000000000000, 0.9510565162951535312, 1.000000000000000000, 0.9510565162951535312, 1.000000000000000000, 0.9510565162951535312, 1.000000000000000000, 0.9510565162951535312, 1.000000000000000000, 0.9510565162951535312, 1.000000000000000000, 0.9510565162951535312, 1.000000000000000000, 0.9510565162951535312, 1.000000000000000000 ) ) 
 REPRESENTATION_ITEM ( '' )  );
#475 = CARTESIAN_POINT ( 'NONE',  ( 0.000000000000000000, 10.00000000000000000, 23.40000000000000213 ) ) ;
#476 = CARTESIAN_POINT ( 'NONE',  ( 7.530142788065678365E-15, -38.20000000000005258, -2.740232069649055721E-14 ) ) ;
#477 = CARTESIAN_POINT ( 'NONE',  ( -3.534020185992325924, -25.49999999999997158, 3.892302859490741618 ) ) ;
#478 = CARTESIAN_POINT ( 'NONE',  ( 0.8969327537763897018, -29.79999999999997229, 4.307610896448506921 ) ) ;
#479 = ORIENTED_EDGE ( 'NONE', *, *, #3909, .F. ) ;
#480 = DIRECTION ( 'NONE',  ( 2.081668171172362031E-17, -1.000000000000000000, -1.110223024625137558E-16 ) ) ;
#481 = DIRECTION ( 'NONE',  ( -1.883233150365978123E-16, 1.000000000000000000, 2.719624996528670136E-16 ) ) ;
#482 = CARTESIAN_POINT ( 'NONE',  ( 3.109937763673246813, -29.69999999999997797, -3.425226516352113837 ) ) ;
#483 = ORIENTED_EDGE ( 'NONE', *, *, #6328, .T. ) ;
#484 = DIRECTION ( 'NONE',  ( 0.000000000000000000, -0.000000000000000000, 1.000000000000000000 ) ) ;
#485 = CARTESIAN_POINT ( 'NONE',  ( 1.019241765654988141, -26.39999999999997726, 4.895012382327868394 ) ) ;
#486 = CARTESIAN_POINT ( 'NONE',  ( -2.052632178329834023, -24.79999999999997229, 4.559243483351559156 ) ) ;
#487 = CARTESIAN_POINT ( 'NONE',  ( -6.297678350335425002, -35.00000000000004974, -0.1710186999027003274 ) ) ;
#488 = CARTESIAN_POINT ( 'NONE',  ( 4.373948876459917479, -28.19999999999997087, 0.4780912319996027948 ) ) ;
#489 = CARTESIAN_POINT ( 'NONE',  ( 4.340470396594395375, -30.99999999999997513, -2.481998536721644832 ) ) ;
#490 = DIRECTION ( 'NONE',  ( 1.000000000000000000, 0.000000000000000000, -0.000000000000000000 ) ) ;
#491 = CYLINDRICAL_SURFACE ( 'NONE', #1007, 3.249999999999996003 ) ;
#492 = VERTEX_POINT ( 'NONE', #6831 ) ;
#493 = CARTESIAN_POINT ( 'NONE',  ( -2.052632178329834023, -26.79999999999997584, 4.559243483351559156 ) ) ;
#494 = CARTESIAN_POINT ( 'NONE',  ( 12.52078873619546151, 107.0000000000000284, 2.136160751651473788 ) ) ;
#495 = CARTESIAN_POINT ( 'NONE',  ( 7.958844921583059673, 104.0000000000000142, 5.368127002427525163 ) ) ;
#496 = CIRCLE ( 'NONE', #3077, 2.000000000000000444 ) ;
#497 = EDGE_LOOP ( 'NONE', ( #2304, #3819, #2378, #5651 ) ) ;
#498 = CARTESIAN_POINT ( 'NONE',  ( -4.373948876459603063, -33.80000000000278959, -0.4780912320027621565 ) ) ;
#499 = CARTESIAN_POINT ( 'NONE',  ( -1.214974531803692415, -26.06419445954938041, -1.590536037361901966 ) ) ;
#500 = VERTEX_POINT ( 'NONE', #5592 ) ;
#501 = CARTESIAN_POINT ( 'NONE',  ( -3.701799997913059581, -22.99999999999997158, -3.361052926606751701 ) ) ;
#502 = VERTEX_POINT ( 'NONE', #23 ) ;
#503 = CARTESIAN_POINT ( 'NONE',  ( -3.819613949003068498, -23.99999999999997513, 2.184158712314787198 ) ) ;
#504 = CARTESIAN_POINT ( 'NONE',  ( 0.8969327537763894798, -32.39999999999997726, 4.307610896448506921 ) ) ;
#505 = CARTESIAN_POINT ( 'NONE',  ( -0.8499999999999925393, -40.80000000000006111, 3.059105261346791949 ) ) ;
#506 = VECTOR ( 'NONE', #2970, 1000.000000000000000 ) ;
#507 = CARTESIAN_POINT ( 'NONE',  ( -16.26345596729044374, 10.00000000000000000, 14.61345596729075602 ) ) ;
#508 = CARTESIAN_POINT ( 'NONE',  ( 16.26345596729054677, 0.000000000000000000, -16.26345596729060006 ) ) ;
#509 = CARTESIAN_POINT ( 'NONE',  ( 4.529290134332889295, -32.29999999999996874, -0.9430909082780156716 ) ) ;
#510 = VERTEX_POINT ( 'NONE', #1750 ) ;
#511 = DIRECTION ( 'NONE',  ( -1.883233150365925861E-16, 1.000000000000000000, 2.719624996528607520E-16 ) ) ;
#512 = ADVANCED_FACE ( 'NONE', ( #2259 ), #2841, .F. ) ;
#513 = CARTESIAN_POINT ( 'NONE',  ( 2.609727701977319736, -23.89999999999997016, 4.563840657443357429 ) ) ;
#514 = FACE_BOUND ( 'NONE', #5625, .T. ) ;
#515 = CARTESIAN_POINT ( 'NONE',  ( 3.109937763673246813, -31.69999999999996732, -3.425226516352113837 ) ) ;
#516 = DIRECTION ( 'NONE',  ( -1.249000902703301354E-16, 8.673617379884035472E-16, -1.000000000000000000 ) ) ;
#517 = CARTESIAN_POINT ( 'NONE',  ( -0.5712441706673426767, -22.29999999999997229, 5.226184107212377583 ) ) ;
#518 = ADVANCED_FACE ( 'NONE', ( #3929 ), #5584, .F. ) ;
#519 = DIRECTION ( 'NONE',  ( 0.000000000000000000, 0.000000000000000000, -1.000000000000000000 ) ) ;
#520 = CARTESIAN_POINT ( 'NONE',  ( 0.8969327537763897018, -25.79999999999997584, 4.307610896448506921 ) ) ;
#521 = CARTESIAN_POINT ( 'NONE',  ( 22.50000000000000000, 10.00000000000000000, -26.00000000000000355 ) ) ;
#522 = CARTESIAN_POINT ( 'NONE',  ( -4.373948876459917479, -31.79999999999997584, -0.4780912319998809612 ) ) ;
#523 = VERTEX_POINT ( 'NONE', #6320 ) ;
#524 = EDGE_CURVE ( 'NONE', #6912, #825, #3486, .T. ) ;
#525 = CARTESIAN_POINT ( 'NONE',  ( 4.970396450522633458, -25.39999999999997726, 0.5432854909086584083 ) ) ;
#526 = LINE ( 'NONE', #2726, #673 ) ;
#527 = DIRECTION ( 'NONE',  ( 1.249000902703301108E-16, -1.101411730778925368E-15, 1.000000000000000000 ) ) ;
#528 = VERTEX_POINT ( 'NONE', #6205 ) ;
#529 = AXIS2_PLACEMENT_3D ( 'NONE', #1253, #5191, #3944 ) ;
#530 = DIRECTION ( 'NONE',  ( 0.000000000000000000, 0.000000000000000000, 1.000000000000000000 ) ) ;
#531 = VERTEX_POINT ( 'NONE', #1820 ) ;
#532 = CARTESIAN_POINT ( 'NONE',  ( -0.5712441706673425657, -25.69999999999997442, 5.226184107212376695 ) ) ;
#533 = ORIENTED_EDGE ( 'NONE', *, *, #4907, .T. ) ;
#534 = CARTESIAN_POINT ( 'NONE',  ( 2.296560377740040515, -24.49999999999996447, 4.016179778550139190 ) ) ;
#535 = CARTESIAN_POINT ( 'NONE',  ( -4.218607618586945662, -24.29999999999997229, -1.899273372277499039 ) ) ;
#536 = FACE_OUTER_BOUND ( 'NONE', #5697, .T. ) ;
#537 = CARTESIAN_POINT ( 'NONE',  ( -5.748206438292832543E-29, -9.699999999999993960, -5.096164308606816949E-14 ) ) ;
#538 = CARTESIAN_POINT ( 'NONE',  ( 0.8500000000000070832, -39.40000000000006253, 1.810386699023138313 ) ) ;
#539 = CARTESIAN_POINT ( 'NONE',  ( -4.970396450522633458, -25.19999999999997797, -0.5432854909089367412 ) ) ;
#540 = CARTESIAN_POINT ( 'NONE',  ( -1.806316316930254073, -29.59999999999997300, 4.012134265349355466 ) ) ;
#541 = VERTEX_POINT ( 'NONE', #6282 ) ;
#542 = EDGE_CURVE ( 'NONE', #1061, #3398, #1311, .T. ) ;
#543 = DIRECTION ( 'NONE',  ( 2.081668171172362031E-17, -1.000000000000000000, -1.110223024625137558E-16 ) ) ;
#544 = CIRCLE ( 'NONE', #1481, 3.249999999999996003 ) ;
#545 = EDGE_CURVE ( 'NONE', #4677, #1548, #7095, .T. ) ;
#546 = CIRCLE ( 'NONE', #3239, 1.700000000000000178 ) ;
#547 = TOROIDAL_SURFACE ( 'NONE', #1129, 5.850000000000000533, 0.1499999999999999944 ) ;
#548 = CARTESIAN_POINT ( 'NONE',  ( 0.1684003000959370944, -27.64140105817276094, 1.994593909283159494 ) ) ;
#549 = CARTESIAN_POINT ( 'NONE',  ( 4.529290134332890183, -26.89999999999997016, -0.9430909082780154495 ) ) ;
#550 = VECTOR ( 'NONE', #6354, 1000.000000000000000 ) ;
#551 = DIRECTION ( 'NONE',  ( -0.9996314841802272921, 0.000000000000000000, -0.02714582538137674458 ) ) ;
#552 = AXIS2_PLACEMENT_3D ( 'NONE', #6693, #6213, #6253 ) ;
#553 = CARTESIAN_POINT ( 'NONE',  ( 5.146920607196465269, -22.89999999999997726, -1.071694213952271379 ) ) ;
#554 = DIRECTION ( 'NONE',  ( 0.7071067811865474617, 0.000000000000000000, 0.7071067811865474617 ) ) ;
#555 = CARTESIAN_POINT ( 'NONE',  ( -3.701799997913059581, -30.99999999999997868, -3.361052926606751701 ) ) ;
#556 = CARTESIAN_POINT ( 'NONE',  ( -4.793872293848800759, -29.69999999999997087, -2.158265195769866640 ) ) ;
#557 = DIRECTION ( 'NONE',  ( -0.7071067811865474617, 0.000000000000000000, -0.7071067811865474617 ) ) ;
#558 = EDGE_CURVE ( 'NONE', #2473, #2940, #6634, .T. ) ;
#559 = PRODUCT_DEFINITION ( '未知', '', #3418, #5656 ) ;
#560 = CIRCLE ( 'NONE', #2909, 1.700000000000000178 ) ;
#561 = CARTESIAN_POINT ( 'NONE',  ( 3.257583998163493533, -32.59999999999997300, 2.957726575413680337 ) ) ;
#562 = ORIENTED_EDGE ( 'NONE', *, *, #1340, .T. ) ;
#563 = CARTESIAN_POINT ( 'NONE',  ( 1.806316316930254740, -33.79999999999996874, -4.012134265349632578 ) ) ;
#564 = LINE ( 'NONE', #704, #3021 ) ;
#565 = CARTESIAN_POINT ( 'NONE',  ( 4.851352665826746490E-15, -39.20000000000005969, -2.000000000000027089 ) ) ;
#566 = AXIS2_PLACEMENT_3D ( 'NONE', #4816, #480, #3757 ) ;
#567 = EDGE_CURVE ( 'NONE', #305, #1965, #321, .T. ) ;
#568 = EDGE_LOOP ( 'NONE', ( #2110, #952 ) ) ;
#569 = CARTESIAN_POINT ( 'NONE',  ( 17.50000000000000000, 98.00000000000000000, -31.00000000000000000 ) ) ;
#570 = ORIENTED_EDGE ( 'NONE', *, *, #5780, .T. ) ;
#571 = CARTESIAN_POINT ( 'NONE',  ( 0.5712441706673430097, -29.29999999999996518, -5.226184107212652918 ) ) ;
#572 = CARTESIAN_POINT ( 'NONE',  ( -4.350599666357883422, -33.79339530206895148, -0.6645284939923717937 ) ) ;
#573 = ORIENTED_EDGE ( 'NONE', *, *, #5156, .T. ) ;
#574 = AXIS2_PLACEMENT_3D ( 'NONE', #2381, #1874, #5712 ) ;
#575 = CARTESIAN_POINT ( 'NONE',  ( -5.146920607196465269, -28.49999999999997868, 1.071694213951994712 ) ) ;
#576 = CARTESIAN_POINT ( 'NONE',  ( -3.257583998163493089, -27.59999999999997655, -2.957726575413957892 ) ) ;
#577 = CARTESIAN_POINT ( 'NONE',  ( 3.109937763673247257, -27.09999999999996589, -3.425226516352112061 ) ) ;
#578 = CARTESIAN_POINT ( 'NONE',  ( -0.5551268763544410234, -35.91780350636810937, -1.923351771482103789 ) ) ;
#579 = CARTESIAN_POINT ( 'NONE',  ( -3.280092323589673065, -21.93462857820188816, 2.986077875988565555 ) ) ;
#580 = FACE_OUTER_BOUND ( 'NONE', #1237, .T. ) ;
#581 = ORIENTED_EDGE ( 'NONE', *, *, #4970, .F. ) ;
#582 = CARTESIAN_POINT ( 'NONE',  ( -2.296560377740040071, -26.89999999999997371, -4.016179778550416302 ) ) ;
#583 = VERTEX_POINT ( 'NONE', #5801 ) ;
#584 = CARTESIAN_POINT ( 'NONE',  ( 17.50000000000000000, 98.00000000000000000, 31.00000000000000000 ) ) ;
#585 = CARTESIAN_POINT ( 'NONE',  ( 0.9977214443661066579, -27.16957017995981616, 1.737858408545266631 ) ) ;
#586 = CARTESIAN_POINT ( 'NONE',  ( 0.5026948701872619996, -23.29999999999997229, -4.599042014347151763 ) ) ;
#587 = CARTESIAN_POINT ( 'NONE',  ( 7.831460092124234036E-15, -39.80000000000005400, -2.783746069593514254E-14 ) ) ;
#588 = DIRECTION ( 'NONE',  ( -0.000000000000000000, -1.000000000000000000, -0.000000000000000000 ) ) ;
#589 = CARTESIAN_POINT ( 'NONE',  ( 0.5026948701872618885, -33.89999999999997726, -4.599042014347152652 ) ) ;
#590 = DIRECTION ( 'NONE',  ( -0.9996314841802272921, 0.000000000000000000, -0.02714582538137674458 ) ) ;
#591 = CARTESIAN_POINT ( 'NONE',  ( 4.793872293848802535, -30.09999999999997655, 2.158265195769588196 ) ) ;
#592 = CARTESIAN_POINT ( 'NONE',  ( -0.8499999999999926503, -41.96668053050994729, -3.506784269698627554 ) ) ;
#593 = EDGE_CURVE ( 'NONE', #4819, #5802, #1844, .T. ) ;
#594 = CARTESIAN_POINT ( 'NONE',  ( 3.109937763673247257, -29.09999999999997300, -3.425226516352112061 ) ) ;
#595 = FACE_OUTER_BOUND ( 'NONE', #3074, .T. ) ;
#596 = CARTESIAN_POINT ( 'NONE',  ( 2.052632178329834023, -25.79999999999997584, -4.559243483351834492 ) ) ;
#597 = DIRECTION ( 'NONE',  ( -0.000000000000000000, 1.000000000000000000, -0.000000000000000000 ) ) ;
#598 = CARTESIAN_POINT ( 'NONE',  ( -0.5026948701872614444, -22.89999999999997016, 4.599042014346875540 ) ) ;
#599 = ORIENTED_EDGE ( 'NONE', *, *, #924, .F. ) ;
#600 = DIRECTION ( 'NONE',  ( 0.000000000000000000, 0.000000000000000000, 1.000000000000000000 ) ) ;
#601 = ORIENTED_EDGE ( 'NONE', *, *, #3883, .T. ) ;
#602 = CARTESIAN_POINT ( 'NONE',  ( 3.701799997913060025, -30.59999999999997300, 3.361052926606473257 ) ) ;
#603 = PLANE ( 'NONE',  #4403 ) ;
#604 = VERTEX_POINT ( 'NONE', #1995 ) ;
#605 = CARTESIAN_POINT ( 'NONE',  ( -4.529290134332890183, -27.89999999999997726, 0.9430909082777386709 ) ) ;
#606 = EDGE_CURVE ( 'NONE', #6496, #4608, #4060, .T. ) ;
#607 = CARTESIAN_POINT ( 'NONE',  ( -4.529290134332890183, -31.89999999999997726, 0.9430909082777386709 ) ) ;
#608 = CARTESIAN_POINT ( 'NONE',  ( -0.8499999999999925393, -41.24818828142692695, 3.310209508227016872 ) ) ;
#609 = ORIENTED_EDGE ( 'NONE', *, *, #5739, .T. ) ;
#610 = DIRECTION ( 'NONE',  ( 0.000000000000000000, 0.000000000000000000, -1.000000000000000000 ) ) ;
#611 = DIRECTION ( 'NONE',  ( 0.3472309087948180495, -9.688626205868683139E-17, 0.9377796628086603192 ) ) ;
#612 = ORIENTED_EDGE ( 'NONE', *, *, #239, .T. ) ;
#613 = CARTESIAN_POINT ( 'NONE',  ( -4.529290134332889295, -25.29999999999997229, 0.9430909082777385599 ) ) ;
#614 = VERTEX_POINT ( 'NONE', #6430 ) ;
#615 = CARTESIAN_POINT ( 'NONE',  ( -4.410424890600207704, 107.0000000000000000, -11.91140149678913396 ) ) ;
#616 = DIRECTION ( 'NONE',  ( -1.883233150365925861E-16, 1.000000000000000000, 2.719624996528607520E-16 ) ) ;
#617 = CARTESIAN_POINT ( 'NONE',  ( -4.218607618586946550, -25.69999999999996732, -1.899273372277498817 ) ) ;
#618 = VECTOR ( 'NONE', #1664, 1000.000000000000000 ) ;
#619 = DIRECTION ( 'NONE',  ( -0.000000000000000000, -1.000000000000000000, -0.000000000000000000 ) ) ;
#620 = DIRECTION ( 'NONE',  ( -0.000000000000000000, -1.000000000000000000, -0.000000000000000000 ) ) ;
#621 = EDGE_CURVE ( 'NONE', #5074, #5292, #2772, .T. ) ;
#622 = CYLINDRICAL_SURFACE ( 'NONE', #332, 1.700000000000000178 ) ;
#623 = CARTESIAN_POINT ( 'NONE',  ( 2.052632178329834023, -32.59999999999997300, -4.559243483351834492 ) ) ;
#624 = CARTESIAN_POINT ( 'NONE',  ( -4.970396450522633458, -27.79999999999997584, -0.5432854909089366302 ) ) ;
#625 = CARTESIAN_POINT ( 'NONE',  ( -0.8499999999999935385, -39.20000000000005969, -8.991389646815644454 ) ) ;
#626 = ORIENTED_EDGE ( 'NONE', *, *, #2822, .F. ) ;
#627 = CARTESIAN_POINT ( 'NONE',  ( -1.806316316930254073, -24.19999999999997442, 4.012134265349355466 ) ) ;
#628 = CARTESIAN_POINT ( 'NONE',  ( -0.8969327537763892577, -33.39999999999997726, -4.307610896448784921 ) ) ;
#629 = ORIENTED_EDGE ( 'NONE', *, *, #5515, .F. ) ;
#630 = CARTESIAN_POINT ( 'NONE',  ( -2.609727701977318404, -24.09999999999997300, -4.563840657443636317 ) ) ;
#631 = DIRECTION ( 'NONE',  ( 0.000000000000000000, 0.000000000000000000, 1.000000000000000000 ) ) ;
#632 = EDGE_CURVE ( 'NONE', #2992, #4920, #5768, .T. ) ;
#633 = FACE_OUTER_BOUND ( 'NONE', #828, .T. ) ;
#634 = LOCAL_TIME ( 18, 51, 8.000000000000000000, #1344 ) ;
#635 = EDGE_LOOP ( 'NONE', ( #5874, #4997 ) ) ;
#636 = EDGE_CURVE ( 'NONE', #4549, #216, #3668, .T. ) ;
#637 = LINE ( 'NONE', #3316, #4066 ) ;
#638 = ORIENTED_EDGE ( 'NONE', *, *, #6590, .F. ) ;
#639 = CARTESIAN_POINT ( 'NONE',  ( -4.793872293848800759, -31.69999999999997087, -2.158265195769866640 ) ) ;
#640 = CARTESIAN_POINT ( 'NONE',  ( -22.50000000000000000, 98.00000000000000000, 26.00000000000000355 ) ) ;
#641 = ORIENTED_EDGE ( 'NONE', *, *, #1833, .T. ) ;
#642 = CARTESIAN_POINT ( 'NONE',  ( -4.529290134332890183, -21.89999999999996305, 0.9430909082777386709 ) ) ;
#643 = CARTESIAN_POINT ( 'NONE',  ( -1.806316316930254073, -30.19999999999997797, 4.012134265349355466 ) ) ;
#644 = CARTESIAN_POINT ( 'NONE',  ( -0.4550998972523959130, -34.41475553400015741, -1.950623294467801694 ) ) ;
#645 = ORIENTED_EDGE ( 'NONE', *, *, #152, .F. ) ;
#646 = CARTESIAN_POINT ( 'NONE',  ( -4.193781624329759872, -21.86782420558368401, 1.369133160050633791 ) ) ;
#647 = CARTESIAN_POINT ( 'NONE',  ( -16.75000000000000711, 100.5999999999999943, 22.00000000000000355 ) ) ;
#648 = EDGE_LOOP ( 'NONE', ( #6556, #5882 ) ) ;
#649 = CARTESIAN_POINT ( 'NONE',  ( 3.257583998163493533, -23.99999999999997513, 2.957726575413679893 ) ) ;
#650 = ORIENTED_EDGE ( 'NONE', *, *, #5329, .T. ) ;
#651 = CARTESIAN_POINT ( 'NONE',  ( 22.50000000000000000, 0.000000000000000000, 26.00000000000000355 ) ) ;
#652 = CARTESIAN_POINT ( 'NONE',  ( 16.75000000000363798, 0.000000000000000000, -23.55000000004300276 ) ) ;
#653 = ADVANCED_FACE ( 'NONE', ( #349 ), #1722, .F. ) ;
#654 = CARTESIAN_POINT ( 'NONE',  ( 0.8969327537763894798, -26.39999999999997726, 4.307610896448506921 ) ) ;
#655 = CARTESIAN_POINT ( 'NONE',  ( 16.74999999999999289, 104.0000000000000142, 25.25000000000000000 ) ) ;
#656 = CARTESIAN_POINT ( 'NONE',  ( 0.3363500856189626798, -25.18502000348240344, -1.977634680351778140 ) ) ;
#657 = CIRCLE ( 'NONE', #6624, 4.299999999999999822 ) ;
#658 = LINE ( 'NONE', #5613, #6764 ) ;
#659 = CARTESIAN_POINT ( 'NONE',  ( 22.50000000000000000, 98.00000000000000000, -26.00000000000000355 ) ) ;
#660 = CIRCLE ( 'NONE', #5099, 2.999999999999999556 ) ;
#661 = AXIS2_PLACEMENT_3D ( 'NONE', #476, #2707, #4268 ) ;
#662 = ORIENTED_EDGE ( 'NONE', *, *, #2584, .F. ) ;
#663 = CARTESIAN_POINT ( 'NONE',  ( -1.019241765654987697, -25.39999999999997371, -4.895012382328145506 ) ) ;
#664 = EDGE_CURVE ( 'NONE', #305, #3556, #1964, .T. ) ;
#665 = CARTESIAN_POINT ( 'NONE',  ( -1.806316316930254073, -28.19999999999997442, 4.012134265349355466 ) ) ;
#666 = CARTESIAN_POINT ( 'NONE',  ( 3.257583998163493533, -30.59999999999997300, 2.957726575413680337 ) ) ;
#667 = CARTESIAN_POINT ( 'NONE',  ( 3.511711140156078071E-31, 43.61806232061201882, 9.745349977981016305E-16 ) ) ;
#668 = CARTESIAN_POINT ( 'NONE',  ( 8.110363845595077947, 107.0000000000000284, -9.775240745137580234 ) ) ;
#669 = AXIS2_PLACEMENT_3D ( 'NONE', #4068, #6304, #4646 ) ;
#670 = CIRCLE ( 'NONE', #552, 1.700000000000000178 ) ;
#671 = CARTESIAN_POINT ( 'NONE',  ( -3.701799997913059581, -26.19999999999997442, -3.361052926606751701 ) ) ;
#672 = CARTESIAN_POINT ( 'NONE',  ( 22.50000000000000000, 104.0000000000000142, -26.00000000000000355 ) ) ;
#673 = VECTOR ( 'NONE', #4831, 1000.000000000000000 ) ;
#674 = EDGE_CURVE ( 'NONE', #6254, #4528, #4220, .T. ) ;
#675 = CYLINDRICAL_SURFACE ( 'NONE', #5238, 9.500000000000003553 ) ;
#676 = ORIENTED_EDGE ( 'NONE', *, *, #5566, .F. ) ;
#677 = CARTESIAN_POINT ( 'NONE',  ( 5.146920607196465269, -30.89999999999997371, -1.071694213952270935 ) ) ;
#678 = DIRECTION ( 'NONE',  ( 0.000000000000000000, 0.000000000000000000, -1.000000000000000000 ) ) ;
#679 = ORIENTED_EDGE ( 'NONE', *, *, #5513, .F. ) ;
#680 = CARTESIAN_POINT ( 'NONE',  ( -4.373948876459917479, -29.19999999999997797, -0.4780912319998809612 ) ) ;
#681 = VECTOR ( 'NONE', #1342, 1000.000000000000000 ) ;
#682 = CARTESIAN_POINT ( 'NONE',  ( 0.5026948701872619996, -31.29999999999997584, -4.599042014347151763 ) ) ;
#683 = CARTESIAN_POINT ( 'NONE',  ( -0.2389532901949176225, -36.07566888964041851, -1.988741009229129997 ) ) ;
#684 = ORIENTED_EDGE ( 'NONE', *, *, #3385, .F. ) ;
#685 = DIRECTION ( 'NONE',  ( -0.000000000000000000, -1.000000000000000000, -0.000000000000000000 ) ) ;
#686 = ADVANCED_FACE ( 'NONE', ( #3096 ), #94, .T. ) ;
#687 = AXIS2_PLACEMENT_3D ( 'NONE', #5673, #6070, #6731 ) ;
#688 = FACE_OUTER_BOUND ( 'NONE', #5710, .T. ) ;
#689 = EDGE_LOOP ( 'NONE', ( #1830, #5053, #5546, #5551 ) ) ;
#690 = CARTESIAN_POINT ( 'NONE',  ( -0.5026948701872614444, -21.69999999999996732, 4.599042014346875540 ) ) ;
#691 = ORIENTED_EDGE ( 'NONE', *, *, #1555, .T. ) ;
#692 = PLANE ( 'NONE',  #5012 ) ;
#693 = EDGE_CURVE ( 'NONE', #5744, #2473, #3941, .T. ) ;
#694 = CARTESIAN_POINT ( 'NONE',  ( 17.50000000000000000, 10.00000000000000000, -31.00000000000000000 ) ) ;
#695 = CARTESIAN_POINT ( 'NONE',  ( 2.296560377740040515, -22.49999999999996447, 4.016179778550139190 ) ) ;
#696 = DIRECTION ( 'NONE',  ( -1.883233150365978123E-16, 1.000000000000000000, 2.719624996528670136E-16 ) ) ;
#697 = CARTESIAN_POINT ( 'NONE',  ( -4.410424890600222803, 104.0000000000000000, -11.91140149678911619 ) ) ;
#698 = DIRECTION ( 'NONE',  ( -1.883233150365978123E-16, 1.000000000000000000, 2.719624996528670136E-16 ) ) ;
#699 = CARTESIAN_POINT ( 'NONE',  ( 5.997788905081369748, -40.20000000000005258, 0.1628749522882320111 ) ) ;
#700 = ORIENTED_EDGE ( 'NONE', *, *, #1223, .T. ) ;
#701 = CARTESIAN_POINT ( 'NONE',  ( 1.806316316930254517, -27.19999999999997797, -4.012134265349633466 ) ) ;
#702 = CARTESIAN_POINT ( 'NONE',  ( 3.109937763673247257, -25.09999999999996234, -3.425226516352112061 ) ) ;
#703 = CARTESIAN_POINT ( 'NONE',  ( -3.534020185992325036, -32.09999999999996589, 3.892302859490741174 ) ) ;
#704 = CARTESIAN_POINT ( 'NONE',  ( 16.75000000000363798, 104.0000000000000142, -22.00000000004300915 ) ) ;
#705 = CARTESIAN_POINT ( 'NONE',  ( 2.052632178329834023, -25.79999999999997584, -4.559243483351834492 ) ) ;
#706 = DIRECTION ( 'NONE',  ( -0.000000000000000000, -1.000000000000000000, -0.000000000000000000 ) ) ;
#707 = DIRECTION ( 'NONE',  ( -1.883233150365925861E-16, 1.000000000000000000, 2.719624996528607520E-16 ) ) ;
#708 = VERTEX_POINT ( 'NONE', #4189 ) ;
#709 = CARTESIAN_POINT ( 'NONE',  ( 4.970396450522633458, -30.79999999999997584, 0.5432854909086584083 ) ) ;
#710 = CARTESIAN_POINT ( 'NONE',  ( -17.50000000000000000, 10.00000000000000000, -31.00000000000000000 ) ) ;
#711 = VERTEX_POINT ( 'NONE', #5258 ) ;
#712 = CARTESIAN_POINT ( 'NONE',  ( 1.806316316930254740, -32.59999999999997300, -4.012134265349632578 ) ) ;
#713 = CARTESIAN_POINT ( 'NONE',  ( 3.109937763673247257, -29.09999999999997300, -3.425226516352112061 ) ) ;
#714 = CARTESIAN_POINT ( 'NONE',  ( -0.8760405804673798702, -34.96211955650905878, -1.798631756748457988 ) ) ;
#715 = ORIENTED_EDGE ( 'NONE', *, *, #1876, .F. ) ;
#716 = DIRECTION ( 'NONE',  ( -5.551115123125782702E-17, 2.719624996528607027E-16, -1.000000000000000000 ) ) ;
#717 = CARTESIAN_POINT ( 'NONE',  ( 0.8500000000000073053, -40.80000000000008242, 3.059105261345907323 ) ) ;
#718 = ORIENTED_EDGE ( 'NONE', *, *, #2361, .F. ) ;
#719 = CARTESIAN_POINT ( 'NONE',  ( 4.529290134332889295, -24.29999999999997229, -0.9430909082780156716 ) ) ;
#720 = EDGE_LOOP ( 'NONE', ( #6296, #2481 ) ) ;
#721 = DIRECTION ( 'NONE',  ( 2.081668171172362031E-17, -1.000000000000000000, -1.110223024625137558E-16 ) ) ;
#722 = ADVANCED_FACE ( 'NONE', ( #1891 ), #6516, .F. ) ;
#723 = DIRECTION ( 'NONE',  ( -0.7071067811865474617, 0.000000000000000000, -0.7071067811865474617 ) ) ;
#724 = EDGE_CURVE ( 'NONE', #2413, #1199, #244, .T. ) ;
#725 = DIRECTION ( 'NONE',  ( 0.000000000000000000, 0.000000000000000000, -1.000000000000000000 ) ) ;
#726 = DIRECTION ( 'NONE',  ( 5.551115123125782702E-17, -2.719624996528607027E-16, 1.000000000000000000 ) ) ;
#727 = ADVANCED_FACE ( 'NONE', ( #275 ), #2475, .F. ) ;
#728 = CARTESIAN_POINT ( 'NONE',  ( 1.393689117241936356E-14, -27.65000000000010516, -2.000000000000053735 ) ) ;
#729 = CARTESIAN_POINT ( 'NONE',  ( -16.75000000000000000, 0.000000000000000000, 25.25000000000000000 ) ) ;
#730 = CARTESIAN_POINT ( 'NONE',  ( 3.701799997913060025, -28.59999999999997655, 3.361052926606473257 ) ) ;
#731 = LINE ( 'NONE', #2427, #506 ) ;
#732 = VECTOR ( 'NONE', #767, 1000.000000000000114 ) ;
#733 = ORIENTED_EDGE ( 'NONE', *, *, #2030, .F. ) ;
#734 = CARTESIAN_POINT ( 'NONE',  ( -4.970396450522633458, -25.79999999999997584, -0.5432854909089366302 ) ) ;
#735 = CARTESIAN_POINT ( 'NONE',  ( 0.8969327537763894798, -28.39999999999997726, 4.307610896448506921 ) ) ;
#736 = EDGE_CURVE ( 'NONE', #3669, #2391, #3063, .T. ) ;
#737 = CARTESIAN_POINT ( 'NONE',  ( -3.257583998163493089, -25.59999999999997655, -2.957726575413957892 ) ) ;
#738 = CARTESIAN_POINT ( 'NONE',  ( -0.5712441706673426767, -32.29999999999997584, 5.226184107212377583 ) ) ;
#739 = DIRECTION ( 'NONE',  ( 2.081668171172362031E-17, -1.000000000000000000, -1.110223024625137558E-16 ) ) ;
#740 = CARTESIAN_POINT ( 'NONE',  ( 4.373948876459917479, -29.39999999999997726, 0.4780912319996027948 ) ) ;
#741 = DIRECTION ( 'NONE',  ( -1.883233150365925861E-16, 1.000000000000000000, 2.719624996528607520E-16 ) ) ;
#742 = VERTEX_POINT ( 'NONE', #3607 ) ;
#743 = CARTESIAN_POINT ( 'NONE',  ( 2.609727701977319736, -33.09999999999997300, 4.563840657443357429 ) ) ;
#744 = CARTESIAN_POINT ( 'NONE',  ( 6.927508179948566233E-15, -35.00000000000004974, -2.653204069760138340E-14 ) ) ;
#745 = ORIENTED_EDGE ( 'NONE', *, *, #969, .F. ) ;
#746 = CARTESIAN_POINT ( 'NONE',  ( 4.373948876459917479, -30.19999999999997442, 0.4780912319996027948 ) ) ;
#747 = DIRECTION ( 'NONE',  ( -1.084683744678891232E-30, -1.000000000000000000, -9.740822494929354281E-16 ) ) ;
#748 = CARTESIAN_POINT ( 'NONE',  ( 4.373948876459917479, -23.39999999999997371, 0.4780912319996027948 ) ) ;
#749 = LINE ( 'NONE', #1929, #3951 ) ;
#750 = ORIENTED_EDGE ( 'NONE', *, *, #6604, .F. ) ;
#751 = FACE_OUTER_BOUND ( 'NONE', #4176, .T. ) ;
#752 = EDGE_CURVE ( 'NONE', #5915, #2268, #3824, .T. ) ;
#753 = CARTESIAN_POINT ( 'NONE',  ( -16.75000000000000711, 104.0000000000000142, 26.95000000000000284 ) ) ;
#754 = VERTEX_POINT ( 'NONE', #6085 ) ;
#755 = CARTESIAN_POINT ( 'NONE',  ( 3.534020185992327256, -32.49999999999997158, -3.892302859491017397 ) ) ;
#756 = EDGE_LOOP ( 'NONE', ( #676, #3889, #4775, #6968 ) ) ;
#757 = CARTESIAN_POINT ( 'NONE',  ( 0.7025099089807261832, -39.19999999999681251, -3.607624032643958589 ) ) ;
#758 = VECTOR ( 'NONE', #6333, 1000.000000000000000 ) ;
#759 = CARTESIAN_POINT ( 'NONE',  ( -16.75000000000000711, 98.00000000000000000, -23.55000000000000071 ) ) ;
#760 = CARTESIAN_POINT ( 'NONE',  ( -16.75000000000000711, 100.5999999999999943, -25.25000000000000000 ) ) ;
#761 = LINE ( 'NONE', #4102, #4980 ) ;
#762 = EDGE_CURVE ( 'NONE', #6266, #5909, #6639, .T. ) ;
#763 = VECTOR ( 'NONE', #5112, 1000.000000000000000 ) ;
#764 = EDGE_CURVE ( 'NONE', #3886, #4082, #2320, .T. ) ;
#765 = FACE_OUTER_BOUND ( 'NONE', #4187, .T. ) ;
#766 = FACE_OUTER_BOUND ( 'NONE', #6880, .T. ) ;
#767 = DIRECTION ( 'NONE',  ( -0.7068462011514095034, -0.7071067811865496822, -0.01919499720807747375 ) ) ;
#768 = VERTEX_POINT ( 'NONE', #3740 ) ;
#769 = CARTESIAN_POINT ( 'NONE',  ( -3.534020185992324148, -22.09999999999996945, 3.892302859490740286 ) ) ;
#770 = LINE ( 'NONE', #4721, #6972 ) ;
#771 = CIRCLE ( 'NONE', #1603, 3.249999999999999556 ) ;
#772 = AXIS2_PLACEMENT_3D ( 'NONE', #2061, #4290, #1037 ) ;
#773 = CARTESIAN_POINT ( 'NONE',  ( -0.5026948701872614444, -30.29999999999996518, 4.599042014346876428 ) ) ;
#774 = CARTESIAN_POINT ( 'NONE',  ( -3.819613949003068498, -25.99999999999997513, 2.184158712314787198 ) ) ;
#775 = CARTESIAN_POINT ( 'NONE',  ( 3.534020185992325480, -31.09999999999997655, -3.892302859491017397 ) ) ;
#776 = DIRECTION ( 'NONE',  ( -1.249000902703301108E-16, 9.293161478447176073E-16, -1.000000000000000000 ) ) ;
#777 = AXIS2_PLACEMENT_3D ( 'NONE', #5309, #3624, #5854 ) ;
#778 = AXIS2_PLACEMENT_3D ( 'NONE', #1503, #2192, #6506 ) ;
#779 = CARTESIAN_POINT ( 'NONE',  ( -0.8499999999999926503, -39.40000000000006253, 3.575349633252641990 ) ) ;
#780 = AXIS2_PLACEMENT_3D ( 'NONE', #2937, #1839, #839 ) ;
#781 = DIRECTION ( 'NONE',  ( 0.9996314841802272921, 1.808712683899153550E-16, 0.02714582538137666826 ) ) ;
#782 = ORIENTED_EDGE ( 'NONE', *, *, #6795, .F. ) ;
#783 = AXIS2_PLACEMENT_3D ( 'NONE', #6879, #5881, #862 ) ;
#784 = CARTESIAN_POINT ( 'NONE',  ( 5.146920607196465269, -24.89999999999997371, -1.071694213952270935 ) ) ;
#785 = DIRECTION ( 'NONE',  ( -0.000000000000000000, 1.000000000000000000, 0.000000000000000000 ) ) ;
#786 = ORIENTED_EDGE ( 'NONE', *, *, #2704, .F. ) ;
#787 = CARTESIAN_POINT ( 'NONE',  ( 4.373948876459917479, -22.79999999999997229, 0.4780912319996028503 ) ) ;
#788 = ADVANCED_FACE ( 'NONE', ( #3847 ), #5430, .F. ) ;
#789 = CARTESIAN_POINT ( 'NONE',  ( -5.997788905081356425, -36.20000000000005258, -0.1628749522882874945 ) ) ;
#790 = VECTOR ( 'NONE', #1596, 1000.000000000000000 ) ;
#791 = VECTOR ( 'NONE', #7076, 1000.000000000000000 ) ;
#792 = ORIENTED_EDGE ( 'NONE', *, *, #969, .T. ) ;
#793 = CARTESIAN_POINT ( 'NONE',  ( -6.781000381201736538, 78.44092671982706122, 2.510795465376899571 ) ) ;
#794 = DIRECTION ( 'NONE',  ( -0.1086570981817595594, 7.670991225589910902E-24, 0.9940792901045265584 ) ) ;
#795 = ORIENTED_EDGE ( 'NONE', *, *, #3756, .T. ) ;
#796 = CARTESIAN_POINT ( 'NONE',  ( 1.019241765654988363, -29.79999999999997229, 4.895012382327868394 ) ) ;
#797 = VERTEX_POINT ( 'NONE', #5543 ) ;
#798 = CIRCLE ( 'NONE', #4537, 0.5000000000000012212 ) ;
#799 = CONICAL_SURFACE ( 'NONE', #1736, 6.499999999999999112, 0.7853981633974678189 ) ;
#800 = DIRECTION ( 'NONE',  ( -1.883233150365925861E-16, 1.000000000000000000, 2.719624996528607520E-16 ) ) ;
#801 = EDGE_CURVE ( 'NONE', #3267, #245, #526, .T. ) ;
#802 = CYLINDRICAL_SURFACE ( 'NONE', #2522, 6.000000000000000888 ) ;
#803 = CC_DESIGN_APPROVAL ( #6492, ( #3418 ) ) ;
#804 = AXIS2_PLACEMENT_3D ( 'NONE', #4223, #5843, #311 ) ;
#805 = DIRECTION ( 'NONE',  ( 0.7071067811865474617, 0.000000000000000000, 0.7071067811865474617 ) ) ;
#806 = CARTESIAN_POINT ( 'NONE',  ( -22.50000000000000000, 98.00000000000000000, 26.00000000000000355 ) ) ;
#807 = CARTESIAN_POINT ( 'NONE',  ( -0.8499999999999928724, -40.93287567355429957, -3.059105261346882987 ) ) ;
#808 = CARTESIAN_POINT ( 'NONE',  ( 0.8500000000000076383, -42.00000000000005684, 3.472481101460433095 ) ) ;
#809 = DIRECTION ( 'NONE',  ( -0.000000000000000000, 1.000000000000000000, -0.000000000000000000 ) ) ;
#810 = VERTEX_POINT ( 'NONE', #1001 ) ;
#811 = CARTESIAN_POINT ( 'NONE',  ( 3.534020185992324592, -27.09999999999996589, -3.892302859491016953 ) ) ;
#812 = CARTESIAN_POINT ( 'NONE',  ( 1.806316316930254517, -23.19999999999997797, -4.012134265349633466 ) ) ;
#813 = CARTESIAN_POINT ( 'NONE',  ( 0.8969327537763894798, -26.39999999999997726, 4.307610896448506921 ) ) ;
#814 = CARTESIAN_POINT ( 'NONE',  ( 2.052632178329834467, -33.19999999999998153, -4.559243483351837156 ) ) ;
#815 = CARTESIAN_POINT ( 'NONE',  ( 1.948328284467784450E-17, -33.79999999999997584, 7.999999999999925393 ) ) ;
#816 = CARTESIAN_POINT ( 'NONE',  ( 4.529290134332889295, -25.49999999999997158, -0.9430909082780156716 ) ) ;
#817 = CARTESIAN_POINT ( 'NONE',  ( 7.184590085721058551E-15, -40.80000000000006111, -2.807736141039155475E-14 ) ) ;
#818 = ORIENTED_EDGE ( 'NONE', *, *, #3652, .T. ) ;
#819 = CARTESIAN_POINT ( 'NONE',  ( -2.609727701977318404, -25.49999999999996447, -4.563840657443635429 ) ) ;
#820 = DIRECTION ( 'NONE',  ( 0.000000000000000000, 0.000000000000000000, 1.000000000000000000 ) ) ;
#821 = EDGE_LOOP ( 'NONE', ( #4618, #2806 ) ) ;
#822 = EDGE_CURVE ( 'NONE', #1301, #1670, #4402, .T. ) ;
#823 = CARTESIAN_POINT ( 'NONE',  ( 3.257583998163493533, -22.59999999999997300, 2.957726575413680337 ) ) ;
#824 = PLANE ( 'NONE',  #3033 ) ;
#825 = VERTEX_POINT ( 'NONE', #3237 ) ;
#826 = DIRECTION ( 'NONE',  ( -5.551115123125803656E-17, 2.719624996528607520E-16, -1.000000000000000000 ) ) ;
#827 = CARTESIAN_POINT ( 'NONE',  ( 2.571758278209439985E-16, 0.000000000000000000, 27.59999999999999432 ) ) ;
#828 = EDGE_LOOP ( 'NONE', ( #4218, #4072, #999, #2677 ) ) ;
#829 = EDGE_CURVE ( 'NONE', #2960, #5688, #1446, .T. ) ;
#830 = CARTESIAN_POINT ( 'NONE',  ( -4.793872293848801647, -33.09999999999997300, -2.158265195769866640 ) ) ;
#831 = ORIENTED_EDGE ( 'NONE', *, *, #5161, .T. ) ;
#832 = CARTESIAN_POINT ( 'NONE',  ( 7.454813462051038658E-15, -37.80000000000005400, -2.729353569662941246E-14 ) ) ;
#833 = DIRECTION ( 'NONE',  ( -1.249000902703301108E-16, 8.896017825522087613E-16, -1.000000000000000000 ) ) ;
#834 = CARTESIAN_POINT ( 'NONE',  ( 0.8969327537763894798, -32.39999999999997726, 4.307610896448506921 ) ) ;
#835 = CARTESIAN_POINT ( 'NONE',  ( 16.74999999999999289, 0.000000000000000000, 28.49999999999999645 ) ) ;
#836 = CARTESIAN_POINT ( 'NONE',  ( 17.50000000000000000, 104.0000000000000142, 31.00000000000000000 ) ) ;
#837 = EDGE_CURVE ( 'NONE', #2649, #124, #5123, .T. ) ;
#838 = CARTESIAN_POINT ( 'NONE',  ( -3.819613949003068498, -26.59999999999997300, 2.184158712314787198 ) ) ;
#839 = DIRECTION ( 'NONE',  ( 0.000000000000000000, 0.000000000000000000, -1.000000000000000000 ) ) ;
#840 = LINE ( 'NONE', #5311, #337 ) ;
#841 = CARTESIAN_POINT ( 'NONE',  ( -17.50000000000000000, 98.00000000000000000, -31.00000000000000000 ) ) ;
#842 = EDGE_LOOP ( 'NONE', ( #1557, #2286, #2957, #1278 ) ) ;
#843 = CARTESIAN_POINT ( 'NONE',  ( -3.109937763673246813, -22.09999999999996945, 3.425226516351835837 ) ) ;
#844 = CARTESIAN_POINT ( 'NONE',  ( 4.218607618586947439, -24.69999999999997087, 1.899273372277220817 ) ) ;
#845 = CARTESIAN_POINT ( 'NONE',  ( 4.793872293848802535, -32.69999999999997442, 2.158265195769587752 ) ) ;
#846 = CARTESIAN_POINT ( 'NONE',  ( 4.529290134332890183, -30.89999999999997371, -0.9430909082780154495 ) ) ;
#847 = CARTESIAN_POINT ( 'NONE',  ( 6.781000381201738314, 78.44092671982706122, -2.510795465376899571 ) ) ;
#848 = CARTESIAN_POINT ( 'NONE',  ( 4.793872293848801647, -32.69999999999997442, 2.158265195769587308 ) ) ;
#849 = VECTOR ( 'NONE', #2212, 1000.000000000000000 ) ;
#850 = FACE_OUTER_BOUND ( 'NONE', #1079, .T. ) ;
#851 = CIRCLE ( 'NONE', #162, 2.000000000000000444 ) ;
#852 = FACE_OUTER_BOUND ( 'NONE', #6087, .T. ) ;
#853 = ORIENTED_EDGE ( 'NONE', *, *, #4170, .T. ) ;
#854 = CARTESIAN_POINT ( 'NONE',  ( 4.340470396594395375, -33.59999999999997300, -2.481998536721644832 ) ) ;
#855 = EDGE_CURVE ( 'NONE', #51, #6905, #5711, .T. ) ;
#856 = CARTESIAN_POINT ( 'NONE',  ( -17.50000000000000000, 104.0000000000000142, -31.00000000000000000 ) ) ;
#857 = ORIENTED_EDGE ( 'NONE', *, *, #3963, .T. ) ;
#858 = EDGE_CURVE ( 'NONE', #3244, #6947, #6755, .T. ) ;
#859 = FACE_OUTER_BOUND ( 'NONE', #3064, .T. ) ;
#860 = ORIENTED_EDGE ( 'NONE', *, *, #6795, .T. ) ;
#861 = LINE ( 'NONE', #4630, #4645 ) ;
#862 = DIRECTION ( 'NONE',  ( 0.000000000000000000, 0.000000000000000000, 1.000000000000000000 ) ) ;
#863 = VERTEX_POINT ( 'NONE', #3171 ) ;
#864 = CARTESIAN_POINT ( 'NONE',  ( 5.146920607196465269, -28.29999999999997584, -1.071694213952271379 ) ) ;
#865 = ORIENTED_EDGE ( 'NONE', *, *, #6432, .F. ) ;
#866 = CARTESIAN_POINT ( 'NONE',  ( 4.793872293848802535, -33.29999999999997584, 2.158265195769588196 ) ) ;
#867 = CARTESIAN_POINT ( 'NONE',  ( 3.819613949003068498, -32.99999999999997158, -2.184158712315064310 ) ) ;
#868 = CARTESIAN_POINT ( 'NONE',  ( 3.511711140156078071E-31, 43.61806232061201882, 9.745349977981016305E-16 ) ) ;
#869 = CARTESIAN_POINT ( 'NONE',  ( 17.50000000000000000, 0.000000000000000000, 31.00000000000000000 ) ) ;
#870 = DIRECTION ( 'NONE',  ( 0.9996314841802272921, 0.000000000000000000, 0.02714582538137663703 ) ) ;
#871 = CARTESIAN_POINT ( 'NONE',  ( -3.971799219252306390, -33.74579278066704546, -1.913699138198309946 ) ) ;
#872 = CARTESIAN_POINT ( 'NONE',  ( 4.218607618586947439, -28.69999999999996732, 1.899273372277220817 ) ) ;
#873 = CYLINDRICAL_SURFACE ( 'NONE', #918, 3.249999999999996003 ) ;
#874 = DIRECTION ( 'NONE',  ( -1.883233150365978123E-16, 1.000000000000000000, 2.719624996528670136E-16 ) ) ;
#875 = EDGE_CURVE ( 'NONE', #1061, #2544, #7072, .T. ) ;
#876 = VERTEX_POINT ( 'NONE', #4949 ) ;
#877 = TOROIDAL_SURFACE ( 'NONE', #6732, 6.299999999999999822, 0.5000000000000008882 ) ;
#878 = CARTESIAN_POINT ( 'NONE',  ( 2.296560377740040959, -22.49999999999997158, 4.016179778550139190 ) ) ;
#879 = CARTESIAN_POINT ( 'NONE',  ( 4.970396450522633458, -30.79999999999997584, 0.5432854909086584083 ) ) ;
#880 = DIRECTION ( 'NONE',  ( 1.000000000000000000, 0.000000000000000000, -0.000000000000000000 ) ) ;
#881 = CARTESIAN_POINT ( 'NONE',  ( -4.373948876459917479, -31.19999999999997797, -0.4780912319998809612 ) ) ;
#882 = CARTESIAN_POINT ( 'NONE',  ( -3.534020185992325924, -21.49999999999997158, 3.892302859490741618 ) ) ;
#883 = CARTESIAN_POINT ( 'NONE',  ( 4.218607618586946550, -25.29999999999997229, 1.899273372277221039 ) ) ;
#884 = DIRECTION ( 'NONE',  ( 1.084683744678891232E-30, 1.000000000000000000, 9.740822494929354281E-16 ) ) ;
#885 = CIRCLE ( 'NONE', #4513, 3.575000000000008171 ) ;
#886 = VECTOR ( 'NONE', #5457, 1000.000000000000000 ) ;
#887 = DIRECTION ( 'NONE',  ( 2.081668171172362031E-17, -1.000000000000000000, -1.110223024625137558E-16 ) ) ;
#888 = EDGE_LOOP ( 'NONE', ( #6121, #857, #4291, #1860 ) ) ;
#889 = CARTESIAN_POINT ( 'NONE',  ( 4.793872293848802535, -33.29999999999997584, 2.158265195769588196 ) ) ;
#890 = DIRECTION ( 'NONE',  ( -0.000000000000000000, 1.000000000000000000, -0.000000000000000000 ) ) ;
#891 = ORIENTED_EDGE ( 'NONE', *, *, #2895, .F. ) ;
#892 = OPEN_SHELL ( 'NONE', ( #6181, #5704, #4056, #4498, #10, #6514, #7248, #1501, #1631, #6678, #4367, #1057 ) ) ;
#893 = AXIS2_PLACEMENT_3D ( 'NONE', #3753, #2193, #6507 ) ;
#894 = CIRCLE ( 'NONE', #4273, 1.700000000000000178 ) ;
#895 = CARTESIAN_POINT ( 'NONE',  ( -0.8499999999999925393, -42.00000000000005684, -1.810386699023196488 ) ) ;
#896 = EDGE_CURVE ( 'NONE', #3962, #3617, #2080, .T. ) ;
#897 = AXIS2_PLACEMENT_3D ( 'NONE', #7008, #785, #6460 ) ;
#898 = AXIS2_PLACEMENT_3D ( 'NONE', #1209, #5743, #2849 ) ;
#899 = ORIENTED_EDGE ( 'NONE', *, *, #6788, .T. ) ;
#900 = DIRECTION ( 'NONE',  ( -0.000000000000000000, -1.000000000000000000, -0.000000000000000000 ) ) ;
#901 = CIRCLE ( 'NONE', #3007, 3.249999999999999556 ) ;
#902 = CARTESIAN_POINT ( 'NONE',  ( -16.75000000000000711, 104.0000000000000142, -28.50000000000000000 ) ) ;
#903 = CARTESIAN_POINT ( 'NONE',  ( -0.5712441706673425657, -27.69999999999997442, 5.226184107212376695 ) ) ;
#904 = ORIENTED_EDGE ( 'NONE', *, *, #1189, .F. ) ;
#905 = CARTESIAN_POINT ( 'NONE',  ( -1.019241765654987697, -31.99999999999997513, -4.895012382328145506 ) ) ;
#906 = CARTESIAN_POINT ( 'NONE',  ( 3.109937763673247257, -29.09999999999997300, -3.425226516352112061 ) ) ;
#907 = CARTESIAN_POINT ( 'NONE',  ( -1.806316316930254073, -30.19999999999997797, 4.012134265349355466 ) ) ;
#908 = VECTOR ( 'NONE', #1926, 1000.000000000000000 ) ;
#909 = AXIS2_PLACEMENT_3D ( 'NONE', #6278, #5211, #3060 ) ;
#910 = DIRECTION ( 'NONE',  ( -0.7071067811865474617, 0.000000000000000000, 0.7071067811865474617 ) ) ;
#911 = CARTESIAN_POINT ( 'NONE',  ( -17.50000000000000000, 104.0000000000000142, -31.00000000000000000 ) ) ;
#912 = AXIS2_PLACEMENT_3D ( 'NONE', #6898, #6424, #776 ) ;
#913 = DIRECTION ( 'NONE',  ( -1.000000000000000000, 0.000000000000000000, -0.000000000000000000 ) ) ;
#914 = CARTESIAN_POINT ( 'NONE',  ( -4.233802542455699758, -33.77311113468874026, -1.216687353731231713 ) ) ;
#915 = EDGE_CURVE ( 'NONE', #2095, #51, #4760, .T. ) ;
#916 = DIRECTION ( 'NONE',  ( 0.000000000000000000, 0.000000000000000000, -1.000000000000000000 ) ) ;
#917 = CARTESIAN_POINT ( 'NONE',  ( 3.701799997913059581, -23.99999999999997513, 3.361052926606474589 ) ) ;
#918 = AXIS2_PLACEMENT_3D ( 'NONE', #5494, #3724, #6512 ) ;
#919 = FACE_OUTER_BOUND ( 'NONE', #3780, .T. ) ;
#920 = VERTEX_POINT ( 'NONE', #2173 ) ;
#921 = CARTESIAN_POINT ( 'NONE',  ( -16.75000000000000711, 104.0000000000000142, -23.55000000000000071 ) ) ;
#922 = AXIS2_PLACEMENT_3D ( 'NONE', #5851, #4163, #2521 ) ;
#923 = CARTESIAN_POINT ( 'NONE',  ( 4.793872293848802535, -26.69999999999997087, 2.158265195769587752 ) ) ;
#924 = EDGE_CURVE ( 'NONE', #528, #4577, #5942, .T. ) ;
#925 = CARTESIAN_POINT ( 'NONE',  ( -6.245004513516469795E-17, 107.0000000000000000, 3.802513859341206116E-15 ) ) ;
#926 = CARTESIAN_POINT ( 'NONE',  ( 3.819613949003068054, -26.39999999999997371, -2.184158712315064310 ) ) ;
#927 = CARTESIAN_POINT ( 'NONE',  ( -4.340470396594395375, -23.39999999999997726, 2.481998536721367721 ) ) ;
#928 = CARTESIAN_POINT ( 'NONE',  ( -0.8760405804673800922, -35.43788044349105348, 1.798631756748405142 ) ) ;
#929 = ORIENTED_EDGE ( 'NONE', *, *, #5320, .T. ) ;
#930 = ADVANCED_FACE ( 'NONE', ( #4330 ), #6567, .F. ) ;
#931 = CARTESIAN_POINT ( 'NONE',  ( -2.052632178329834023, -30.79999999999997939, 4.559243483351559156 ) ) ;
#932 = CARTESIAN_POINT ( 'NONE',  ( -8.383987937862536668E-29, -33.99999999999997868, -7.463184174874649168E-14 ) ) ;
#933 = DIRECTION ( 'NONE',  ( 0.9996314841802270701, 0.000000000000000000, 0.02714582538137666479 ) ) ;
#934 = CARTESIAN_POINT ( 'NONE',  ( 3.819613949003068054, -33.59999999999997300, -2.184158712315064310 ) ) ;
#935 = CARTESIAN_POINT ( 'NONE',  ( -4.373948876459917479, -31.79999999999997584, -0.4780912319998809612 ) ) ;
#936 = CARTESIAN_POINT ( 'NONE',  ( -17.50000000000000000, 8.000000000000003553, 31.00000000000000000 ) ) ;
#937 = ORIENTED_EDGE ( 'NONE', *, *, #6942, .F. ) ;
#938 = EDGE_CURVE ( 'NONE', #7024, #6790, #1392, .T. ) ;
#939 = CARTESIAN_POINT ( 'NONE',  ( 1.019241765654988363, -21.79999999999997229, 4.895012382327868394 ) ) ;
#940 = ORIENTED_EDGE ( 'NONE', *, *, #5132, .T. ) ;
#941 = CARTESIAN_POINT ( 'NONE',  ( -0.5712441706673425657, -32.89999999999997016, 5.226184107212376695 ) ) ;
#942 = DIRECTION ( 'NONE',  ( -0.000000000000000000, -1.000000000000000000, -0.000000000000000000 ) ) ;
#943 = CARTESIAN_POINT ( 'NONE',  ( -0.5026948701872614444, -22.89999999999997016, 4.599042014346875540 ) ) ;
#944 = FACE_OUTER_BOUND ( 'NONE', #3097, .T. ) ;
#945 = DIRECTION ( 'NONE',  ( -1.249000902703301354E-16, 8.673617379884035472E-16, -1.000000000000000000 ) ) ;
#946 = CARTESIAN_POINT ( 'NONE',  ( 0.8500000000000076383, -41.90000000000007674, 3.575349633252641102 ) ) ;
#947 = CARTESIAN_POINT ( 'NONE',  ( 0.9887502480761900525, -33.53224906938871186, -4.466939910060088614 ) ) ;
#948 = CARTESIAN_POINT ( 'NONE',  ( 4.410424890600285863, 107.0000000000000000, 11.91140149678900784 ) ) ;
#949 = EDGE_CURVE ( 'NONE', #3850, #1292, #2138, .T. ) ;
#950 = CARTESIAN_POINT ( 'NONE',  ( 6.297678350335439212, -39.80000000000005400, 0.1710186999026451771 ) ) ;
#951 = CARTESIAN_POINT ( 'NONE',  ( 4.373948876459917479, -27.39999999999997371, 0.4780912319996027948 ) ) ;
#952 = ORIENTED_EDGE ( 'NONE', *, *, #4325, .F. ) ;
#953 = EDGE_CURVE ( 'NONE', #7209, #6428, #2799, .T. ) ;
#954 = DIRECTION ( 'NONE',  ( 0.000000000000000000, 0.000000000000000000, 1.000000000000000000 ) ) ;
#955 = CARTESIAN_POINT ( 'NONE',  ( 5.146920607196465269, -24.89999999999997371, -1.071694213952271379 ) ) ;
#956 = CARTESIAN_POINT ( 'NONE',  ( -0.08491925327925302358, -27.65000000000005898, 1.999999999999975353 ) ) ;
#957 = CARTESIAN_POINT ( 'NONE',  ( -4.373948876459917479, -27.19999999999997442, -0.4780912319998809612 ) ) ;
#958 = CARTESIAN_POINT ( 'NONE',  ( 0.5712441706673430097, -29.29999999999996518, -5.226184107212652918 ) ) ;
#959 = DIRECTION ( 'NONE',  ( -1.883233150365978123E-16, 1.000000000000000000, 2.719624996528670136E-16 ) ) ;
#960 = PERSON ( '未指定', '未指定', '未指定', ('未指定'), ('未指定'), ('未指定') ) ;
#961 = EDGE_CURVE ( 'NONE', #3666, #279, #3254, .T. ) ;
#962 = ORIENTED_EDGE ( 'NONE', *, *, #5266, .F. ) ;
#963 = CARTESIAN_POINT ( 'NONE',  ( -0.5542288450738022121, -35.91852721557014405, 1.923620666062219930 ) ) ;
#964 = ORIENTED_EDGE ( 'NONE', *, *, #6559, .F. ) ;
#965 = CARTESIAN_POINT ( 'NONE',  ( -4.970396450522633458, -32.39999999999997016, -0.5432854909089367412 ) ) ;
#967 = DIRECTION ( 'NONE',  ( -0.000000000000000000, 1.000000000000000000, -0.000000000000000000 ) ) ;
#966 = CARTESIAN_POINT ( 'NONE',  ( -0.8969327537763892577, -33.39999999999997726, -4.307610896448784921 ) ) ;
#968 = DIRECTION ( 'NONE',  ( -1.249000902703301108E-16, 8.896017825522087613E-16, -1.000000000000000000 ) ) ;
#969 = EDGE_CURVE ( 'NONE', #2665, #4440, #1668, .T. ) ;
#970 = EDGE_LOOP ( 'NONE', ( #4140, #5847, #156, #4788 ) ) ;
#971 = CARTESIAN_POINT ( 'NONE',  ( 5.320550933198359307E-16, 78.44092671982706122, 6.318197875807233657E-16 ) ) ;
#972 = CARTESIAN_POINT ( 'NONE',  ( 22.50000000000000000, 98.00000000000000000, -26.00000000000000355 ) ) ;
#973 = ORIENTED_EDGE ( 'NONE', *, *, #961, .T. ) ;
#974 = CARTESIAN_POINT ( 'NONE',  ( -3.534020185992325924, -21.49999999999997158, 3.892302859490741618 ) ) ;
#975 = ORIENTED_EDGE ( 'NONE', *, *, #2801, .F. ) ;
#976 = CARTESIAN_POINT ( 'NONE',  ( 0.5712441706673430097, -29.89999999999997371, -5.226184107212654695 ) ) ;
#977 = CARTESIAN_POINT ( 'NONE',  ( 3.257583998163493533, -30.59999999999997300, 2.957726575413680337 ) ) ;
#978 = CARTESIAN_POINT ( 'NONE',  ( -4.529290134332889295, -24.49999999999997513, 0.9430909082777385599 ) ) ;
#979 = CARTESIAN_POINT ( 'NONE',  ( 7.153496157992482986E-15, -36.20000000000005258, -2.685839569718482398E-14 ) ) ;
#980 = CARTESIAN_POINT ( 'NONE',  ( 0.5658460904524675872, -22.08645810180426494, 4.756932713546887292 ) ) ;
#981 = DIRECTION ( 'NONE',  ( -1.883233150365925861E-16, 1.000000000000000000, 2.719624996528607520E-16 ) ) ;
#982 = CARTESIAN_POINT ( 'NONE',  ( 4.218607618586946550, -28.09999999999997655, 1.899273372277221039 ) ) ;
#983 = CARTESIAN_POINT ( 'NONE',  ( -4.970396450522633458, -33.80000000000387672, -0.5432854909089366302 ) ) ;
#984 = FACE_OUTER_BOUND ( 'NONE', #6391, .T. ) ;
#985 = CYLINDRICAL_SURFACE ( 'NONE', #4253, 6.000000000000000888 ) ;
#986 = CARTESIAN_POINT ( 'NONE',  ( 4.373948876459917479, -31.39999999999997016, 0.4780912319996027948 ) ) ;
#987 = ORIENTED_EDGE ( 'NONE', *, *, #4009, .F. ) ;
#988 = ADVANCED_FACE ( 'NONE', ( #3878 ), #3491, .F. ) ;
#989 = CARTESIAN_POINT ( 'NONE',  ( 0.8500000000000067502, -40.66748679318360615, -3.059105261346818594 ) ) ;
#990 = CARTESIAN_POINT ( 'NONE',  ( 2.052632178329834467, -27.19999999999997797, -4.559243483351837156 ) ) ;
#991 = CYLINDRICAL_SURFACE ( 'NONE', #3140, 2.099999999999997868 ) ;
#992 = CARTESIAN_POINT ( 'NONE',  ( -3.257583998163493533, -22.99999999999997158, -2.957726575413957892 ) ) ;
#993 = CARTESIAN_POINT ( 'NONE',  ( -3.701799997913060025, -31.59999999999997655, -3.361052926606751257 ) ) ;
#994 = DIRECTION ( 'NONE',  ( 0.000000000000000000, 0.000000000000000000, -1.000000000000000000 ) ) ;
#995 = APPROVAL_DATE_TIME ( #2134, #6492 ) ;
#996 = AXIS2_PLACEMENT_3D ( 'NONE', #2149, #6616, #1609 ) ;
#997 = EDGE_CURVE ( 'NONE', #6773, #3169, #4476, .T. ) ;
#998 = FACE_OUTER_BOUND ( 'NONE', #7083, .T. ) ;
#999 = ORIENTED_EDGE ( 'NONE', *, *, #3552, .T. ) ;
#1000 = CARTESIAN_POINT ( 'NONE',  ( -1.019241765654987697, -31.99999999999997513, -4.895012382328145506 ) ) ;
#1001 = CARTESIAN_POINT ( 'NONE',  ( -5.797862608245309524, -38.20000000000005258, -0.1574457872120127999 ) ) ;
#1002 = DIRECTION ( 'NONE',  ( -0.000000000000000000, 1.000000000000000000, -0.000000000000000000 ) ) ;
#1003 = VERTEX_POINT ( 'NONE', #3346 ) ;
#1004 = CARTESIAN_POINT ( 'NONE',  ( -2.296560377740040515, -31.49999999999997158, -4.016179778550417190 ) ) ;
#1005 = ORIENTED_EDGE ( 'NONE', *, *, #5451, .T. ) ;
#1006 = AXIS2_PLACEMENT_3D ( 'NONE', #6260, #1181, #118 ) ;
#1007 = AXIS2_PLACEMENT_3D ( 'NONE', #377, #7111, #2102 ) ;
#1008 = CARTESIAN_POINT ( 'NONE',  ( -4.793872293848800759, -33.69999999999996021, -2.158265195769866640 ) ) ;
#1009 = ORIENTED_EDGE ( 'NONE', *, *, #2831, .F. ) ;
#1010 = EDGE_CURVE ( 'NONE', #6403, #2777, #2329, .T. ) ;
#1011 = CARTESIAN_POINT ( 'NONE',  ( -0.5712441706673425657, -28.89999999999997371, 5.226184107212376695 ) ) ;
#1012 = CARTESIAN_POINT ( 'NONE',  ( -4.373948876459917479, -33.79999999999997584, -0.4780912319998809612 ) ) ;
#1013 = CARTESIAN_POINT ( 'NONE',  ( 4.218607618586946550, -23.29999999999997229, 1.899273372277221039 ) ) ;
#1014 = DIRECTION ( 'NONE',  ( 1.883233150365978123E-16, -1.000000000000000000, -2.719624996528670136E-16 ) ) ;
#1015 = AXIS2_PLACEMENT_3D ( 'NONE', #6335, #3682, #5784 ) ;
#1016 = CIRCLE ( 'NONE', #2893, 2.099999999999997868 ) ;
#1017 = DIRECTION ( 'NONE',  ( -0.9377796628086615405, 0.000000000000000000, 0.3472309087948147743 ) ) ;
#1018 = CARTESIAN_POINT ( 'NONE',  ( -4.448502578066734571E-15, 20.26087079120528145, 1.999999999999988010 ) ) ;
#1019 = CARTESIAN_POINT ( 'NONE',  ( 1.019241765654988363, -29.79999999999997229, 4.895012382327868394 ) ) ;
#1020 = CARTESIAN_POINT ( 'NONE',  ( 3.257583998163493533, -31.99999999999997513, 2.957726575413679893 ) ) ;
#1021 = ORIENTED_EDGE ( 'NONE', *, *, #6386, .F. ) ;
#1022 = AXIS2_PLACEMENT_3D ( 'NONE', #4613, #1376, #3597 ) ;
#1023 = AXIS2_PLACEMENT_3D ( 'NONE', #4530, #1130, #2344 ) ;
#1024 = CARTESIAN_POINT ( 'NONE',  ( 8.245771385204750056E-15, -42.00000000000004974, -2.843577819517145131E-14 ) ) ;
#1025 = DIRECTION ( 'NONE',  ( -5.551115123125786400E-17, 0.000000000000000000, -1.000000000000000000 ) ) ;
#1026 = VECTOR ( 'NONE', #416, 1000.000000000000114 ) ;
#1027 = CARTESIAN_POINT ( 'NONE',  ( 0.5026948701872618885, -31.89999999999997371, -4.599042014347152652 ) ) ;
#1028 = ORIENTED_EDGE ( 'NONE', *, *, #752, .T. ) ;
#1029 = DIRECTION ( 'NONE',  ( 0.000000000000000000, 0.000000000000000000, 1.000000000000000000 ) ) ;
#1030 = CARTESIAN_POINT ( 'NONE',  ( 4.793872293848802535, -28.69999999999997442, 2.158265195769587752 ) ) ;
#1031 = CARTESIAN_POINT ( 'NONE',  ( 7.278751743239353846E-15, -41.30000000000006111, -2.821334266021798569E-14 ) ) ;
#1032 = AXIS2_PLACEMENT_3D ( 'NONE', #4025, #3490, #3378 ) ;
#1033 = CARTESIAN_POINT ( 'NONE',  ( 0.8969327537763897018, -23.79999999999997584, 4.307610896448506921 ) ) ;
#1034 = CARTESIAN_POINT ( 'NONE',  ( 2.052632178329834467, -29.19999999999997442, -4.559243483351837156 ) ) ;
#1035 = CARTESIAN_POINT ( 'NONE',  ( 17.50000000000000000, 104.0000000000000142, 31.00000000000000000 ) ) ;
#1036 = VECTOR ( 'NONE', #5995, 1000.000000000000000 ) ;
#1037 = DIRECTION ( 'NONE',  ( 1.000000000000000000, 0.000000000000000000, -0.000000000000000000 ) ) ;
#1038 = ORIENTED_EDGE ( 'NONE', *, *, #4396, .F. ) ;
#1039 = CARTESIAN_POINT ( 'NONE',  ( 1.019241765654988363, -26.99999999999997513, 4.895012382327868394 ) ) ;
#1040 = CARTESIAN_POINT ( 'NONE',  ( 16.26345596729054677, 10.00000000000000000, -16.26345596729060006 ) ) ;
#1041 = ADVANCED_FACE ( 'NONE', ( #3916 ), #3499, .F. ) ;
#1042 = DIRECTION ( 'NONE',  ( 0.9996314841802270701, 0.000000000000000000, 0.02714582538137666479 ) ) ;
#1043 = CARTESIAN_POINT ( 'NONE',  ( -2.296560377740040071, -32.09999999999997300, -4.016179778550416302 ) ) ;
#1044 = ORIENTED_EDGE ( 'NONE', *, *, #2583, .F. ) ;
#1045 = CARTESIAN_POINT ( 'NONE',  ( -16.75000000000000711, 104.0000000000000142, -25.25000000000000000 ) ) ;
#1046 = EDGE_CURVE ( 'NONE', #6136, #4332, #2869, .T. ) ;
#1047 = CARTESIAN_POINT ( 'NONE',  ( -1.214335818150030777, -26.73775985392725119, -1.591015555341930510 ) ) ;
#1048 = ORIENTED_EDGE ( 'NONE', *, *, #4990, .T. ) ;
#1049 = CARTESIAN_POINT ( 'NONE',  ( -4.340470396594395375, -25.39999999999997726, 2.481998536721367721 ) ) ;
#1050 = ORIENTED_EDGE ( 'NONE', *, *, #2938, .F. ) ;
#1051 = CARTESIAN_POINT ( 'NONE',  ( 3.534020185992327256, -27.69999999999997442, -3.892302859491017397 ) ) ;
#1052 = CARTESIAN_POINT ( 'NONE',  ( -0.5026948701872614444, -24.29999999999997229, 4.599042014346876428 ) ) ;
#1053 = CARTESIAN_POINT ( 'NONE',  ( -3.109937763673246813, -24.69999999999997442, 3.425226516351835393 ) ) ;
#1054 = FACE_OUTER_BOUND ( 'NONE', #4777, .T. ) ;
#1055 = EDGE_CURVE ( 'NONE', #2141, #2074, #564, .T. ) ;
#1056 = CARTESIAN_POINT ( 'NONE',  ( -4.046253487625679490, -21.91642013107265186, 2.920412371882247005 ) ) ;
#1057 = ADVANCED_FACE ( 'NONE', ( #47 ), #3997, .T. ) ;
#1058 = CARTESIAN_POINT ( 'NONE',  ( 0.8500000000000076383, -42.00000000000005684, 3.472481101460433095 ) ) ;
#1059 = CARTESIAN_POINT ( 'NONE',  ( 0.5712441706673430097, -28.69999999999997442, -5.226184107212654695 ) ) ;
#1060 = CARTESIAN_POINT ( 'NONE',  ( -2.296560377740040071, -30.89999999999997371, -4.016179778550416302 ) ) ;
#1061 = VERTEX_POINT ( 'NONE', #6792 ) ;
#1062 = CARTESIAN_POINT ( 'NONE',  ( 7.391745732261314195E-15, -41.90000000000007674, -2.837652016000970598E-14 ) ) ;
#1063 = FACE_BOUND ( 'NONE', #6294, .T. ) ;
#1064 = CARTESIAN_POINT ( 'NONE',  ( 0.8969327537763897018, -30.99999999999997868, 4.307610896448506921 ) ) ;
#1065 = CARTESIAN_POINT ( 'NONE',  ( 3.511711140156078071E-31, 43.61806232061201882, 9.745349977981016305E-16 ) ) ;
#1066 = CARTESIAN_POINT ( 'NONE',  ( 4.793872293848802535, -22.69999999999997442, 2.158265195769587752 ) ) ;
#1067 = CARTESIAN_POINT ( 'NONE',  ( -0.1686148476467179413, -25.15000000000005187, 1.999999999999977573 ) ) ;
#1068 = CARTESIAN_POINT ( 'NONE',  ( 2.296560377740041403, -23.89999999999997016, 4.016179778550139190 ) ) ;
#1069 = CARTESIAN_POINT ( 'NONE',  ( -1.019241765654987697, -31.39999999999997726, -4.895012382328145506 ) ) ;
#1070 = DIRECTION ( 'NONE',  ( 1.084683744678891232E-30, 1.000000000000000000, 9.740822494929354281E-16 ) ) ;
#1071 = DATE_TIME_ROLE ( 'classification_date' ) ;
#1072 = EDGE_LOOP ( 'NONE', ( #700, #2715, #3745, #5428 ) ) ;
#1073 = CARTESIAN_POINT ( 'NONE',  ( 0.5712441706673430097, -29.89999999999997371, -5.226184107212654695 ) ) ;
#1074 = B_SPLINE_CURVE_WITH_KNOTS ( 'NONE', 3,
 ( #3042, #4131, #6843, #4600, #757, #5303 ),
 .UNSPECIFIED., .F., .F.,
 ( 4, 2, 4 ),
 ( 0.000000000000000000, 0.0001578397361061710850, 0.0003156794722123421699 ),
 .UNSPECIFIED. ) ;
#1076 = CARTESIAN_POINT ( 'NONE',  ( 0.8500000000000075273, -41.30000000000006111, 3.575349633252641546 ) ) ;
#1075 = CARTESIAN_POINT ( 'NONE',  ( -3.819613949003068498, -22.59999999999997655, 2.184158712314787198 ) ) ;
#1077 = CARTESIAN_POINT ( 'NONE',  ( -2.052632178329834023, -26.79999999999997584, 4.559243483351559156 ) ) ;
#1078 = CARTESIAN_POINT ( 'NONE',  ( -7.375232055311169391E-29, -24.69999999999998508, -6.557287682846219421E-14 ) ) ;
#1079 = EDGE_LOOP ( 'NONE', ( #4797, #2254, #6326, #4915 ) ) ;
#1080 = CARTESIAN_POINT ( 'NONE',  ( 0.8969327537763894798, -24.39999999999997726, 4.307610896448506921 ) ) ;
#1081 = EDGE_CURVE ( 'NONE', #216, #2074, #1498, .T. ) ;
#1082 = DIRECTION ( 'NONE',  ( -0.000000000000000000, -1.000000000000000000, -0.000000000000000000 ) ) ;
#1083 = ADVANCED_FACE ( 'NONE', ( #2835 ), #16, .F. ) ;
#1084 = VERTEX_POINT ( 'NONE', #161 ) ;
#1085 = CARTESIAN_POINT ( 'NONE',  ( -4.793872293848801647, -25.09999999999997655, -2.158265195769866640 ) ) ;
#1086 = VERTEX_POINT ( 'NONE', #5025 ) ;
#1087 = CARTESIAN_POINT ( 'NONE',  ( -2.296560377740040071, -23.49999999999996447, -4.016179778550416302 ) ) ;
#1088 = CARTESIAN_POINT ( 'NONE',  ( -2.296560377740040071, -26.09999999999997655, -4.016179778550416302 ) ) ;
#1089 = FACE_OUTER_BOUND ( 'NONE', #2683, .T. ) ;
#1090 = TOROIDAL_SURFACE ( 'NONE', #2608, 6.299999999999999822, 0.5000000000000008882 ) ;
#1091 = CARTESIAN_POINT ( 'NONE',  ( 16.75000000000363798, 3.851859888774471706E-31, -25.25000000004300915 ) ) ;
#1092 = DIRECTION ( 'NONE',  ( -0.000000000000000000, 1.000000000000000000, 0.000000000000000000 ) ) ;
#1093 = CARTESIAN_POINT ( 'NONE',  ( 4.373948876459917479, -32.19999999999997442, 0.4780912319996027948 ) ) ;
#1094 = EDGE_LOOP ( 'NONE', ( #113, #975, #4650, #232 ) ) ;
#1095 = FACE_OUTER_BOUND ( 'NONE', #497, .T. ) ;
#1096 = EDGE_CURVE ( 'NONE', #181, #2070, #2283, .T. ) ;
#1097 = PLANE ( 'NONE',  #1570 ) ;
#1098 = CARTESIAN_POINT ( 'NONE',  ( -0.5026948701872614444, -32.89999999999997016, 4.599042014346875540 ) ) ;
#1099 = DIRECTION ( 'NONE',  ( 0.9857564655421142685, 1.848553963265644675E-18, 0.1681790434088577535 ) ) ;
#1100 = CARTESIAN_POINT ( 'NONE',  ( -16.75000000000000711, 3.400000000000000355, -25.25000000000000000 ) ) ;
#1101 = CARTESIAN_POINT ( 'NONE',  ( -17.50000000000000000, 10.00000000000000000, 31.00000000000000000 ) ) ;
#1102 = ADVANCED_FACE ( 'NONE', ( #1814 ), #6749, .F. ) ;
#1103 = CARTESIAN_POINT ( 'NONE',  ( -4.970396450522633458, -31.19999999999997797, -0.5432854909089367412 ) ) ;
#1104 = CARTESIAN_POINT ( 'NONE',  ( -3.534020185992324148, -30.09999999999997655, 3.892302859490740286 ) ) ;
#1105 = ADVANCED_FACE ( 'NONE', ( #2250 ), #4035, .F. ) ;
#1106 = DIRECTION ( 'NONE',  ( -0.000000000000000000, 1.000000000000000000, -0.000000000000000000 ) ) ;
#1107 = AXIS2_PLACEMENT_3D ( 'NONE', #4802, #2479, #4254 ) ;
#1108 = CARTESIAN_POINT ( 'NONE',  ( -3.819613949003068498, -31.99999999999997158, 2.184158712314787198 ) ) ;
#1109 = VERTEX_POINT ( 'NONE', #1266 ) ;
#1110 = CARTESIAN_POINT ( 'NONE',  ( -0.8969327537763891467, -33.99999999999997158, -4.307610896448784921 ) ) ;
#1111 = DIRECTION ( 'NONE',  ( 0.7071067811865475727, 0.000000000000000000, -0.7071067811865475727 ) ) ;
#1112 = CARTESIAN_POINT ( 'NONE',  ( -5.146920607196465269, -26.49999999999997158, 1.071694213951994712 ) ) ;
#1113 = AXIS2_PLACEMENT_3D ( 'NONE', #2488, #4164, #1459 ) ;
#1114 = DIRECTION ( 'NONE',  ( 1.084683744678891232E-30, 1.000000000000000000, 9.740822494929354281E-16 ) ) ;
#1115 = ORIENTED_EDGE ( 'NONE', *, *, #165, .F. ) ;
#1116 = CIRCLE ( 'NONE', #3572, 3.249999999999999556 ) ;
#1117 = FACE_BOUND ( 'NONE', #3637, .T. ) ;
#1118 = ORIENTED_EDGE ( 'NONE', *, *, #524, .F. ) ;
#1119 = CARTESIAN_POINT ( 'NONE',  ( 4.793872293848801647, -30.69999999999996376, 2.158265195769587308 ) ) ;
#1120 = CARTESIAN_POINT ( 'NONE',  ( -2.405581525364828721, -33.64766726944375819, -4.351797003502677619 ) ) ;
#1121 = ORIENTED_EDGE ( 'NONE', *, *, #146, .T. ) ;
#1122 = CARTESIAN_POINT ( 'NONE',  ( -3.534020185992325924, -28.69999999999997442, 3.892302859490741618 ) ) ;
#1123 = CARTESIAN_POINT ( 'NONE',  ( 3.819613949003068498, -28.99999999999997868, -2.184158712315064310 ) ) ;
#1124 = CARTESIAN_POINT ( 'NONE',  ( -3.819613949003068498, -31.99999999999997158, 2.184158712314787198 ) ) ;
#1125 = ADVANCED_FACE ( 'NONE', ( #2945 ), #3424, .F. ) ;
#1126 = LINE ( 'NONE', #429, #3905 ) ;
#1127 = AXIS2_PLACEMENT_3D ( 'NONE', #4338, #392, #5376 ) ;
#1128 = CARTESIAN_POINT ( 'NONE',  ( 0.9438284060902082384, -22.09962711028866167, 4.588517561244068510 ) ) ;
#1129 = AXIS2_PLACEMENT_3D ( 'NONE', #1856, #1923, #781 ) ;
#1130 = DIRECTION ( 'NONE',  ( -1.883233150365978123E-16, 1.000000000000000000, 2.719624996528670136E-16 ) ) ;
#1131 = VERTEX_POINT ( 'NONE', #3090 ) ;
#1132 = CARTESIAN_POINT ( 'NONE',  ( 4.218607618586946550, -24.09999999999997300, 1.899273372277221039 ) ) ;
#1133 = ORIENTED_EDGE ( 'NONE', *, *, #5364, .F. ) ;
#1134 = LINE ( 'NONE', #3978, #3379 ) ;
#1135 = CIRCLE ( 'NONE', #2539, 6.000000000000000888 ) ;
#1136 = CIRCLE ( 'NONE', #778, 6.000000000000000888 ) ;
#1137 = EDGE_CURVE ( 'NONE', #3225, #1655, #1440, .T. ) ;
#1138 = DIRECTION ( 'NONE',  ( -1.883233150365925861E-16, 1.000000000000000000, 2.719624996528607520E-16 ) ) ;
#1139 = CARTESIAN_POINT ( 'NONE',  ( 4.218607618586947439, -24.69999999999997087, 1.899273372277220817 ) ) ;
#1140 = AXIS2_PLACEMENT_3D ( 'NONE', #2492, #5751, #3047 ) ;
#1141 = DIRECTION ( 'NONE',  ( 0.000000000000000000, 0.000000000000000000, 1.000000000000000000 ) ) ;
#1142 = CIRCLE ( 'NONE', #3814, 2.099999999999997868 ) ;
#1143 = AXIS2_PLACEMENT_3D ( 'NONE', #1091, #2774, #3893 ) ;
#1144 = CARTESIAN_POINT ( 'NONE',  ( 3.534020185992325480, -23.09999999999997300, -3.892302859491017397 ) ) ;
#1145 = DIRECTION ( 'NONE',  ( 1.883233150365925861E-16, -1.000000000000000000, -2.719624996528607520E-16 ) ) ;
#1146 = CARTESIAN_POINT ( 'NONE',  ( 5.146920607196465269, -32.29999999999996874, -1.071694213952271379 ) ) ;
#1147 = AXIS2_PLACEMENT_3D ( 'NONE', #1527, #4294, #2105 ) ;
#1148 = DIRECTION ( 'NONE',  ( 0.000000000000000000, 0.000000000000000000, 1.000000000000000000 ) ) ;
#1149 = VECTOR ( 'NONE', #4481, 999.9999999999998863 ) ;
#1150 = CIRCLE ( 'NONE', #5239, 6.000000000000000888 ) ;
#1151 = EDGE_CURVE ( 'NONE', #98, #531, #3660, .T. ) ;
#1152 = VECTOR ( 'NONE', #301, 1000.000000000000000 ) ;
#1153 = CARTESIAN_POINT ( 'NONE',  ( -0.8969327537763892577, -29.39999999999997371, -4.307610896448784921 ) ) ;
#1154 = AXIS2_PLACEMENT_3D ( 'NONE', #1825, #5632, #6286 ) ;
#1155 = VERTEX_POINT ( 'NONE', #815 ) ;
#1156 = CARTESIAN_POINT ( 'NONE',  ( 4.529290134332889295, -33.49999999999997158, -0.9430909082780156716 ) ) ;
#1157 = CARTESIAN_POINT ( 'NONE',  ( 17.50000000000000000, 8.000000000000003553, 31.00000000000000000 ) ) ;
#1158 = DIRECTION ( 'NONE',  ( -0.000000000000000000, -1.000000000000000000, -0.000000000000000000 ) ) ;
#1159 = AXIS2_PLACEMENT_3D ( 'NONE', #3188, #7135, #2154 ) ;
#1160 = CONICAL_SURFACE ( 'NONE', #2092, 12.00000000000000000, 0.7853981633974471688 ) ;
#1161 = ORIENTED_EDGE ( 'NONE', *, *, #664, .T. ) ;
#1162 = EDGE_CURVE ( 'NONE', #2694, #5066, #213, .T. ) ;
#1163 = CARTESIAN_POINT ( 'NONE',  ( 0.000000000000000000, 1.040949779275251742E-16, -25.50000000000000000 ) ) ;
#1164 = ORIENTED_EDGE ( 'NONE', *, *, #7074, .T. ) ;
#1165 = CARTESIAN_POINT ( 'NONE',  ( 3.534020185992324592, -29.09999999999997300, -3.892302859491016953 ) ) ;
#1166 = CARTESIAN_POINT ( 'NONE',  ( 17.50000000000000000, 8.000000000000000000, 31.00000000000000000 ) ) ;
#1167 = EDGE_LOOP ( 'NONE', ( #7035, #940, #3516, #3403, #1487, #5289, #6883, #446 ) ) ;
#1168 = AXIS2_PLACEMENT_3D ( 'NONE', #1, #1656, #2348 ) ;
#1169 = CARTESIAN_POINT ( 'NONE',  ( -3.257583998163493089, -25.59999999999997655, -2.957726575413957892 ) ) ;
#1170 = CARTESIAN_POINT ( 'NONE',  ( 0.8969327537763894798, -30.39999999999997726, 4.307610896448506921 ) ) ;
#1171 = CARTESIAN_POINT ( 'NONE',  ( 0.8500000000000068612, -42.00000000000005684, -8.991389646815644454 ) ) ;
#1172 = ORIENTED_EDGE ( 'NONE', *, *, #5118, .F. ) ;
#1173 = CARTESIAN_POINT ( 'NONE',  ( -4.383913502016938857, -21.80320891109802872, -0.3869271197078141822 ) ) ;
#1174 = CARTESIAN_POINT ( 'NONE',  ( -16.75000000000000711, 0.000000000000000000, -28.49999999999999645 ) ) ;
#1175 = ORIENTED_EDGE ( 'NONE', *, *, #567, .T. ) ;
#1176 = CARTESIAN_POINT ( 'NONE',  ( -3.257583998163493533, -22.99999999999997158, -2.957726575413957892 ) ) ;
#1177 = ORIENTED_EDGE ( 'NONE', *, *, #2242, .T. ) ;
#1178 = CARTESIAN_POINT ( 'NONE',  ( 16.74999999999999289, 3.400000000000000355, 26.95000000000001705 ) ) ;
#1179 = DIRECTION ( 'NONE',  ( -0.7071067811865474617, 0.000000000000000000, 0.7071067811865474617 ) ) ;
#1180 = CARTESIAN_POINT ( 'NONE',  ( 1.806316316930254517, -27.19999999999997797, -4.012134265349633466 ) ) ;
#1181 = DIRECTION ( 'NONE',  ( 1.084683744678891232E-30, 1.000000000000000000, 9.740822494929354281E-16 ) ) ;
#1182 = ADVANCED_FACE ( 'NONE', ( #5318 ), #2536, .F. ) ;
#1183 = EDGE_CURVE ( 'NONE', #510, #3556, #560, .T. ) ;
#1184 = DIRECTION ( 'NONE',  ( 0.000000000000000000, 0.000000000000000000, -1.000000000000000000 ) ) ;
#1185 = CARTESIAN_POINT ( 'NONE',  ( -3.701799997913059581, -34.19999999999996732, -3.361052926606751701 ) ) ;
#1186 = DIRECTION ( 'NONE',  ( 0.000000000000000000, 1.000000000000000000, -0.000000000000000000 ) ) ;
#1187 = CARTESIAN_POINT ( 'NONE',  ( -0.5026948701872614444, -21.69999999999996732, 4.599042014346875540 ) ) ;
#1188 = FACE_OUTER_BOUND ( 'NONE', #3475, .T. ) ;
#1189 = EDGE_CURVE ( 'NONE', #2268, #5915, #3258, .T. ) ;
#1190 = ORIENTED_EDGE ( 'NONE', *, *, #2601, .T. ) ;
#1191 = CARTESIAN_POINT ( 'NONE',  ( -1.806316316930254073, -32.19999999999998153, 4.012134265349355466 ) ) ;
#1192 = ORIENTED_EDGE ( 'NONE', *, *, #5208, .F. ) ;
#1193 = CARTESIAN_POINT ( 'NONE',  ( -5.146920607196465269, -26.49999999999997158, 1.071694213951994712 ) ) ;
#1194 = DIRECTION ( 'NONE',  ( 0.000000000000000000, 0.000000000000000000, -1.000000000000000000 ) ) ;
#1195 = EDGE_CURVE ( 'NONE', #5070, #1155, #1886, .T. ) ;
#1196 = DIRECTION ( 'NONE',  ( -0.7071067811865474617, 0.000000000000000000, -0.7071067811865474617 ) ) ;
#1197 = VERTEX_POINT ( 'NONE', #1306 ) ;
#1198 = DIRECTION ( 'NONE',  ( 0.9377796628086615405, 5.807183573696489173E-17, -0.3472309087948147743 ) ) ;
#1199 = VERTEX_POINT ( 'NONE', #2469 ) ;
#1200 = CARTESIAN_POINT ( 'NONE',  ( 3.534020185992324592, -27.09999999999996589, -3.892302859491016953 ) ) ;
#1201 = CARTESIAN_POINT ( 'NONE',  ( -16.75000000000000711, 8.000000000000000000, -25.25000000000000000 ) ) ;
#1202 = ORIENTED_EDGE ( 'NONE', *, *, #949, .T. ) ;
#1203 = CARTESIAN_POINT ( 'NONE',  ( 1.806316316930254517, -29.19999999999997442, -4.012134265349633466 ) ) ;
#1204 = CARTESIAN_POINT ( 'NONE',  ( -0.5026948701872614444, -26.29999999999997229, 4.599042014346876428 ) ) ;
#1205 = AXIS2_PLACEMENT_3D ( 'NONE', #5763, #6899, #4726 ) ;
#1206 = CARTESIAN_POINT ( 'NONE',  ( -15.05000000000000782, 100.5999999999999943, -25.25000000000000000 ) ) ;
#1207 = ORIENTED_EDGE ( 'NONE', *, *, #1341, .T. ) ;
#1208 = CARTESIAN_POINT ( 'NONE',  ( -5.847844182454322137, -41.85000000000005116, -0.1588030784810826324 ) ) ;
#1209 = CARTESIAN_POINT ( 'NONE',  ( 7.410578063764969782E-15, -42.00000000000005684, -2.840371640997498901E-14 ) ) ;
#1210 = ORIENTED_EDGE ( 'NONE', *, *, #664, .F. ) ;
#1211 = CARTESIAN_POINT ( 'NONE',  ( 0.8969327537763897018, -23.79999999999997584, 4.307610896448506921 ) ) ;
#1212 = ORIENTED_EDGE ( 'NONE', *, *, #4541, .T. ) ;
#1213 = CYLINDRICAL_SURFACE ( 'NONE', #5721, 6.000000000000000888 ) ;
#1214 = ADVANCED_FACE ( 'NONE', ( #4759 ), #7002, .F. ) ;
#1215 = CARTESIAN_POINT ( 'NONE',  ( -8.908906796682288132, 115.6000000000000369, 3.298693633550746629 ) ) ;
#1216 = CARTESIAN_POINT ( 'NONE',  ( 4.373948876459917479, -22.79999999999997229, 0.4780912319996028503 ) ) ;
#1217 = VECTOR ( 'NONE', #4906, 1000.000000000000000 ) ;
#1218 = CARTESIAN_POINT ( 'NONE',  ( 16.75000000000363798, 0.000000000000000000, -25.25000000004300915 ) ) ;
#1219 = CARTESIAN_POINT ( 'NONE',  ( -0.5712441706673426767, -24.29999999999997584, 5.226184107212377583 ) ) ;
#1220 = DIRECTION ( 'NONE',  ( 1.084683744678891232E-30, 1.000000000000000000, 9.740822494929352309E-16 ) ) ;
#1221 = CARTESIAN_POINT ( 'NONE',  ( 0.5712441706673430097, -32.69999999999997442, -5.226184107212654695 ) ) ;
#1222 = FACE_OUTER_BOUND ( 'NONE', #4250, .T. ) ;
#1223 = EDGE_CURVE ( 'NONE', #284, #4766, #4724, .T. ) ;
#1224 = EDGE_CURVE ( 'NONE', #1061, #45, #6963, .T. ) ;
#1225 =( BOUNDED_SURFACE ( )  B_SPLINE_SURFACE ( 3, 2, ( 
 ( #1735, #84, #5540, #3994, #628, #5687, #6081, #5580, #3956, #6194, #6789, #6231, #561, #2866, #1229, #2910, #1191, #12, #1108, #4439, #522, #4508, #2247, #5090, #5617, #6640, #7187, #4473, #6673, #2326, #4548, #6707, #666, #4399, #4984, #1632, #2755, #3844, #7232, #2215, #1665, #3875, #1693, #3913, #1153, #5052, #3386, #594, #44, #2280, #5283, #4180, #194, #6855, #4143, #6380, #267, #1304, #5793, #6896, #4722, #1884, #5137, #3528, #5759, #6822, #4612, #3630, #1812, #1264, #127, #6269, #159, #5248, #813, #4111, #4075, #3559, #774, #3053, #5169, #5204, #737, #2394, #2467, #4688, #3596, #702, #2942, #1950, #2500, #844, #1849, #1338, #6311, #2974, #2433, #6421, #4654, #3018, #235, #1917, #6344, #6929, #1375, #5830, #6960, #1413, #5862, #2362, #4580, #4033, #3497, #5727, #3788, #6694, #3294, #3219, #6621, #6661, #3261 ),
 ( #5008, #7208, #3831, #4381, #2743, #299, #6101, #5525, #2676, #509, #1093, #4460, #1020, #4964, #1654, #6068, #2709, #3863, #1682, #4313, #3327, #4928, #2776, #1060, #6027, #1615, #2195, #4424, #5449, #5563, #5315, #7094, #3896, #5492, #478, #7169, #540, #7131, #3088, #7253, #2633, #4346, #2234, #6135, #4848, #2088, #6549, #2152, #1543, #3754, #5992, #982, #437, #4892, #2120, #6582, #1576, #112, #2819, #5188, #1715, #32, #180, #582, #6295, #5637, #3408, #3939, #3444, #2269, #5709, #4016, #2414, #5153, #6729, #2852, #4096, #4633, #2961, #613, #3976, #6215, #6255, #6882, #3368, #4493, #6179, #5121, #1872, #719, #1831, #1132, #649, #5604, #1211, #6808, #5075, #5042, #2889, #2346, #1250, #4567, #1176, #69, #2303, #4057, #1291, #5671, #4532, #6774, #2379, #1759, #144, #1796, #3479, #690, #2930, #4598, #6841, #3515, #5745 ),
 ( #6980, #830, #5914, #3073, #6330, #2485, #6946, #755, #5813, #4807, #2996, #2454, #1323, #220, #1357, #6438, #2003, #5301, #5267, #4738, #1973, #4228, #6363, #6402, #4704, #3577, #3645, #5883, #4776, #1901, #4129, #3144, #6467, #2036, #796, #2518, #3040, #1933, #254, #5373, #4160, #4197, #1427, #3104, #1399, #283, #3618, #2556, #5849, #864, #5335, #318, #7015, #1456, #3676, #903, #356, #2589, #7043, #3545, #5778, #5227, #4676, #6915, #5405, #4919, #2700, #6498, #6540, #5948, #3820, #4414, #389, #6091, #2733, #532, #3178, #2664, #1049, #6059, #3855, #1085, #4881, #4955, #3318, #7243, #3284, #425, #5438, #1533, #2622, #1605, #3211, #5517, #7158, #3712, #4261, #1566, #3746, #7199, #2182, #7123, #501, #6651, #2075, #2767, #7082, #1644, #4303, #5550, #5983, #4998, #1494, #3779, #939, #2145, #4840, #974, #2111, #4336, #6573 ),
 ( #6018, #1008, #3250, #5482, #469, #4372, #6610, #4483, #1238, #2258, #5032, #2840, #5733, #2336, #6717, #5661, #5695, #2290, #22, #3356, #2875, #639, #4450, #1703, #3887, #1786, #2368, #5591, #4042, #677, #709, #1119, #602, #6243, #4004, #1819, #6281, #5064, #2919, #1275, #5177, #3467, #5626, #3396, #3928, #571, #6798, #1165, #5143, #5106, #1673, #2225, #6760, #6166, #134, #4588, #55, #6830, #3505, #4520, #2951, #1749, #6685, #3966, #6124, #6204, #2807, #1200, #3431, #99, #4556, #6429, #7007, #4219, #1858, #306, #6459, #2474, #1890, #1419, #3636, #2547, #3567, #819, #1925, #1994, #4150, #168, #5800, #784, #4083, #6902, #5904, #6319, #3534, #2402, #1310, #2442, #274, #3095, #6389, #6353, #5838, #3062, #5324, #206, #243, #3028, #4664, #4729, #6969, #5872, #2984, #5213, #1449, #4767, #3136, #4118, #3606, #1348, #5257 ),
 ( #5290, #4188, #4695, #1386, #6937, #1963, #2509, #4619, #854, #6869, #3667, #889, #5767, #743, #3808, #2137, #414, #2579, #7189, #5429, #965, #4948, #2172, #4830, #1000, #2613, #4329, #7033, #4401, #5941, #4251, #6642, #4798, #3276, #7071, #379, #931, #2650, #6486, #2691, #3236, #1634, #4362, #3704, #2063, #1073, #3846, #6083, #4293, #3202, #4871, #5471, #5365, #348, #1479, #3170, #2104, #2027, #5395, #6050, #6532, #7113, #1526, #6566, #3771, #3739, #5975, #1558, #6009, #459, #4911, #7149, #6600, #1594, #1039, #5508, #493, #2725, #1778, #1193, #6233, #3958, #4550, #3458, #2798, #3388, #596, #6196, #1695, #3423, #525, #3996, #7234, #2834, #5024, #1231, #4475, #6791, #5652, #5054, #5619, #1739, #5542, #630, #2282, #3345, #6748, #2868, #3309, #6152, #5092, #86, #2328, #46, #2757, #4986, #6118, #2217, #4510, #4441, #6675 ),
 ( #6709, #1667, #3877, #14, #1110, #5582, #563, #2249, #3915, #1156, #2599, #5998, #3224, #4276, #2094, #1098, #6518, #5962, #4818, #3727, #4854, #2714, #5532, #1581, #1547, #1027, #5497, #515, #2638, #2682, #986, #7102, #7176, #2158, #1064, #5419, #401, #6665, #2747, #5568, #4318, #6032, #6555, #5455, #3760, #1658, #445, #482, #3266, #6626, #4899, #3793, #7138, #6073, #2126, #4386, #4350, #6588, #4933, #1621, #3835, #3299, #4969, #6106, #7215, #2204, #4430, #3867, #3333, #7056, #951, #2049, #1514, #3191, #7163, #7126, #3858, #6095, #3750, #2148, #1537, #3255, #5952, #1088, #4844, #3182, #3321, #3717, #2187, #5987, #6544, #7086, #6577, #5409, #1608, #4376, #5555, #1053, #2627, #978, #7247, #535, #2771, #3215, #2114, #4339, #6615, #5002, #6502, #393, #2082, #1013, #4265, #1500, #4959, #943, #3783, #4307, #1571, #2703, #5443 ),
 ( #4418, #428, #6022, #2668, #3288, #5520, #6656, #4885, #4922, #5486, #3825, #472, #6063, #1647, #504, #2737, #7202, #5736, #1124, #607, #6249, #1790, #1824, #6285, #2844, #682, #4047, #5181, #4008, #5631, #3400, #6723, #5596, #6802, #1170, #1242, #643, #1677, #2229, #6765, #1707, #2923, #5147, #5068, #3472, #138, #26, #713, #5037, #5699, #2262, #2373, #3932, #4592, #4454, #1753, #6834, #103, #1282, #3509, #2955, #3891, #6689, #6129, #4524, #6171, #3360, #577, #2813, #60, #2879, #3970, #4488, #6208, #2294, #1204, #3436, #5665, #5110, #2340, #4560, #3538, #2407, #1314, #2448, #374, #3199, #6394, #6357, #5842, #3066, #5425, #211, #246, #3570, #4668, #4825, #7065, #5969, #2988, #5219, #4326, #408, #3231, #1894, #3611, #6908, #5805, #1351, #6563, #787, #5294, #823, #4284, #4122, #1389, #4698, #3735, #3034, #2056, #5260 ) ),
 .UNSPECIFIED., .T., .F., .F. ) 
 B_SPLINE_SURFACE_WITH_KNOTS ( ( 4, 3, 4 ),
 ( 3, 2, 2, 2, 2, 2, 2, 2, 2, 2, 2, 2, 2, 2, 2, 2, 2, 2, 2, 2, 2, 2, 2, 2, 2, 2, 2, 2, 2, 2, 2, 2, 2, 2, 2, 2, 2, 2, 2, 2, 2, 2, 2, 2, 2, 2, 2, 2, 2, 2, 2, 2, 2, 2, 2, 2, 2, 2, 2, 2, 3 ),
 ( 0.000000000000000000, 0.5000000000000000000, 1.000000000000000000 ),
 ( 0.000000000000000000, 0.01666666666666666644, 0.03333333333333333287, 0.05000000000000000278, 0.06666666666666666574, 0.08333333333333332871, 0.1000000000000000056, 0.1166666666666666685, 0.1333333333333333315, 0.1499999999999999944, 0.1666666666666666574, 0.1833333333333333204, 0.2000000000000000111, 0.2166666666666666741, 0.2333333333333333370, 0.2500000000000000000, 0.2666666666666666630, 0.2833333333333333259, 0.2999999999999999889, 0.3166666666666666519, 0.3333333333333333148, 0.3499999999999999778, 0.3666666666666666408, 0.3833333333333333592, 0.4000000000000000222, 0.4166666666666666852, 0.4333333333333333481, 0.4500000000000000111, 0.4666666666666666741, 0.4833333333333333370, 0.5000000000000000000, 0.5166666666666667185, 0.5333333333333333259, 0.5500000000000000444, 0.5666666666666666519, 0.5833333333333333703, 0.5999999999999999778, 0.6166666666666666963, 0.6333333333333333037, 0.6500000000000000222, 0.6666666666666666297, 0.6833333333333333481, 0.6999999999999999556, 0.7166666666666666741, 0.7333333333333332815, 0.7500000000000000000, 0.7666666666666667185, 0.7833333333333333259, 0.8000000000000000444, 0.8166666666666666519, 0.8333333333333333703, 0.8499999999999999778, 0.8666666666666666963, 0.8833333333333333037, 0.9000000000000000222, 0.9166666666666666297, 0.9333333333333333481, 0.9499999999999999556, 0.9666666666666666741, 0.9833333333333332815, 1.000000000000000000 ),
 .UNSPECIFIED. ) 
 GEOMETRIC_REPRESENTATION_ITEM ( )  RATIONAL_B_SPLINE_SURFACE ( (
 ( 1.000000000000000000, 0.9510565162951535312, 1.000000000000000000, 0.9510565162951535312, 1.000000000000000000, 0.9510565162951535312, 1.000000000000000000, 0.9510565162951535312, 1.000000000000000000, 0.9510565162951535312, 1.000000000000000000, 0.9510565162951535312, 1.000000000000000000, 0.9510565162951535312, 1.000000000000000000, 0.9510565162951535312, 1.000000000000000000, 0.9510565162951535312, 1.000000000000000000, 0.9510565162951535312, 1.000000000000000000, 0.9510565162951535312, 1.000000000000000000, 0.9510565162951535312, 1.000000000000000000, 0.9510565162951535312, 1.000000000000000000, 0.9510565162951535312, 1.000000000000000000, 0.9510565162951535312, 1.000000000000000000, 0.9510565162951535312, 1.000000000000000000, 0.9510565162951535312, 1.000000000000000000, 0.9510565162951535312, 1.000000000000000000, 0.9510565162951535312, 1.000000000000000000, 0.9510565162951535312, 1.000000000000000000, 0.9510565162951535312, 1.000000000000000000, 0.9510565162951535312, 1.000000000000000000, 0.9510565162951535312, 1.000000000000000000, 0.9510565162951535312, 1.000000000000000000, 0.9510565162951535312, 1.000000000000000000, 0.9510565162951535312, 1.000000000000000000, 0.9510565162951535312, 1.000000000000000000, 0.9510565162951535312, 1.000000000000000000, 0.9510565162951535312, 1.000000000000000000, 0.9510565162951535312, 1.000000000000000000, 0.9510565162951535312, 1.000000000000000000, 0.9510565162951535312, 1.000000000000000000, 0.9510565162951535312, 1.000000000000000000, 0.9510565162951535312, 1.000000000000000000, 0.9510565162951535312, 1.000000000000000000, 0.9510565162951535312, 1.000000000000000000, 0.9510565162951535312, 1.000000000000000000, 0.9510565162951535312, 1.000000000000000000, 0.9510565162951535312, 1.000000000000000000, 0.9510565162951535312, 1.000000000000000000, 0.9510565162951535312, 1.000000000000000000, 0.9510565162951535312, 1.000000000000000000, 0.9510565162951535312, 1.000000000000000000, 0.9510565162951535312, 1.000000000000000000, 0.9510565162951535312, 1.000000000000000000, 0.9510565162951535312, 1.000000000000000000, 0.9510565162951535312, 1.000000000000000000, 0.9510565162951535312, 1.000000000000000000, 0.9510565162951535312, 1.000000000000000000, 0.9510565162951535312, 1.000000000000000000, 0.9510565162951535312, 1.000000000000000000, 0.9510565162951535312, 1.000000000000000000, 0.9510565162951535312, 1.000000000000000000, 0.9510565162951535312, 1.000000000000000000, 0.9510565162951535312, 1.000000000000000000, 0.9510565162951535312, 1.000000000000000000, 0.9510565162951535312, 1.000000000000000000, 0.9510565162951535312, 1.000000000000000000, 0.9510565162951535312, 1.000000000000000000, 0.9510565162951535312, 1.000000000000000000),
 ( 0.3333333333333333703, 0.3170188387650512141, 0.3333333333333333703, 0.3170188387650512141, 0.3333333333333333703, 0.3170188387650512141, 0.3333333333333333703, 0.3170188387650512141, 0.3333333333333333703, 0.3170188387650512141, 0.3333333333333333703, 0.3170188387650512141, 0.3333333333333333703, 0.3170188387650512141, 0.3333333333333333703, 0.3170188387650512141, 0.3333333333333333703, 0.3170188387650512141, 0.3333333333333333703, 0.3170188387650512141, 0.3333333333333333703, 0.3170188387650512141, 0.3333333333333333703, 0.3170188387650512141, 0.3333333333333333703, 0.3170188387650512141, 0.3333333333333333703, 0.3170188387650512141, 0.3333333333333333703, 0.3170188387650512141, 0.3333333333333333703, 0.3170188387650512141, 0.3333333333333333703, 0.3170188387650512141, 0.3333333333333333703, 0.3170188387650512141, 0.3333333333333333703, 0.3170188387650512141, 0.3333333333333333703, 0.3170188387650512141, 0.3333333333333333703, 0.3170188387650512141, 0.3333333333333333703, 0.3170188387650512141, 0.3333333333333333703, 0.3170188387650512141, 0.3333333333333333703, 0.3170188387650512141, 0.3333333333333333703, 0.3170188387650512141, 0.3333333333333333703, 0.3170188387650512141, 0.3333333333333333703, 0.3170188387650512141, 0.3333333333333333703, 0.3170188387650512141, 0.3333333333333333703, 0.3170188387650512141, 0.3333333333333333703, 0.3170188387650512141, 0.3333333333333333703, 0.3170188387650512141, 0.3333333333333333703, 0.3170188387650512141, 0.3333333333333333703, 0.3170188387650512141, 0.3333333333333333703, 0.3170188387650512141, 0.3333333333333333703, 0.3170188387650512141, 0.3333333333333333703, 0.3170188387650512141, 0.3333333333333333703, 0.3170188387650512141, 0.3333333333333333703, 0.3170188387650512141, 0.3333333333333333703, 0.3170188387650512141, 0.3333333333333333703, 0.3170188387650512141, 0.3333333333333333703, 0.3170188387650512141, 0.3333333333333333703, 0.3170188387650512141, 0.3333333333333333703, 0.3170188387650512141, 0.3333333333333333703, 0.3170188387650512141, 0.3333333333333333703, 0.3170188387650512141, 0.3333333333333333703, 0.3170188387650512141, 0.3333333333333333703, 0.3170188387650512141, 0.3333333333333333703, 0.3170188387650512141, 0.3333333333333333703, 0.3170188387650512141, 0.3333333333333333703, 0.3170188387650512141, 0.3333333333333333703, 0.3170188387650512141, 0.3333333333333333703, 0.3170188387650512141, 0.3333333333333333703, 0.3170188387650512141, 0.3333333333333333703, 0.3170188387650512141, 0.3333333333333333703, 0.3170188387650512141, 0.3333333333333333703, 0.3170188387650512141, 0.3333333333333333703, 0.3170188387650512141, 0.3333333333333333703, 0.3170188387650512141, 0.3333333333333333703, 0.3170188387650512141, 0.3333333333333333703, 0.3170188387650512141, 0.3333333333333333703),
 ( 0.3333333333333333703, 0.3170188387650512141, 0.3333333333333333703, 0.3170188387650512141, 0.3333333333333333703, 0.3170188387650512141, 0.3333333333333333703, 0.3170188387650512141, 0.3333333333333333703, 0.3170188387650512141, 0.3333333333333333703, 0.3170188387650512141, 0.3333333333333333703, 0.3170188387650512141, 0.3333333333333333703, 0.3170188387650512141, 0.3333333333333333703, 0.3170188387650512141, 0.3333333333333333703, 0.3170188387650512141, 0.3333333333333333703, 0.3170188387650512141, 0.3333333333333333703, 0.3170188387650512141, 0.3333333333333333703, 0.3170188387650512141, 0.3333333333333333703, 0.3170188387650512141, 0.3333333333333333703, 0.3170188387650512141, 0.3333333333333333703, 0.3170188387650512141, 0.3333333333333333703, 0.3170188387650512141, 0.3333333333333333703, 0.3170188387650512141, 0.3333333333333333703, 0.3170188387650512141, 0.3333333333333333703, 0.3170188387650512141, 0.3333333333333333703, 0.3170188387650512141, 0.3333333333333333703, 0.3170188387650512141, 0.3333333333333333703, 0.3170188387650512141, 0.3333333333333333703, 0.3170188387650512141, 0.3333333333333333703, 0.3170188387650512141, 0.3333333333333333703, 0.3170188387650512141, 0.3333333333333333703, 0.3170188387650512141, 0.3333333333333333703, 0.3170188387650512141, 0.3333333333333333703, 0.3170188387650512141, 0.3333333333333333703, 0.3170188387650512141, 0.3333333333333333703, 0.3170188387650512141, 0.3333333333333333703, 0.3170188387650512141, 0.3333333333333333703, 0.3170188387650512141, 0.3333333333333333703, 0.3170188387650512141, 0.3333333333333333703, 0.3170188387650512141, 0.3333333333333333703, 0.3170188387650512141, 0.3333333333333333703, 0.3170188387650512141, 0.3333333333333333703, 0.3170188387650512141, 0.3333333333333333703, 0.3170188387650512141, 0.3333333333333333703, 0.3170188387650512141, 0.3333333333333333703, 0.3170188387650512141, 0.3333333333333333703, 0.3170188387650512141, 0.3333333333333333703, 0.3170188387650512141, 0.3333333333333333703, 0.3170188387650512141, 0.3333333333333333703, 0.3170188387650512141, 0.3333333333333333703, 0.3170188387650512141, 0.3333333333333333703, 0.3170188387650512141, 0.3333333333333333703, 0.3170188387650512141, 0.3333333333333333703, 0.3170188387650512141, 0.3333333333333333703, 0.3170188387650512141, 0.3333333333333333703, 0.3170188387650512141, 0.3333333333333333703, 0.3170188387650512141, 0.3333333333333333703, 0.3170188387650512141, 0.3333333333333333703, 0.3170188387650512141, 0.3333333333333333703, 0.3170188387650512141, 0.3333333333333333703, 0.3170188387650512141, 0.3333333333333333703, 0.3170188387650512141, 0.3333333333333333703, 0.3170188387650512141, 0.3333333333333333703, 0.3170188387650512141, 0.3333333333333333703, 0.3170188387650512141, 0.3333333333333333703),
 ( 1.000000000000000000, 0.9510565162951535312, 1.000000000000000000, 0.9510565162951535312, 1.000000000000000000, 0.9510565162951535312, 1.000000000000000000, 0.9510565162951535312, 1.000000000000000000, 0.9510565162951535312, 1.000000000000000000, 0.9510565162951535312, 1.000000000000000000, 0.9510565162951535312, 1.000000000000000000, 0.9510565162951535312, 1.000000000000000000, 0.9510565162951535312, 1.000000000000000000, 0.9510565162951535312, 1.000000000000000000, 0.9510565162951535312, 1.000000000000000000, 0.9510565162951535312, 1.000000000000000000, 0.9510565162951535312, 1.000000000000000000, 0.9510565162951535312, 1.000000000000000000, 0.9510565162951535312, 1.000000000000000000, 0.9510565162951535312, 1.000000000000000000, 0.9510565162951535312, 1.000000000000000000, 0.9510565162951535312, 1.000000000000000000, 0.9510565162951535312, 1.000000000000000000, 0.9510565162951535312, 1.000000000000000000, 0.9510565162951535312, 1.000000000000000000, 0.9510565162951535312, 1.000000000000000000, 0.9510565162951535312, 1.000000000000000000, 0.9510565162951535312, 1.000000000000000000, 0.9510565162951535312, 1.000000000000000000, 0.9510565162951535312, 1.000000000000000000, 0.9510565162951535312, 1.000000000000000000, 0.9510565162951535312, 1.000000000000000000, 0.9510565162951535312, 1.000000000000000000, 0.9510565162951535312, 1.000000000000000000, 0.9510565162951535312, 1.000000000000000000, 0.9510565162951535312, 1.000000000000000000, 0.9510565162951535312, 1.000000000000000000, 0.9510565162951535312, 1.000000000000000000, 0.9510565162951535312, 1.000000000000000000, 0.9510565162951535312, 1.000000000000000000, 0.9510565162951535312, 1.000000000000000000, 0.9510565162951535312, 1.000000000000000000, 0.9510565162951535312, 1.000000000000000000, 0.9510565162951535312, 1.000000000000000000, 0.9510565162951535312, 1.000000000000000000, 0.9510565162951535312, 1.000000000000000000, 0.9510565162951535312, 1.000000000000000000, 0.9510565162951535312, 1.000000000000000000, 0.9510565162951535312, 1.000000000000000000, 0.9510565162951535312, 1.000000000000000000, 0.9510565162951535312, 1.000000000000000000, 0.9510565162951535312, 1.000000000000000000, 0.9510565162951535312, 1.000000000000000000, 0.9510565162951535312, 1.000000000000000000, 0.9510565162951535312, 1.000000000000000000, 0.9510565162951535312, 1.000000000000000000, 0.9510565162951535312, 1.000000000000000000, 0.9510565162951535312, 1.000000000000000000, 0.9510565162951535312, 1.000000000000000000, 0.9510565162951535312, 1.000000000000000000, 0.9510565162951535312, 1.000000000000000000, 0.9510565162951535312, 1.000000000000000000, 0.9510565162951535312, 1.000000000000000000, 0.9510565162951535312, 1.000000000000000000),
 ( 0.3333333333333333703, 0.3170188387650512141, 0.3333333333333333703, 0.3170188387650512141, 0.3333333333333333703, 0.3170188387650512141, 0.3333333333333333703, 0.3170188387650512141, 0.3333333333333333703, 0.3170188387650512141, 0.3333333333333333703, 0.3170188387650512141, 0.3333333333333333703, 0.3170188387650512141, 0.3333333333333333703, 0.3170188387650512141, 0.3333333333333333703, 0.3170188387650512141, 0.3333333333333333703, 0.3170188387650512141, 0.3333333333333333703, 0.3170188387650512141, 0.3333333333333333703, 0.3170188387650512141, 0.3333333333333333703, 0.3170188387650512141, 0.3333333333333333703, 0.3170188387650512141, 0.3333333333333333703, 0.3170188387650512141, 0.3333333333333333703, 0.3170188387650512141, 0.3333333333333333703, 0.3170188387650512141, 0.3333333333333333703, 0.3170188387650512141, 0.3333333333333333703, 0.3170188387650512141, 0.3333333333333333703, 0.3170188387650512141, 0.3333333333333333703, 0.3170188387650512141, 0.3333333333333333703, 0.3170188387650512141, 0.3333333333333333703, 0.3170188387650512141, 0.3333333333333333703, 0.3170188387650512141, 0.3333333333333333703, 0.3170188387650512141, 0.3333333333333333703, 0.3170188387650512141, 0.3333333333333333703, 0.3170188387650512141, 0.3333333333333333703, 0.3170188387650512141, 0.3333333333333333703, 0.3170188387650512141, 0.3333333333333333703, 0.3170188387650512141, 0.3333333333333333703, 0.3170188387650512141, 0.3333333333333333703, 0.3170188387650512141, 0.3333333333333333703, 0.3170188387650512141, 0.3333333333333333703, 0.3170188387650512141, 0.3333333333333333703, 0.3170188387650512141, 0.3333333333333333703, 0.3170188387650512141, 0.3333333333333333703, 0.3170188387650512141, 0.3333333333333333703, 0.3170188387650512141, 0.3333333333333333703, 0.3170188387650512141, 0.3333333333333333703, 0.3170188387650512141, 0.3333333333333333703, 0.3170188387650512141, 0.3333333333333333703, 0.3170188387650512141, 0.3333333333333333703, 0.3170188387650512141, 0.3333333333333333703, 0.3170188387650512141, 0.3333333333333333703, 0.3170188387650512141, 0.3333333333333333703, 0.3170188387650512141, 0.3333333333333333703, 0.3170188387650512141, 0.3333333333333333703, 0.3170188387650512141, 0.3333333333333333703, 0.3170188387650512141, 0.3333333333333333703, 0.3170188387650512141, 0.3333333333333333703, 0.3170188387650512141, 0.3333333333333333703, 0.3170188387650512141, 0.3333333333333333703, 0.3170188387650512141, 0.3333333333333333703, 0.3170188387650512141, 0.3333333333333333703, 0.3170188387650512141, 0.3333333333333333703, 0.3170188387650512141, 0.3333333333333333703, 0.3170188387650512141, 0.3333333333333333703, 0.3170188387650512141, 0.3333333333333333703, 0.3170188387650512141, 0.3333333333333333703, 0.3170188387650512141, 0.3333333333333333703),
 ( 0.3333333333333333703, 0.3170188387650512141, 0.3333333333333333703, 0.3170188387650512141, 0.3333333333333333703, 0.3170188387650512141, 0.3333333333333333703, 0.3170188387650512141, 0.3333333333333333703, 0.3170188387650512141, 0.3333333333333333703, 0.3170188387650512141, 0.3333333333333333703, 0.3170188387650512141, 0.3333333333333333703, 0.3170188387650512141, 0.3333333333333333703, 0.3170188387650512141, 0.3333333333333333703, 0.3170188387650512141, 0.3333333333333333703, 0.3170188387650512141, 0.3333333333333333703, 0.3170188387650512141, 0.3333333333333333703, 0.3170188387650512141, 0.3333333333333333703, 0.3170188387650512141, 0.3333333333333333703, 0.3170188387650512141, 0.3333333333333333703, 0.3170188387650512141, 0.3333333333333333703, 0.3170188387650512141, 0.3333333333333333703, 0.3170188387650512141, 0.3333333333333333703, 0.3170188387650512141, 0.3333333333333333703, 0.3170188387650512141, 0.3333333333333333703, 0.3170188387650512141, 0.3333333333333333703, 0.3170188387650512141, 0.3333333333333333703, 0.3170188387650512141, 0.3333333333333333703, 0.3170188387650512141, 0.3333333333333333703, 0.3170188387650512141, 0.3333333333333333703, 0.3170188387650512141, 0.3333333333333333703, 0.3170188387650512141, 0.3333333333333333703, 0.3170188387650512141, 0.3333333333333333703, 0.3170188387650512141, 0.3333333333333333703, 0.3170188387650512141, 0.3333333333333333703, 0.3170188387650512141, 0.3333333333333333703, 0.3170188387650512141, 0.3333333333333333703, 0.3170188387650512141, 0.3333333333333333703, 0.3170188387650512141, 0.3333333333333333703, 0.3170188387650512141, 0.3333333333333333703, 0.3170188387650512141, 0.3333333333333333703, 0.3170188387650512141, 0.3333333333333333703, 0.3170188387650512141, 0.3333333333333333703, 0.3170188387650512141, 0.3333333333333333703, 0.3170188387650512141, 0.3333333333333333703, 0.3170188387650512141, 0.3333333333333333703, 0.3170188387650512141, 0.3333333333333333703, 0.3170188387650512141, 0.3333333333333333703, 0.3170188387650512141, 0.3333333333333333703, 0.3170188387650512141, 0.3333333333333333703, 0.3170188387650512141, 0.3333333333333333703, 0.3170188387650512141, 0.3333333333333333703, 0.3170188387650512141, 0.3333333333333333703, 0.3170188387650512141, 0.3333333333333333703, 0.3170188387650512141, 0.3333333333333333703, 0.3170188387650512141, 0.3333333333333333703, 0.3170188387650512141, 0.3333333333333333703, 0.3170188387650512141, 0.3333333333333333703, 0.3170188387650512141, 0.3333333333333333703, 0.3170188387650512141, 0.3333333333333333703, 0.3170188387650512141, 0.3333333333333333703, 0.3170188387650512141, 0.3333333333333333703, 0.3170188387650512141, 0.3333333333333333703, 0.3170188387650512141, 0.3333333333333333703, 0.3170188387650512141, 0.3333333333333333703),
 ( 1.000000000000000000, 0.9510565162951535312, 1.000000000000000000, 0.9510565162951535312, 1.000000000000000000, 0.9510565162951535312, 1.000000000000000000, 0.9510565162951535312, 1.000000000000000000, 0.9510565162951535312, 1.000000000000000000, 0.9510565162951535312, 1.000000000000000000, 0.9510565162951535312, 1.000000000000000000, 0.9510565162951535312, 1.000000000000000000, 0.9510565162951535312, 1.000000000000000000, 0.9510565162951535312, 1.000000000000000000, 0.9510565162951535312, 1.000000000000000000, 0.9510565162951535312, 1.000000000000000000, 0.9510565162951535312, 1.000000000000000000, 0.9510565162951535312, 1.000000000000000000, 0.9510565162951535312, 1.000000000000000000, 0.9510565162951535312, 1.000000000000000000, 0.9510565162951535312, 1.000000000000000000, 0.9510565162951535312, 1.000000000000000000, 0.9510565162951535312, 1.000000000000000000, 0.9510565162951535312, 1.000000000000000000, 0.9510565162951535312, 1.000000000000000000, 0.9510565162951535312, 1.000000000000000000, 0.9510565162951535312, 1.000000000000000000, 0.9510565162951535312, 1.000000000000000000, 0.9510565162951535312, 1.000000000000000000, 0.9510565162951535312, 1.000000000000000000, 0.9510565162951535312, 1.000000000000000000, 0.9510565162951535312, 1.000000000000000000, 0.9510565162951535312, 1.000000000000000000, 0.9510565162951535312, 1.000000000000000000, 0.9510565162951535312, 1.000000000000000000, 0.9510565162951535312, 1.000000000000000000, 0.9510565162951535312, 1.000000000000000000, 0.9510565162951535312, 1.000000000000000000, 0.9510565162951535312, 1.000000000000000000, 0.9510565162951535312, 1.000000000000000000, 0.9510565162951535312, 1.000000000000000000, 0.9510565162951535312, 1.000000000000000000, 0.9510565162951535312, 1.000000000000000000, 0.9510565162951535312, 1.000000000000000000, 0.9510565162951535312, 1.000000000000000000, 0.9510565162951535312, 1.000000000000000000, 0.9510565162951535312, 1.000000000000000000, 0.9510565162951535312, 1.000000000000000000, 0.9510565162951535312, 1.000000000000000000, 0.9510565162951535312, 1.000000000000000000, 0.9510565162951535312, 1.000000000000000000, 0.9510565162951535312, 1.000000000000000000, 0.9510565162951535312, 1.000000000000000000, 0.9510565162951535312, 1.000000000000000000, 0.9510565162951535312, 1.000000000000000000, 0.9510565162951535312, 1.000000000000000000, 0.9510565162951535312, 1.000000000000000000, 0.9510565162951535312, 1.000000000000000000, 0.9510565162951535312, 1.000000000000000000, 0.9510565162951535312, 1.000000000000000000, 0.9510565162951535312, 1.000000000000000000, 0.9510565162951535312, 1.000000000000000000, 0.9510565162951535312, 1.000000000000000000, 0.9510565162951535312, 1.000000000000000000) ) ) 
 REPRESENTATION_ITEM ( '' )  SURFACE ( )  );
#1226 = ORIENTED_EDGE ( 'NONE', *, *, #5867, .T. ) ;
#1227 = CARTESIAN_POINT ( 'NONE',  ( -2.052632178329834023, -26.19999999999997797, 4.559243483351559156 ) ) ;
#1228 = CARTESIAN_POINT ( 'NONE',  ( -3.257583998163493089, -27.59999999999997655, -2.957726575413957892 ) ) ;
#1229 = CARTESIAN_POINT ( 'NONE',  ( 0.8969327537763894798, -32.39999999999997726, 4.307610896448506921 ) ) ;
#1230 = ORIENTED_EDGE ( 'NONE', *, *, #2093, .F. ) ;
#1231 = CARTESIAN_POINT ( 'NONE',  ( -0.5712441706673425657, -24.89999999999997371, 5.226184107212376695 ) ) ;
#1232 = DIRECTION ( 'NONE',  ( -0.000000000000000000, 1.000000000000000000, -0.000000000000000000 ) ) ;
#1233 = CARTESIAN_POINT ( 'NONE',  ( 3.109937763673246813, -29.69999999999997797, -3.425226516352113837 ) ) ;
#1234 = ADVANCED_FACE ( 'NONE', ( #4113 ), #196, .T. ) ;
#1235 = CARTESIAN_POINT ( 'NONE',  ( 8.217522887949261152E-15, -41.85000000000005116, -2.839498382022352361E-14 ) ) ;
#1236 = DIRECTION ( 'NONE',  ( -0.000000000000000000, 1.000000000000000000, -0.000000000000000000 ) ) ;
#1237 = EDGE_LOOP ( 'NONE', ( #6318, #6232, #1202, #1453, #7042, #5028, #6757, #987 ) ) ;
#1238 = CARTESIAN_POINT ( 'NONE',  ( 4.340470396594395375, -32.99999999999997158, -2.481998536721644832 ) ) ;
#1239 = CARTESIAN_POINT ( 'NONE',  ( -0.7520851145095199808, -39.22039325733497606, -1.853646023396298137 ) ) ;
#1240 = ORIENTED_EDGE ( 'NONE', *, *, #4342, .F. ) ;
#1241 = CARTESIAN_POINT ( 'NONE',  ( -1.806316316930254073, -31.59999999999996589, 4.012134265349355466 ) ) ;
#1242 = CARTESIAN_POINT ( 'NONE',  ( -0.5026948701872614444, -30.29999999999996518, 4.599042014346876428 ) ) ;
#1243 = LINE ( 'NONE', #3933, #5444 ) ;
#1244 = CIRCLE ( 'NONE', #1697, 1.700000000000013944 ) ;
#1245 = ORIENTED_EDGE ( 'NONE', *, *, #4107, .T. ) ;
#1246 = DIRECTION ( 'NONE',  ( -1.000000000000000000, 0.000000000000000000, 0.000000000000000000 ) ) ;
#1247 = CARTESIAN_POINT ( 'NONE',  ( 8.378751644940544807, 104.0000000000000142, 4.685778576971611820 ) ) ;
#1248 = VERTEX_POINT ( 'NONE', #3123 ) ;
#1249 = EDGE_CURVE ( 'NONE', #502, #7188, #5206, .T. ) ;
#1250 = CARTESIAN_POINT ( 'NONE',  ( -4.373948876459917479, -23.19999999999997442, -0.4780912319998809612 ) ) ;
#1251 = ORIENTED_EDGE ( 'NONE', *, *, #2489, .F. ) ;
#1252 = DIRECTION ( 'NONE',  ( -5.551115123125799958E-17, 0.000000000000000000, -1.000000000000000000 ) ) ;
#1253 = CARTESIAN_POINT ( 'NONE',  ( 12.52078873619546151, 107.0000000000000284, 2.136160751651473788 ) ) ;
#1254 = CARTESIAN_POINT ( 'NONE',  ( 4.218607618586947439, -22.69999999999997442, 1.899273372277220817 ) ) ;
#1255 = CARTESIAN_POINT ( 'NONE',  ( -17.50000000000000000, 8.000000000000003553, -31.00000000000000000 ) ) ;
#1256 = CARTESIAN_POINT ( 'NONE',  ( -0.8499999999999927613, -41.24757915850408097, -3.309458183947084464 ) ) ;
#1257 = CARTESIAN_POINT ( 'NONE',  ( -4.373948876459917479, -34.39999999999997016, -0.4780912319998809612 ) ) ;
#1258 = CARTESIAN_POINT ( 'NONE',  ( -0.8499999999999929834, -40.29999999999878924, -3.575349633252822734 ) ) ;
#1259 = DIRECTION ( 'NONE',  ( 1.883233150365978123E-16, -1.000000000000000000, -2.719624996528670136E-16 ) ) ;
#1260 = VECTOR ( 'NONE', #3397, 1000.000000000000114 ) ;
#1261 = CIRCLE ( 'NONE', #2892, 2.099999999999997868 ) ;
#1262 = ORIENTED_EDGE ( 'NONE', *, *, #3116, .F. ) ;
#1263 = CARTESIAN_POINT ( 'NONE',  ( 3.109937763673247257, -27.09999999999997300, -3.425226516352112505 ) ) ;
#1264 = CARTESIAN_POINT ( 'NONE',  ( 4.529290134332890183, -26.89999999999997016, -0.9430909082780154495 ) ) ;
#1265 = DIRECTION ( 'NONE',  ( -1.249000902703301108E-16, 9.912705577010326536E-16, -1.000000000000000000 ) ) ;
#1266 = CARTESIAN_POINT ( 'NONE',  ( 16.26345596729054677, 0.000000000000000000, -14.61345596729060325 ) ) ;
#1267 = AXIS2_PLACEMENT_3D ( 'NONE', #6052, #5976, #3278 ) ;
#1268 = VECTOR ( 'NONE', #4195, 1000.000000000000000 ) ;
#1269 = AXIS2_PLACEMENT_3D ( 'NONE', #5845, #5185, #1320 ) ;
#1270 = FACE_OUTER_BOUND ( 'NONE', #720, .T. ) ;
#1271 = AXIS2_PLACEMENT_3D ( 'NONE', #1696, #1111, #2364 ) ;
#1272 = ORIENTED_EDGE ( 'NONE', *, *, #3909, .T. ) ;
#1273 = DIRECTION ( 'NONE',  ( -1.000000000000000000, 0.000000000000000000, -0.000000000000000000 ) ) ;
#1274 = VERTEX_POINT ( 'NONE', #5795 ) ;
#1275 = CARTESIAN_POINT ( 'NONE',  ( -5.146920607196466158, -29.89999999999997371, 1.071694213951994712 ) ) ;
#1276 = EDGE_CURVE ( 'NONE', #7200, #2391, #1855, .T. ) ;
#1277 = CARTESIAN_POINT ( 'NONE',  ( 8.118505867570617065E-16, -33.99999999999997868, 6.499999999999924505 ) ) ;
#1278 = ORIENTED_EDGE ( 'NONE', *, *, #6045, .F. ) ;
#1279 = EDGE_CURVE ( 'NONE', #6611, #1616, #5242, .T. ) ;
#1280 = CARTESIAN_POINT ( 'NONE',  ( 0.5026948701872619996, -23.29999999999997229, -4.599042014347151763 ) ) ;
#1281 = CIRCLE ( 'NONE', #1032, 4.000000000000000000 ) ;
#1282 = CARTESIAN_POINT ( 'NONE',  ( -3.819613949003068498, -27.99999999999997513, 2.184158712314787198 ) ) ;
#1283 = DIRECTION ( 'NONE',  ( -1.883233150365978123E-16, 1.000000000000000000, 2.719624996528670136E-16 ) ) ;
#1284 = EDGE_CURVE ( 'NONE', #614, #7039, #4296, .T. ) ;
#1285 = ORIENTED_EDGE ( 'NONE', *, *, #251, .T. ) ;
#1286 = FACE_OUTER_BOUND ( 'NONE', #2037, .T. ) ;
#1287 = LOCAL_TIME ( 18, 51, 8.000000000000000000, #4287 ) ;
#1288 = CONICAL_SURFACE ( 'NONE', #3714, 6.499999999999999112, 0.7853981633974678189 ) ;
#1289 = CARTESIAN_POINT ( 'NONE',  ( -1.498801083244036271E-15, -25.69999999999997797, -12.00000000000006573 ) ) ;
#1290 = ORIENTED_EDGE ( 'NONE', *, *, #4145, .F. ) ;
#1291 = CARTESIAN_POINT ( 'NONE',  ( 1.806316316930254740, -22.59999999999997655, -4.012134265349632578 ) ) ;
#1292 = VERTEX_POINT ( 'NONE', #4146 ) ;
#1293 = FACE_BOUND ( 'NONE', #2464, .T. ) ;
#1294 = DIRECTION ( 'NONE',  ( 1.000000000000000000, 0.000000000000000000, 0.000000000000000000 ) ) ;
#1295 = ADVANCED_FACE ( 'NONE', ( #6931 ), #1920, .F. ) ;
#1296 = CARTESIAN_POINT ( 'NONE',  ( -0.5026948701872614444, -26.29999999999997229, 4.599042014346876428 ) ) ;
#1297 = CARTESIAN_POINT ( 'NONE',  ( -5.997788905081355537, -39.40000000000005542, -0.1628749522882883827 ) ) ;
#1298 = DIRECTION ( 'NONE',  ( 0.7071067811865474617, 0.000000000000000000, -0.7071067811865474617 ) ) ;
#1299 = DIRECTION ( 'NONE',  ( -0.000000000000000000, 1.000000000000000000, -0.000000000000000000 ) ) ;
#1300 = DIRECTION ( 'NONE',  ( -0.7071067811865474617, 0.000000000000000000, 0.7071067811865474617 ) ) ;
#1301 = VERTEX_POINT ( 'NONE', #5966 ) ;
#1302 = CARTESIAN_POINT ( 'NONE',  ( -5.146920607196466158, -23.89999999999997371, 1.071694213951994712 ) ) ;
#1303 = CARTESIAN_POINT ( 'NONE',  ( -3.819613949003068498, -27.99999999999997513, 2.184158712314787198 ) ) ;
#1304 = CARTESIAN_POINT ( 'NONE',  ( -3.109937763673246813, -28.09999999999996589, 3.425226516351835393 ) ) ;
#1305 = CYLINDRICAL_SURFACE ( 'NONE', #1022, 1.700000000000000178 ) ;
#1306 = CARTESIAN_POINT ( 'NONE',  ( -4.970396450522636123, -21.79999999999600746, -0.5432854909089368523 ) ) ;
#1307 = DIRECTION ( 'NONE',  ( -5.551115123125786400E-17, 0.000000000000000000, -1.000000000000000000 ) ) ;
#1308 = FACE_OUTER_BOUND ( 'NONE', #5732, .T. ) ;
#1309 = ORIENTED_EDGE ( 'NONE', *, *, #858, .T. ) ;
#1310 = CARTESIAN_POINT ( 'NONE',  ( -2.052632178329834023, -24.19999999999997442, 4.559243483351559156 ) ) ;
#1311 = LINE ( 'NONE', #1166, #1260 ) ;
#1312 = VERTEX_POINT ( 'NONE', #370 ) ;
#1313 = CARTESIAN_POINT ( 'NONE',  ( -3.257583998163493533, -28.99999999999997513, -2.957726575413957892 ) ) ;
#1314 = CARTESIAN_POINT ( 'NONE',  ( -2.296560377740040071, -25.49999999999996447, -4.016179778550416302 ) ) ;
#1315 = CARTESIAN_POINT ( 'NONE',  ( 0.5026948701872618885, -23.89999999999997016, -4.599042014347152652 ) ) ;
#1316 = FACE_BOUND ( 'NONE', #5256, .T. ) ;
#1317 = EDGE_CURVE ( 'NONE', #4092, #2847, #2099, .T. ) ;
#1318 = EDGE_CURVE ( 'NONE', #5688, #3469, #6884, .T. ) ;
#1319 = ORIENTED_EDGE ( 'NONE', *, *, #997, .F. ) ;
#1320 = DIRECTION ( 'NONE',  ( -5.551115123125779621E-17, 0.000000000000000000, -1.000000000000000000 ) ) ;
#1321 = DIRECTION ( 'NONE',  ( -0.9996314841802272921, 0.000000000000000000, -0.02714582538137674458 ) ) ;
#1322 = ORIENTED_EDGE ( 'NONE', *, *, #1046, .F. ) ;
#1323 = CARTESIAN_POINT ( 'NONE',  ( 3.701799997913059581, -31.99999999999997513, 3.361052926606474589 ) ) ;
#1324 = ORIENTED_EDGE ( 'NONE', *, *, #4184, .T. ) ;
#1325 = DIRECTION ( 'NONE',  ( 0.000000000000000000, 0.000000000000000000, 1.000000000000000000 ) ) ;
#1326 = CARTESIAN_POINT ( 'NONE',  ( -8.110363845595184529, 107.0000000000000000, 9.775240745137610432 ) ) ;
#1327 = DIRECTION ( 'NONE',  ( 0.000000000000000000, 0.000000000000000000, 1.000000000000000000 ) ) ;
#1328 = CARTESIAN_POINT ( 'NONE',  ( -16.75000000000000711, 8.000000000000000000, -25.25000000000000000 ) ) ;
#1329 = DIRECTION ( 'NONE',  ( 0.000000000000000000, -1.000000000000000000, -2.719624996528570049E-16 ) ) ;
#1330 = ADVANCED_FACE ( 'NONE', ( #2605 ), #991, .F. ) ;
#1331 = EDGE_CURVE ( 'NONE', #5138, #3169, #1504, .T. ) ;
#1332 = DIRECTION ( 'NONE',  ( 0.9996314841802272921, 1.808712683899153303E-16, 0.02714582538137666826 ) ) ;
#1333 = DIRECTION ( 'NONE',  ( 1.883233150365978123E-16, -1.000000000000000000, -2.719624996528670136E-16 ) ) ;
#1334 = AXIS2_PLACEMENT_3D ( 'NONE', #5825, #809, #4718 ) ;
#1335 = VERTEX_POINT ( 'NONE', #7062 ) ;
#1336 = CARTESIAN_POINT ( 'NONE',  ( -2.609727701977318404, -23.49999999999996447, -4.563840657443635429 ) ) ;
#1337 = CARTESIAN_POINT ( 'NONE',  ( -0.5026948701872614444, -30.29999999999997229, 4.599042014346876428 ) ) ;
#1338 = CARTESIAN_POINT ( 'NONE',  ( 2.296560377740040515, -24.49999999999996447, 4.016179778550139190 ) ) ;
#1339 = CARTESIAN_POINT ( 'NONE',  ( 0.5712441706673431208, -31.29999999999997229, -5.226184107212654695 ) ) ;
#1340 = EDGE_CURVE ( 'NONE', #2347, #5176, #7216, .T. ) ;
#1341 = EDGE_CURVE ( 'NONE', #3469, #378, #4237, .T. ) ;
#1342 = DIRECTION ( 'NONE',  ( -1.000000000000000000, 0.000000000000000000, 0.000000000000000000 ) ) ;
#1343 = PRODUCT_DEFINITION_SHAPE ( 'NONE', 'NONE',  #559 ) ;
#1344 = COORDINATED_UNIVERSAL_TIME_OFFSET ( 8, 0, .AHEAD. ) ;
#1345 = PLANE ( 'NONE',  #4852 ) ;
#1346 = VERTEX_POINT ( 'NONE', #406 ) ;
#1347 = EDGE_CURVE ( 'NONE', #4577, #5944, #2131, .T. ) ;
#1348 = CARTESIAN_POINT ( 'NONE',  ( -5.146920607196466158, -21.89999999999996305, 1.071694213951994712 ) ) ;
#1349 = DIRECTION ( 'NONE',  ( 0.9996314841802272921, 1.808712683899153303E-16, 0.02714582538137666826 ) ) ;
#1350 = EDGE_LOOP ( 'NONE', ( #221, #4347, #6362, #5122 ) ) ;
#1351 = CARTESIAN_POINT ( 'NONE',  ( 3.819613949003068498, -22.99999999999997513, -2.184158712315064310 ) ) ;
#1352 = LINE ( 'NONE', #1391, #2674 ) ;
#1353 = ORIENTED_EDGE ( 'NONE', *, *, #6199, .F. ) ;
#1354 = LINE ( 'NONE', #4735, #3364 ) ;
#1355 = FACE_OUTER_BOUND ( 'NONE', #1562, .T. ) ;
#1356 = EDGE_LOOP ( 'NONE', ( #3635, #3821, #1353, #1672, #3118, #253, #2153, #1421 ) ) ;
#1357 = CARTESIAN_POINT ( 'NONE',  ( 1.019241765654988363, -31.79999999999997584, 4.895012382327868394 ) ) ;
#1358 = EDGE_LOOP ( 'NONE', ( #3251, #3433, #626, #2476 ) ) ;
#1359 = LINE ( 'NONE', #6332, #5607 ) ;
#1360 = AXIS2_PLACEMENT_3D ( 'NONE', #7087, #4309, #2083 ) ;
#1361 = DIRECTION ( 'NONE',  ( -1.883233150365925861E-16, 1.000000000000000000, 2.719624996528607520E-16 ) ) ;
#1362 = CARTESIAN_POINT ( 'NONE',  ( 7.228825484007122693E-15, -36.60000000000005826, -2.696718069704596873E-14 ) ) ;
#1363 = DIRECTION ( 'NONE',  ( -0.000000000000000000, -1.000000000000000000, -0.000000000000000000 ) ) ;
#1364 = AXIS2_PLACEMENT_3D ( 'NONE', #2880, #139, #3474 ) ;
#1365 = CARTESIAN_POINT ( 'NONE',  ( -4.218607618586945662, -28.29999999999997584, -1.899273372277499039 ) ) ;
#1366 = CARTESIAN_POINT ( 'NONE',  ( -2.414735078560331576E-16, 115.6000000000000369, 4.757305660518821966E-15 ) ) ;
#1367 = EDGE_CURVE ( 'NONE', #2413, #2639, #4354, .T. ) ;
#1368 = CARTESIAN_POINT ( 'NONE',  ( -12.52078873619541532, 107.0000000000000000, -2.136160751651512424 ) ) ;
#1369 = DIRECTION ( 'NONE',  ( 0.000000000000000000, 0.000000000000000000, -1.000000000000000000 ) ) ;
#1370 = ORIENTED_EDGE ( 'NONE', *, *, #5098, .T. ) ;
#1371 = CARTESIAN_POINT ( 'NONE',  ( -5.146920607196466158, -21.89999999999996305, 1.071694213951994712 ) ) ;
#1372 = CARTESIAN_POINT ( 'NONE',  ( -6.297678350335424113, -39.80000000000005400, -0.1710186999027016319 ) ) ;
#1373 = CIRCLE ( 'NONE', #4973, 0.5000000000000012212 ) ;
#1374 = ORIENTED_EDGE ( 'NONE', *, *, #423, .T. ) ;
#1375 = CARTESIAN_POINT ( 'NONE',  ( -0.8969327537763892577, -23.39999999999997726, -4.307610896448784921 ) ) ;
#1376 = DIRECTION ( 'NONE',  ( -0.000000000000000000, 1.000000000000000000, -0.000000000000000000 ) ) ;
#1377 = DIRECTION ( 'NONE',  ( 0.000000000000000000, 0.000000000000000000, 1.000000000000000000 ) ) ;
#1378 = TOROIDAL_SURFACE ( 'NONE', #6036, 4.450000000000000178, 0.1499999999999999944 ) ;
#1379 =( NAMED_UNIT ( * ) SI_UNIT ( $, .STERADIAN. ) SOLID_ANGLE_UNIT ( ) );
#1380 = EDGE_CURVE ( 'NONE', #3701, #1655, #1975, .T. ) ;
#1381 = EDGE_CURVE ( 'NONE', #1751, #492, #3828, .T. ) ;
#1382 = AXIS2_PLACEMENT_3D ( 'NONE', #1100, #620, #4972 ) ;
#1383 = DIRECTION ( 'NONE',  ( 1.084683744678891232E-30, 1.000000000000000000, 9.740822494929354281E-16 ) ) ;
#1384 = VERTEX_POINT ( 'NONE', #3840 ) ;
#1385 = VECTOR ( 'NONE', #1082, 1000.000000000000000 ) ;
#1386 = CARTESIAN_POINT ( 'NONE',  ( -2.609727701977318404, -34.09999999999997300, -4.563840657443636317 ) ) ;
#1387 = CARTESIAN_POINT ( 'NONE',  ( 7.228825484007122693E-15, -36.60000000000005826, -2.696718069704596873E-14 ) ) ;
#1388 = ORIENTED_EDGE ( 'NONE', *, *, #1653, .T. ) ;
#1389 = CARTESIAN_POINT ( 'NONE',  ( -0.5026948701872614444, -22.29999999999997229, 4.599042014346876428 ) ) ;
#1390 = CARTESIAN_POINT ( 'NONE',  ( 2.296560377740041403, -23.09999999999997300, 4.016179778550139190 ) ) ;
#1391 = CARTESIAN_POINT ( 'NONE',  ( 17.50000000000000000, 0.000000000000000000, 31.00000000000000000 ) ) ;
#1392 = CIRCLE ( 'NONE', #6158, 1.999999999999999112 ) ;
#1393 = EDGE_CURVE ( 'NONE', #3770, #3409, #6076, .T. ) ;
#1394 = CIRCLE ( 'NONE', #96, 4.299999999999999822 ) ;
#1395 = ORIENTED_EDGE ( 'NONE', *, *, #1643, .F. ) ;
#1396 = CARTESIAN_POINT ( 'NONE',  ( -5.997788905081355537, -37.80000000000005400, -0.1628749522882879386 ) ) ;
#1397 = CARTESIAN_POINT ( 'NONE',  ( 3.511711140156078071E-31, 43.61806232061201882, 9.745349977981016305E-16 ) ) ;
#1398 = ORIENTED_EDGE ( 'NONE', *, *, #558, .T. ) ;
#1399 = CARTESIAN_POINT ( 'NONE',  ( -1.019241765654987697, -28.79999999999997584, -4.895012382328145506 ) ) ;
#1400 = EDGE_LOOP ( 'NONE', ( #6178, #4621, #2335, #5618 ) ) ;
#1401 = CARTESIAN_POINT ( 'NONE',  ( 4.793872293848802535, -31.29999999999997229, 2.158265195769588196 ) ) ;
#1402 = CARTESIAN_POINT ( 'NONE',  ( 18.45000000000365148, 3.400000000000000355, -25.25000000004300915 ) ) ;
#1403 = CARTESIAN_POINT ( 'NONE',  ( 7.274040777774582584E-16, -2.077341958608789341, -1.757831232144805540E-14 ) ) ;
#1404 = AXIS2_PLACEMENT_3D ( 'NONE', #1435, #1984, #5720 ) ;
#1405 = CARTESIAN_POINT ( 'NONE',  ( 22.50000000000000000, 8.000000000000003553, -26.00000000000000355 ) ) ;
#1406 = CARTESIAN_POINT ( 'NONE',  ( 6.297678350335439212, -39.80000000000005400, 0.1710186999026451771 ) ) ;
#1407 = DIRECTION ( 'NONE',  ( -5.551115123125782702E-17, 2.719624996528607027E-16, -1.000000000000000000 ) ) ;
#1408 = DIRECTION ( 'NONE',  ( 0.000000000000000000, 0.000000000000000000, -1.000000000000000000 ) ) ;
#1409 = CARTESIAN_POINT ( 'NONE',  ( -6.297678350335424113, -38.20000000000005258, -0.1710186999027011878 ) ) ;
#1410 = VERTEX_POINT ( 'NONE', #2355 ) ;
#1411 = EDGE_CURVE ( 'NONE', #2347, #3592, #4974, .T. ) ;
#1412 = CARTESIAN_POINT ( 'NONE',  ( -3.819613949003068498, -23.99999999999997513, 2.184158712314787198 ) ) ;
#1413 = CARTESIAN_POINT ( 'NONE',  ( 3.109937763673247257, -23.09999999999996589, -3.425226516352112061 ) ) ;
#1414 = DIRECTION ( 'NONE',  ( 0.000000000000000000, 0.000000000000000000, -1.000000000000000000 ) ) ;
#1415 = DIRECTION ( 'NONE',  ( -1.883233150365925861E-16, 1.000000000000000000, 2.719624996528607520E-16 ) ) ;
#1416 = EDGE_CURVE ( 'NONE', #5802, #4819, #3945, .T. ) ;
#1417 = CARTESIAN_POINT ( 'NONE',  ( -0.5026948701872614444, -28.89999999999997371, 4.599042014346875540 ) ) ;
#1418 = VERTEX_POINT ( 'NONE', #3451 ) ;
#1419 = CARTESIAN_POINT ( 'NONE',  ( -5.146920607196466158, -25.89999999999997016, 1.071694213951994712 ) ) ;
#1420 = CARTESIAN_POINT ( 'NONE',  ( 7.831460092124234036E-15, -39.80000000000005400, -2.783746069593514254E-14 ) ) ;
#1421 = ORIENTED_EDGE ( 'NONE', *, *, #4037, .F. ) ;
#1422 = EDGE_CURVE ( 'NONE', #1248, #45, #4433, .T. ) ;
#1423 = DIRECTION ( 'NONE',  ( 1.084683744678891232E-30, 1.000000000000000000, 9.740822494929354281E-16 ) ) ;
#1424 = EDGE_LOOP ( 'NONE', ( #403, #6499 ) ) ;
#1425 = DIRECTION ( 'NONE',  ( 2.081668171172362031E-17, -1.000000000000000000, -1.110223024625137558E-16 ) ) ;
#1426 = CARTESIAN_POINT ( 'NONE',  ( -8.383987937862536668E-29, -33.99999999999997868, -7.463184174874649168E-14 ) ) ;
#1427 = CARTESIAN_POINT ( 'NONE',  ( -3.701799997913059581, -28.99999999999997513, -3.361052926606751701 ) ) ;
#1428 = ORIENTED_EDGE ( 'NONE', *, *, #4437, .T. ) ;
#1429 = CARTESIAN_POINT ( 'NONE',  ( -1.806316316930254073, -32.19999999999998153, 4.012134265349355466 ) ) ;
#1430 = DIRECTION ( 'NONE',  ( 0.9996314841802270701, 2.168404344971008621E-16, 0.02714582538137666479 ) ) ;
#1431 = CARTESIAN_POINT ( 'NONE',  ( -4.218607618586946550, -31.69999999999997087, -1.899273372277498817 ) ) ;
#1432 = LINE ( 'NONE', #4744, #5585 ) ;
#1433 = LINE ( 'NONE', #2008, #2180 ) ;
#1434 = CARTESIAN_POINT ( 'NONE',  ( -16.75000000000000711, 104.0000000000000142, 25.25000000000000000 ) ) ;
#1435 = CARTESIAN_POINT ( 'NONE',  ( -16.75000000000000711, 98.00000000000000000, 25.25000000000000000 ) ) ;
#1436 = CARTESIAN_POINT ( 'NONE',  ( 7.274040777774582584E-16, -2.077341958608789341, -1.757831232144805540E-14 ) ) ;
#1437 = ORIENTED_EDGE ( 'NONE', *, *, #3998, .T. ) ;
#1438 = CARTESIAN_POINT ( 'NONE',  ( -4.373948876459914814, -21.79999999999997584, -0.4780912319998806836 ) ) ;
#1439 = CARTESIAN_POINT ( 'NONE',  ( 0.5712441706673431208, -29.29999999999997229, -5.226184107212654695 ) ) ;
#1440 = LINE ( 'NONE', #847, #3699 ) ;
#1441 = CARTESIAN_POINT ( 'NONE',  ( -0.8969327537763891467, -28.79999999999997584, -4.307610896448784921 ) ) ;
#1442 = CARTESIAN_POINT ( 'NONE',  ( 3.701799997913059581, -21.99999999999997158, 3.361052926606474589 ) ) ;
#1443 = EDGE_CURVE ( 'NONE', #1274, #1086, #450, .T. ) ;
#1444 = AXIS2_PLACEMENT_3D ( 'NONE', #5418, #5859, #4207 ) ;
#1445 =( LENGTH_UNIT ( ) NAMED_UNIT ( * ) SI_UNIT ( .MILLI., .METRE. ) );
#1446 = B_SPLINE_CURVE_WITH_KNOTS ( 'NONE', 3,
 ( #6601, #5397, #2614, #6533, #2758, #1076 ),
 .UNSPECIFIED., .F., .F.,
 ( 4, 2, 4 ),
 ( 0.0005594053476536573963, 0.0009563861657611806479, 0.001353366983868703900 ),
 .UNSPECIFIED. ) ;
#1447 = CARTESIAN_POINT ( 'NONE',  ( -0.7846433738278921766, -35.65647451180665684, 1.840341835344037280 ) ) ;
#1448 = ORIENTED_EDGE ( 'NONE', *, *, #3434, .T. ) ;
#1449 = CARTESIAN_POINT ( 'NONE',  ( 1.019241765654988141, -22.39999999999997726, 4.895012382327868394 ) ) ;
#1450 = CARTESIAN_POINT ( 'NONE',  ( 16.74999999999999289, 3.400000000000000355, 25.25000000000000000 ) ) ;
#1451 = ORIENTED_EDGE ( 'NONE', *, *, #6011, .F. ) ;
#1452 = DIRECTION ( 'NONE',  ( 1.883233150365978123E-16, -1.000000000000000000, -2.719624996528670136E-16 ) ) ;
#1453 = ORIENTED_EDGE ( 'NONE', *, *, #2528, .F. ) ;
#1454 = CARTESIAN_POINT ( 'NONE',  ( 0.8500000000000071942, -41.90000000000007674, -3.575349633252698389 ) ) ;
#1455 = CARTESIAN_POINT ( 'NONE',  ( -4.672172663491275024, -33.79999999999997584, -0.5106883614544087679 ) ) ;
#1456 = CARTESIAN_POINT ( 'NONE',  ( 2.609727701977319736, -27.89999999999997371, 4.563840657443357429 ) ) ;
#1457 = VERTEX_POINT ( 'NONE', #77 ) ;
#1458 = CARTESIAN_POINT ( 'NONE',  ( -4.529290134332890183, -31.89999999999997726, 0.9430909082777386709 ) ) ;
#1459 = DIRECTION ( 'NONE',  ( 0.9996314841802272921, 1.808712683899153303E-16, 0.02714582538137666826 ) ) ;
#1460 = EDGE_CURVE ( 'NONE', #6905, #4051, #4876, .T. ) ;
#1461 = DIRECTION ( 'NONE',  ( -1.883233150365978123E-16, 1.000000000000000000, 2.719624996528670136E-16 ) ) ;
#1462 = FACE_OUTER_BOUND ( 'NONE', #756, .T. ) ;
#1463 = CARTESIAN_POINT ( 'NONE',  ( 1.811683446184729762, -33.50357363414752854, -4.286420631434419093 ) ) ;
#1464 = DIRECTION ( 'NONE',  ( -1.000000000000000000, 0.000000000000000000, 0.000000000000000000 ) ) ;
#1465 = VECTOR ( 'NONE', #2934, 1000.000000000000000 ) ;
#1466 = DIRECTION ( 'NONE',  ( -1.249000902703301108E-16, 8.673617379884035472E-16, -1.000000000000000000 ) ) ;
#1467 = ORIENTED_EDGE ( 'NONE', *, *, #1151, .T. ) ;
#1468 = CIRCLE ( 'NONE', #2405, 0.1499999999999996059 ) ;
#1469 = LINE ( 'NONE', #2498, #4272 ) ;
#1470 = CARTESIAN_POINT ( 'NONE',  ( 2.052632178329834467, -29.19999999999997442, -4.559243483351837156 ) ) ;
#1471 = CARTESIAN_POINT ( 'NONE',  ( 4.218607618586947439, -30.69999999999996376, 1.899273372277220817 ) ) ;
#1472 = CARTESIAN_POINT ( 'NONE',  ( 4.970396450522633458, -29.39999999999997726, 0.5432854909086584083 ) ) ;
#1473 = CARTESIAN_POINT ( 'NONE',  ( -1.215387913032369260, -26.73460894188500703, 1.590230356178288673 ) ) ;
#1474 = CARTESIAN_POINT ( 'NONE',  ( -4.373948876459917479, -33.19999999999997442, -0.4780912319998809612 ) ) ;
#1475 = CARTESIAN_POINT ( 'NONE',  ( 4.340470396594395375, -32.99999999999997158, -2.481998536721644832 ) ) ;
#1476 = TOROIDAL_SURFACE ( 'NONE', #6738, 6.299999999999999822, 0.5000000000000008882 ) ;
#1477 = DIRECTION ( 'NONE',  ( 0.000000000000000000, 0.000000000000000000, 1.000000000000000000 ) ) ;
#1478 = ORIENTED_EDGE ( 'NONE', *, *, #5329, .F. ) ;
#1479 = CARTESIAN_POINT ( 'NONE',  ( 1.019241765654988363, -28.99999999999997513, 4.895012382327868394 ) ) ;
#1480 = DIRECTION ( 'NONE',  ( 1.084683744678891232E-30, 1.000000000000000000, 9.740822494929354281E-16 ) ) ;
#1481 = AXIS2_PLACEMENT_3D ( 'NONE', #4689, #5170, #1414 ) ;
#1482 = CIRCLE ( 'NONE', #6504, 3.249999999999999556 ) ;
#1483 = CARTESIAN_POINT ( 'NONE',  ( 16.26345596729054677, 10.00000000000000000, -16.26345596729060006 ) ) ;
#1484 = CIRCLE ( 'NONE', #4786, 1.700000000000000178 ) ;
#1485 = AXIS2_PLACEMENT_3D ( 'NONE', #4151, #7034, #5905 ) ;
#1486 = TOROIDAL_SURFACE ( 'NONE', #7097, 6.299999999999999822, 0.5000000000000008882 ) ;
#1487 = ORIENTED_EDGE ( 'NONE', *, *, #7053, .F. ) ;
#1488 = CARTESIAN_POINT ( 'NONE',  ( 0.8969327537763894798, -32.39999999999997726, 4.307610896448506921 ) ) ;
#1489 = VECTOR ( 'NONE', #3081, 1000.000000000000114 ) ;
#1490 = ADVANCED_FACE ( 'NONE', ( #3415 ), #3339, .F. ) ;
#1491 = CARTESIAN_POINT ( 'NONE',  ( -0.9977214443660962218, -27.16957017995981971, -1.737858408545315703 ) ) ;
#1492 = ADVANCED_FACE ( 'NONE', ( #5644 ), #622, .F. ) ;
#1493 = ORIENTED_EDGE ( 'NONE', *, *, #3238, .T. ) ;
#1494 = CARTESIAN_POINT ( 'NONE',  ( 3.701799997913059581, -21.99999999999997158, 3.361052926606474589 ) ) ;
#1495 = ORIENTED_EDGE ( 'NONE', *, *, #5035, .T. ) ;
#1496 = CARTESIAN_POINT ( 'NONE',  ( 3.701799997913059581, -33.19999999999997442, 3.361052926606474589 ) ) ;
#1497 = CARTESIAN_POINT ( 'NONE',  ( 4.373948876459917479, -32.79999999999997584, 0.4780912319996028503 ) ) ;
#1498 = CIRCLE ( 'NONE', #6287, 3.249999999999999556 ) ;
#1499 = AXIS2_PLACEMENT_3D ( 'NONE', #6828, #1817, #530 ) ;
#1500 = CARTESIAN_POINT ( 'NONE',  ( 2.296560377740041403, -23.09999999999997300, 4.016179778550139190 ) ) ;
#1501 = ADVANCED_FACE ( 'NONE', ( #1690, #2276 ), #2860, .F. ) ;
#1502 = CARTESIAN_POINT ( 'NONE',  ( -22.50000000000000000, 0.000000000000000000, 26.00000000000000355 ) ) ;
#1503 = CARTESIAN_POINT ( 'NONE',  ( 7.605472114080318071E-15, -38.60000000000005826, -2.751110569635170512E-14 ) ) ;
#1504 = CIRCLE ( 'NONE', #2325, 0.5000000000000012212 ) ;
#1505 = DIRECTION ( 'NONE',  ( 1.084683744678891232E-30, 1.000000000000000000, 9.740822494929354281E-16 ) ) ;
#1506 = CARTESIAN_POINT ( 'NONE',  ( -0.8969327537763891467, -27.99999999999997158, -4.307610896448784921 ) ) ;
#1507 = CARTESIAN_POINT ( 'NONE',  ( 1.927917926350392941, -33.50029906765983156, -4.304523274869777261 ) ) ;
#1508 = CARTESIAN_POINT ( 'NONE',  ( 3.701799997913059581, -25.19999999999997797, 3.361052926606474589 ) ) ;
#1509 = FACE_OUTER_BOUND ( 'NONE', #132, .T. ) ;
#1510 = EDGE_CURVE ( 'NONE', #6981, #5138, #798, .T. ) ;
#1511 = CARTESIAN_POINT ( 'NONE',  ( -0.5712441706673425657, -23.69999999999997442, 5.226184107212376695 ) ) ;
#1512 = AXIS2_PLACEMENT_3D ( 'NONE', #3554, #5278, #6414 ) ;
#1513 = DIRECTION ( 'NONE',  ( -2.081668171172362031E-17, 1.000000000000000000, 1.110223024625137558E-16 ) ) ;
#1514 = CARTESIAN_POINT ( 'NONE',  ( 3.257583998163493533, -27.19999999999997442, 2.957726575413679893 ) ) ;
#1515 = VERTEX_POINT ( 'NONE', #3871 ) ;
#1516 = CARTESIAN_POINT ( 'NONE',  ( -0.7537167730863606474, -39.22122880060619821, -3.597078494646584357 ) ) ;
#1517 = CC_DESIGN_APPROVAL ( #5753, ( #6769 ) ) ;
#1518 = AXIS2_PLACEMENT_3D ( 'NONE', #4098, #3517, #5815 ) ;
#1519 = CARTESIAN_POINT ( 'NONE',  ( -1.019241765654987697, -27.39999999999997726, -4.895012382328145506 ) ) ;
#1520 = CARTESIAN_POINT ( 'NONE',  ( -0.8292593770357621352, -27.33870631807628726, 1.821059588945028285 ) ) ;
#1521 = CARTESIAN_POINT ( 'NONE',  ( -1.806316316930254073, -27.59999999999997300, 4.012134265349355466 ) ) ;
#1522 = EDGE_CURVE ( 'NONE', #2298, #2581, #6112, .T. ) ;
#1523 = DIRECTION ( 'NONE',  ( 1.084683744678891232E-30, 1.000000000000000000, 9.740822494929354281E-16 ) ) ;
#1524 = FACE_OUTER_BOUND ( 'NONE', #5516, .T. ) ;
#1525 = ORIENTED_EDGE ( 'NONE', *, *, #1584, .T. ) ;
#1526 = CARTESIAN_POINT ( 'NONE',  ( -3.701799997913059581, -28.19999999999997087, -3.361052926606751701 ) ) ;
#1527 = CARTESIAN_POINT ( 'NONE',  ( -16.75000000000000711, 100.5999999999999943, 25.25000000000000000 ) ) ;
#1528 = CARTESIAN_POINT ( 'NONE',  ( 8.217522887949261152E-15, -41.85000000000005116, -2.839498382022352361E-14 ) ) ;
#1529 = ORIENTED_EDGE ( 'NONE', *, *, #896, .T. ) ;
#1530 = LINE ( 'NONE', #353, #4067 ) ;
#1531 = PLANE ( 'NONE',  #6288 ) ;
#1532 = ORIENTED_EDGE ( 'NONE', *, *, #3990, .T. ) ;
#1533 = CARTESIAN_POINT ( 'NONE',  ( 5.146920607196465269, -24.29999999999997229, -1.071694213952271379 ) ) ;
#1534 = VERTEX_POINT ( 'NONE', #6817 ) ;
#1535 = CARTESIAN_POINT ( 'NONE',  ( 5.146920607196465269, -31.49999999999997158, -1.071694213952271379 ) ) ;
#1536 = DIRECTION ( 'NONE',  ( -5.551115123125761748E-17, 0.000000000000000000, -1.000000000000000000 ) ) ;
#1537 = CARTESIAN_POINT ( 'NONE',  ( -4.373948876459917479, -26.39999999999997371, -0.4780912319998809612 ) ) ;
#1538 = CARTESIAN_POINT ( 'NONE',  ( 16.26345596729054677, 10.00000000000000000, -16.26345596729060006 ) ) ;
#1539 = EDGE_CURVE ( 'NONE', #1582, #3975, #2828, .T. ) ;
#1540 = CARTESIAN_POINT ( 'NONE',  ( -22.50000000000000000, 10.00000000000000000, 26.00000000000000355 ) ) ;
#1541 = CYLINDRICAL_SURFACE ( 'NONE', #4858, 3.249999999999999556 ) ;
#1542 = CARTESIAN_POINT ( 'NONE',  ( 5.146920607196465269, -26.29999999999997229, -1.071694213952271379 ) ) ;
#1543 = CARTESIAN_POINT ( 'NONE',  ( 3.819613949003068054, -28.39999999999997016, -2.184158712315064310 ) ) ;
#1544 = CARTESIAN_POINT ( 'NONE',  ( 1.720062917675386549, -33.50665513738541534, -4.305994672971163340 ) ) ;
#1545 = CARTESIAN_POINT ( 'NONE',  ( -22.50000000000000000, 98.00000000000000000, 26.00000000000000355 ) ) ;
#1546 = CARTESIAN_POINT ( 'NONE',  ( 0.3320217350577802651, -25.19205104714200871, 1.973947635760284092 ) ) ;
#1547 = CARTESIAN_POINT ( 'NONE',  ( -0.8969327537763891467, -31.99999999999997513, -4.307610896448784921 ) ) ;
#1548 = VERTEX_POINT ( 'NONE', #6703 ) ;
#1549 = CARTESIAN_POINT ( 'NONE',  ( 0.8500000000000069722, -40.53544526329424258, -3.117276778139144167 ) ) ;
#1550 = CARTESIAN_POINT ( 'NONE',  ( -4.970396450522633458, -29.79999999999997584, -0.5432854909089366302 ) ) ;
#1551 = CARTESIAN_POINT ( 'NONE',  ( -1.087698864615173955, -25.76263176511228892, 1.680175404466412781 ) ) ;
#1552 = CARTESIAN_POINT ( 'NONE',  ( 4.529290134332889295, -28.29999999999997584, -0.9430909082780156716 ) ) ;
#1553 = DIRECTION ( 'NONE',  ( -0.000000000000000000, -1.000000000000000000, -0.000000000000000000 ) ) ;
#1554 = EDGE_CURVE ( 'NONE', #45, #4006, #1805, .T. ) ;
#1555 = EDGE_CURVE ( 'NONE', #6331, #920, #658, .T. ) ;
#1556 = CARTESIAN_POINT ( 'NONE',  ( -0.8265444368740212377, -39.29258338416377683, 1.821668796334162677 ) ) ;
#1557 = ORIENTED_EDGE ( 'NONE', *, *, #6911, .F. ) ;
#1558 = CARTESIAN_POINT ( 'NONE',  ( 3.534020185992327256, -27.69999999999997442, -3.892302859491017397 ) ) ;
#1559 = DIRECTION ( 'NONE',  ( 0.000000000000000000, 0.000000000000000000, 1.000000000000000000 ) ) ;
#1560 = CARTESIAN_POINT ( 'NONE',  ( -7.570475129353368244E-29, -26.49999999999998224, -6.732622487754946985E-14 ) ) ;
#1561 = VECTOR ( 'NONE', #1912, 1000.000000000000114 ) ;
#1562 = EDGE_LOOP ( 'NONE', ( #2985, #573, #6388, #7177 ) ) ;
#1563 = CARTESIAN_POINT ( 'NONE',  ( 3.819613949003068498, -30.99999999999997513, -2.184158712315064310 ) ) ;
#1564 = DIRECTION ( 'NONE',  ( -5.551115123125799958E-17, 0.000000000000000000, -1.000000000000000000 ) ) ;
#1565 = VERTEX_POINT ( 'NONE', #2901 ) ;
#1566 = CARTESIAN_POINT ( 'NONE',  ( -3.534020185992325924, -23.49999999999997158, 3.892302859490741618 ) ) ;
#1567 = EDGE_LOOP ( 'NONE', ( #5670, #4554, #4224, #4685 ) ) ;
#1568 = CONICAL_SURFACE ( 'NONE', #7175, 8.000000000000000000, 0.7853981633974482790 ) ;
#1569 = DIRECTION ( 'NONE',  ( -1.883233150365925861E-16, 1.000000000000000000, 2.719624996528607027E-16 ) ) ;
#1570 = AXIS2_PLACEMENT_3D ( 'NONE', #2238, #35, #4385 ) ;
#1571 = CARTESIAN_POINT ( 'NONE',  ( -3.819613949003068498, -22.59999999999997655, 2.184158712314787198 ) ) ;
#1572 = CARTESIAN_POINT ( 'NONE',  ( -4.314595520699779140E-15, 20.26087079120528145, -1.147109435903499829E-14 ) ) ;
#1573 = DIRECTION ( 'NONE',  ( 1.084683744678891232E-30, 1.000000000000000000, 9.740822494929354281E-16 ) ) ;
#1574 = CARTESIAN_POINT ( 'NONE',  ( 0.6500000000000071276, -39.20000000000005969, 1.891428031937745224 ) ) ;
#1575 = CARTESIAN_POINT ( 'NONE',  ( 2.609727701977319736, -25.89999999999997371, 4.563840657443357429 ) ) ;
#1576 = CARTESIAN_POINT ( 'NONE',  ( -1.806316316930254073, -27.59999999999997300, 4.012134265349355466 ) ) ;
#1577 = ORIENTED_EDGE ( 'NONE', *, *, #1284, .F. ) ;
#1578 = CARTESIAN_POINT ( 'NONE',  ( 17.50000000000000000, 0.000000000000000000, 31.00000000000000000 ) ) ;
#1579 = CARTESIAN_POINT ( 'NONE',  ( 0.08511271316663435171, -27.65000000000006253, 1.999999999999974021 ) ) ;
#1580 = CC_DESIGN_APPROVAL ( #3153, ( #559 ) ) ;
#1581 = CARTESIAN_POINT ( 'NONE',  ( -2.296560377740040071, -32.09999999999997300, -4.016179778550416302 ) ) ;
#1582 = VERTEX_POINT ( 'NONE', #5130 ) ;
#1583 = DIRECTION ( 'NONE',  ( -8.831770080096186471E-17, 0.7071067811865459074, -0.7071067811865491270 ) ) ;
#1584 = EDGE_CURVE ( 'NONE', #5034, #4661, #1281, .T. ) ;
#1585 = CARTESIAN_POINT ( 'NONE',  ( 4.340470396594395375, -24.99999999999997513, -2.481998536721644832 ) ) ;
#1586 = CARTESIAN_POINT ( 'NONE',  ( 2.609727701977319736, -25.09999999999996945, 4.563840657443357429 ) ) ;
#1587 = CARTESIAN_POINT ( 'NONE',  ( -17.50000000000000000, 8.000000000000000000, -31.00000000000000000 ) ) ;
#1588 = CARTESIAN_POINT ( 'NONE',  ( 1.806316316930254740, -26.59999999999997300, -4.012134265349632578 ) ) ;
#1589 = DIRECTION ( 'NONE',  ( 0.9996314841802271811, 1.808712683899153303E-16, 0.02714582538137666479 ) ) ;
#1590 = EDGE_CURVE ( 'NONE', #5903, #7242, #48, .T. ) ;
#1591 = VECTOR ( 'NONE', #4811, 1000.000000000000000 ) ;
#1592 = DIRECTION ( 'NONE',  ( 0.000000000000000000, 0.000000000000000000, -1.000000000000000000 ) ) ;
#1593 = ORIENTED_EDGE ( 'NONE', *, *, #1318, .F. ) ;
#1594 = CARTESIAN_POINT ( 'NONE',  ( 2.609727701977319736, -27.09999999999997655, 4.563840657443357429 ) ) ;
#1596 = DIRECTION ( 'NONE',  ( -0.000000000000000000, -1.000000000000000000, -0.000000000000000000 ) ) ;
#1595 = CARTESIAN_POINT ( 'NONE',  ( 0.5026948701872619996, -33.29999999999997584, -4.599042014347151763 ) ) ;
#1597 = EDGE_CURVE ( 'NONE', #531, #4769, #4763, .T. ) ;
#1598 = CARTESIAN_POINT ( 'NONE',  ( -16.75000000000000711, 104.0000000000000142, 23.55000000000000071 ) ) ;
#1599 = ORIENTED_EDGE ( 'NONE', *, *, #3899, .T. ) ;
#1600 = CARTESIAN_POINT ( 'NONE',  ( -0.6499999999999932498, -39.20000000000005969, -3.617060270440651593 ) ) ;
#1601 = CARTESIAN_POINT ( 'NONE',  ( -0.6384728509051637024, -27.48705951372589951, -1.901723362889775171 ) ) ;
#1602 = ORIENTED_EDGE ( 'NONE', *, *, #1189, .T. ) ;
#1603 = AXIS2_PLACEMENT_3D ( 'NONE', #6557, #3796, #1029 ) ;
#1604 = AXIS2_PLACEMENT_3D ( 'NONE', #6387, #1383, #3604 ) ;
#1605 = CARTESIAN_POINT ( 'NONE',  ( 4.793872293848802535, -24.09999999999997300, 2.158265195769588196 ) ) ;
#1606 = ORIENTED_EDGE ( 'NONE', *, *, #3108, .T. ) ;
#1607 = CARTESIAN_POINT ( 'NONE',  ( 3.109937763673247257, -25.09999999999996234, -3.425226516352112061 ) ) ;
#1608 = CARTESIAN_POINT ( 'NONE',  ( 0.8969327537763897018, -24.99999999999997158, 4.307610896448506921 ) ) ;
#1609 = DIRECTION ( 'NONE',  ( 0.9377796628086615405, 0.000000000000000000, -0.3472309087948148298 ) ) ;
#1610 = CIRCLE ( 'NONE', #893, 3.174999999999999378 ) ;
#1611 = B_SPLINE_CURVE_WITH_KNOTS ( 'NONE', 3,
 ( #6978, #5264, #177, #4774, #3039, #5811, #2555, #7013, #2452, #5846, #218, #1932, #4631, #2001, #3543, #1870, #4226, #2412 ),
 .UNSPECIFIED., .F., .F.,
 ( 4, 2, 2, 2, 2, 2, 2, 2, 4 ),
 ( 0.002852663228205182689, 0.003208839127660211184, 0.003565015027115239678, 0.003921190926570268173, 0.004277366826025296234, 0.004633542725480325163, 0.004989718624935354091, 0.005345894524390382152, 0.005702070423845411080 ),
 .UNSPECIFIED. ) ;
#1612 = VECTOR ( 'NONE', #6469, 1000.000000000000000 ) ;
#1613 = CARTESIAN_POINT ( 'NONE',  ( 17.50000000000000000, 8.000000000000000000, -31.00000000000000000 ) ) ;
#1614 = DIRECTION ( 'NONE',  ( 0.000000000000000000, 0.000000000000000000, -1.000000000000000000 ) ) ;
#1615 = CARTESIAN_POINT ( 'NONE',  ( 0.5026948701872618885, -30.69999999999997442, -4.599042014347152652 ) ) ;
#1616 = VERTEX_POINT ( 'NONE', #6890 ) ;
#1617 = CIRCLE ( 'NONE', #6986, 0.5000000000000012212 ) ;
#1618 = PLANE ( 'NONE',  #2680 ) ;
#1619 = DIRECTION ( 'NONE',  ( -0.000000000000000000, -1.000000000000000000, -0.000000000000000000 ) ) ;
#1620 = VECTOR ( 'NONE', #6197, 1000.000000000000000 ) ;
#1621 = CARTESIAN_POINT ( 'NONE',  ( -4.529290134332889295, -28.49999999999997868, 0.9430909082777385599 ) ) ;
#1622 = ORIENTED_EDGE ( 'NONE', *, *, #2786, .T. ) ;
#1623 = CARTESIAN_POINT ( 'NONE',  ( 16.75000000000363798, 3.400000000000000355, -28.50000000004300560 ) ) ;
#1624 = CARTESIAN_POINT ( 'NONE',  ( -2.609727701977318848, -23.49999999999996803, -4.563840657443635429 ) ) ;
#1625 = DIRECTION ( 'NONE',  ( 2.081668171172362031E-17, -1.000000000000000000, -1.110223024625137558E-16 ) ) ;
#1626 = AXIS2_PLACEMENT_3D ( 'NONE', #5197, #698, #5241 ) ;
#1627 = CARTESIAN_POINT ( 'NONE',  ( -0.8969327537763891467, -24.79999999999997229, -4.307610896448784921 ) ) ;
#1628 = CYLINDRICAL_SURFACE ( 'NONE', #4982, 6.299999999999998934 ) ;
#1629 = EDGE_CURVE ( 'NONE', #2701, #7050, #222, .T. ) ;
#1630 = CALENDAR_DATE ( 2023, 24, 12 ) ;
#1631 = ADVANCED_FACE ( 'NONE', ( #6954 ), #1944, .T. ) ;
#1632 = CARTESIAN_POINT ( 'NONE',  ( -0.5026948701872614444, -30.29999999999996518, 4.599042014346876428 ) ) ;
#1633 = ORIENTED_EDGE ( 'NONE', *, *, #5431, .F. ) ;
#1634 = CARTESIAN_POINT ( 'NONE',  ( -4.793872293848801647, -30.29999999999997229, -2.158265195769866640 ) ) ;
#1635 = CARTESIAN_POINT ( 'NONE',  ( -5.748206438292832543E-29, -9.699999999999993960, -5.096164308606816949E-14 ) ) ;
#1636 = CC_DESIGN_DATE_AND_TIME_ASSIGNMENT ( #240, #2471, ( #559 ) ) ;
#1637 = CARTESIAN_POINT ( 'NONE',  ( 16.74999999999999289, 104.0000000000000142, 25.25000000000000000 ) ) ;
#1638 = CARTESIAN_POINT ( 'NONE',  ( 3.109937763673246813, -31.69999999999996732, -3.425226516352113837 ) ) ;
#1639 = EDGE_LOOP ( 'NONE', ( #5684, #6193, #85, #143 ) ) ;
#1640 = CARTESIAN_POINT ( 'NONE',  ( 4.218607618586946550, -24.69999999999997442, 1.899273372277220817 ) ) ;
#1641 = FACE_OUTER_BOUND ( 'NONE', #1974, .T. ) ;
#1642 = ORIENTED_EDGE ( 'NONE', *, *, #4308, .T. ) ;
#1643 = EDGE_CURVE ( 'NONE', #4945, #5734, #2527, .T. ) ;
#1644 = CARTESIAN_POINT ( 'NONE',  ( 3.534020185992327256, -22.49999999999997513, -3.892302859491017397 ) ) ;
#1645 = ORIENTED_EDGE ( 'NONE', *, *, #133, .T. ) ;
#1646 = CARTESIAN_POINT ( 'NONE',  ( -4.373948876459917479, -27.79999999999997584, -0.4780912319998809612 ) ) ;
#1647 = CARTESIAN_POINT ( 'NONE',  ( 2.296560377740040515, -32.49999999999997158, 4.016179778550139190 ) ) ;
#1648 = DIRECTION ( 'NONE',  ( 0.000000000000000000, 0.000000000000000000, 1.000000000000000000 ) ) ;
#1649 = CIRCLE ( 'NONE', #6441, 4.299999999999999822 ) ;
#1650 = CARTESIAN_POINT ( 'NONE',  ( -3.401981175514455558, -21.92776167063869153, 2.841248897109704963 ) ) ;
#1651 = CARTESIAN_POINT ( 'NONE',  ( -4.298415381974977301, -40.30000000000006111, -0.1167270491399478444 ) ) ;
#1652 = CARTESIAN_POINT ( 'NONE',  ( -2.052632178329834023, -29.59999999999997300, 4.559243483351559156 ) ) ;
#1653 = EDGE_CURVE ( 'NONE', #6266, #5844, #262, .T. ) ;
#1654 = CARTESIAN_POINT ( 'NONE',  ( 0.8969327537763897018, -31.79999999999997584, 4.307610896448506921 ) ) ;
#1655 = VERTEX_POINT ( 'NONE', #2493 ) ;
#1656 = DIRECTION ( 'NONE',  ( -0.7071067811865475727, 0.000000000000000000, -0.7071067811865475727 ) ) ;
#1657 = DIRECTION ( 'NONE',  ( 0.000000000000000000, -1.000000000000000000, -0.000000000000000000 ) ) ;
#1658 = CARTESIAN_POINT ( 'NONE',  ( 0.5026948701872618885, -29.89999999999997371, -4.599042014347152652 ) ) ;
#1659 = CARTESIAN_POINT ( 'NONE',  ( -1.748601263784678941E-15, -9.699999999999979750, -14.00000000000004974 ) ) ;
#1660 = CARTESIAN_POINT ( 'NONE',  ( -3.701799997913060025, -23.59999999999997655, -3.361052926606751257 ) ) ;
#1661 = CARTESIAN_POINT ( 'NONE',  ( -1.019241765654987697, -23.99999999999997158, -4.895012382328145506 ) ) ;
#1662 = DIRECTION ( 'NONE',  ( -0.000000000000000000, 1.000000000000000000, -0.000000000000000000 ) ) ;
#1663 = CARTESIAN_POINT ( 'NONE',  ( 1.806316316930254740, -24.59999999999997300, -4.012134265349632578 ) ) ;
#1664 = DIRECTION ( 'NONE',  ( -0.000000000000000000, -1.000000000000000000, -0.000000000000000000 ) ) ;
#1665 = CARTESIAN_POINT ( 'NONE',  ( -4.373948876459917479, -29.79999999999997584, -0.4780912319998809612 ) ) ;
#1666 = ORIENTED_EDGE ( 'NONE', *, *, #6248, .F. ) ;
#1667 = CARTESIAN_POINT ( 'NONE',  ( -4.218607618586945662, -34.29999999999997584, -1.899273372277499039 ) ) ;
#1668 = LINE ( 'NONE', #5689, #1620 ) ;
#1669 = CARTESIAN_POINT ( 'NONE',  ( 17.50000000000000000, 104.0000000000000142, 31.00000000000000000 ) ) ;
#1670 = VERTEX_POINT ( 'NONE', #4171 ) ;
#1671 = CARTESIAN_POINT ( 'NONE',  ( -22.50000000000000000, 10.00000000000000000, 26.00000000000000355 ) ) ;
#1672 = ORIENTED_EDGE ( 'NONE', *, *, #6490, .T. ) ;
#1673 = CARTESIAN_POINT ( 'NONE',  ( 4.970396450522633458, -28.79999999999997939, 0.5432854909086584083 ) ) ;
#1674 = CARTESIAN_POINT ( 'NONE',  ( 0.7975214607199222483, -33.54092962510780751, -4.789277199475978186 ) ) ;
#1675 = ORIENTED_EDGE ( 'NONE', *, *, #6165, .F. ) ;
#1676 = CARTESIAN_POINT ( 'NONE',  ( 4.529290134332890183, -26.89999999999997016, -0.9430909082780154495 ) ) ;
#1677 = CARTESIAN_POINT ( 'NONE',  ( -3.109937763673246813, -30.09999999999997655, 3.425226516351835393 ) ) ;
#1678 = CARTESIAN_POINT ( 'NONE',  ( 5.849465754671657894E-15, -34.30000000000006821, -2.000000000000025313 ) ) ;
#1679 = DIRECTION ( 'NONE',  ( -0.000000000000000000, 1.000000000000000000, -0.000000000000000000 ) ) ;
#1680 = DIRECTION ( 'NONE',  ( 5.551115123125782702E-17, -2.719624996528607027E-16, 1.000000000000000000 ) ) ;
#1681 = CARTESIAN_POINT ( 'NONE',  ( -4.970396450522633458, -29.19999999999997797, -0.5432854909089367412 ) ) ;
#1682 = CARTESIAN_POINT ( 'NONE',  ( -3.819613949003068498, -31.39999999999997016, 2.184158712314787198 ) ) ;
#1683 = ORIENTED_EDGE ( 'NONE', *, *, #915, .F. ) ;
#1684 = DIRECTION ( 'NONE',  ( -0.6385255567472968297, -9.873481602195220643E-17, 0.7696006193997991796 ) ) ;
#1685 = LINE ( 'NONE', #3223, #3331 ) ;
#1686 = EDGE_CURVE ( 'NONE', #1548, #5401, #2426, .T. ) ;
#1687 = CARTESIAN_POINT ( 'NONE',  ( 0.8969327537763894798, -24.39999999999997726, 4.307610896448506921 ) ) ;
#1688 = DIRECTION ( 'NONE',  ( 0.000000000000000000, 0.000000000000000000, -1.000000000000000000 ) ) ;
#1689 = DIRECTION ( 'NONE',  ( -0.000000000000000000, 1.000000000000000000, -0.000000000000000000 ) ) ;
#1690 = FACE_OUTER_BOUND ( 'NONE', #821, .T. ) ;
#1691 = CARTESIAN_POINT ( 'NONE',  ( 5.146920607196465269, -30.29999999999997229, -1.071694213952271379 ) ) ;
#1692 = DIRECTION ( 'NONE',  ( -0.000000000000000000, -1.000000000000000000, -0.000000000000000000 ) ) ;
#1693 = CARTESIAN_POINT ( 'NONE',  ( -3.257583998163493089, -29.59999999999997655, -2.957726575413957892 ) ) ;
#1694 = EDGE_LOOP ( 'NONE', ( #4629, #3546, #570, #6164 ) ) ;
#1695 = CARTESIAN_POINT ( 'NONE',  ( 4.340470396594395375, -25.59999999999996945, -2.481998536721644832 ) ) ;
#1696 = CARTESIAN_POINT ( 'NONE',  ( -22.50000000000000000, 98.00000000000000000, 26.00000000000000355 ) ) ;
#1697 = AXIS2_PLACEMENT_3D ( 'NONE', #2999, #2309, #2965 ) ;
#1698 = CARTESIAN_POINT ( 'NONE',  ( -16.75000000000000711, 100.5999999999999943, 25.25000000000000000 ) ) ;
#1699 = CARTESIAN_POINT ( 'NONE',  ( 0.5026948701872618885, -31.89999999999997371, -4.599042014347152652 ) ) ;
#1700 = EDGE_LOOP ( 'NONE', ( #4666, #5120 ) ) ;
#1701 = CARTESIAN_POINT ( 'NONE',  ( 16.75000000000363798, 100.5999999999999943, -28.50000000004300915 ) ) ;
#1702 = EDGE_LOOP ( 'NONE', ( #5374, #3965, #3392, #6936 ) ) ;
#1703 = CARTESIAN_POINT ( 'NONE',  ( -2.609727701977318404, -31.49999999999997513, -4.563840657443635429 ) ) ;
#1704 = DIRECTION ( 'NONE',  ( 0.000000000000000000, 0.000000000000000000, -1.000000000000000000 ) ) ;
#1705 = ORIENTED_EDGE ( 'NONE', *, *, #56, .F. ) ;
#1706 = CARTESIAN_POINT ( 'NONE',  ( -2.296560377740040071, -29.49999999999997513, -4.016179778550416302 ) ) ;
#1707 = CARTESIAN_POINT ( 'NONE',  ( -4.373948876459917479, -29.79999999999997584, -0.4780912319998809612 ) ) ;
#1708 = CARTESIAN_POINT ( 'NONE',  ( -0.8499999999999925393, -40.80000000000006111, 3.059105261346791949 ) ) ;
#1709 = EDGE_CURVE ( 'NONE', #4517, #3566, #4191, .T. ) ;
#1710 = EDGE_CURVE ( 'NONE', #3544, #876, #5368, .T. ) ;
#1711 = CARTESIAN_POINT ( 'NONE',  ( -2.749929539948451129, -21.96177908689432101, 3.509517536385943881 ) ) ;
#1712 = AXIS2_PLACEMENT_3D ( 'NONE', #1776, #5650, #3456 ) ;
#1713 = FACE_OUTER_BOUND ( 'NONE', #4277, .T. ) ;
#1714 = ORIENTED_EDGE ( 'NONE', *, *, #2300, .F. ) ;
#1715 = CARTESIAN_POINT ( 'NONE',  ( -4.373948876459917479, -27.19999999999997442, -0.4780912319998809612 ) ) ;
#1716 = ORIENTED_EDGE ( 'NONE', *, *, #4124, .F. ) ;
#1717 = DIRECTION ( 'NONE',  ( 1.084683744678891232E-30, 1.000000000000000000, 9.740822494929354281E-16 ) ) ;
#1718 = EDGE_CURVE ( 'NONE', #2926, #4262, #4104, .T. ) ;
#1719 = AXIS2_PLACEMENT_3D ( 'NONE', #2301, #2267, #2817 ) ;
#1720 = LINE ( 'NONE', #6886, #6725 ) ;
#1721 = CARTESIAN_POINT ( 'NONE',  ( 3.257583998163493533, -26.59999999999997655, 2.957726575413680337 ) ) ;
#1722 = TOROIDAL_SURFACE ( 'NONE', #6406, 6.299999999999999822, 0.5000000000000008882 ) ;
#1723 = CYLINDRICAL_SURFACE ( 'NONE', #4743, 4.299999999999999822 ) ;
#1724 = CIRCLE ( 'NONE', #1845, 3.174999999999999378 ) ;
#1725 = AXIS2_PLACEMENT_3D ( 'NONE', #3542, #6838, #3069 ) ;
#1726 = CARTESIAN_POINT ( 'NONE',  ( -8.383987937862536668E-29, -33.99999999999997868, -7.463184174874649168E-14 ) ) ;
#1727 = EDGE_CURVE ( 'NONE', #3314, #6842, #840, .T. ) ;
#1728 = CARTESIAN_POINT ( 'NONE',  ( 1.019241765654988363, -22.99999999999997158, 4.895012382327868394 ) ) ;
#1729 = CARTESIAN_POINT ( 'NONE',  ( -0.8499999999999927613, -40.53458474108939669, -3.118115371149867698 ) ) ;
#1730 = CARTESIAN_POINT ( 'NONE',  ( 4.793872293848802535, -32.09999999999997300, 2.158265195769588196 ) ) ;
#1731 = VECTOR ( 'NONE', #6313, 1000.000000000000000 ) ;
#1732 = CARTESIAN_POINT ( 'NONE',  ( -16.26345596729044374, 0.000000000000000000, 16.26345596729075282 ) ) ;
#1733 = CIRCLE ( 'NONE', #5923, 8.000000000000000000 ) ;
#1734 = VECTOR ( 'NONE', #6145, 1000.000000000000000 ) ;
#1735 = CARTESIAN_POINT ( 'NONE',  ( -4.373948876459917479, -33.79999999999997584, -0.4780912319998809612 ) ) ;
#1736 = AXIS2_PLACEMENT_3D ( 'NONE', #4090, #2815, #6325 ) ;
#1737 = ORIENTED_EDGE ( 'NONE', *, *, #63, .F. ) ;
#1738 = ADVANCED_FACE ( 'NONE', ( #2389 ), #4428, .F. ) ;
#1739 = CARTESIAN_POINT ( 'NONE',  ( -4.793872293848801647, -24.29999999999997229, -2.158265195769866640 ) ) ;
#1740 = DIRECTION ( 'NONE',  ( -1.000000000000000000, 0.000000000000000000, 0.000000000000000000 ) ) ;
#1741 = CARTESIAN_POINT ( 'NONE',  ( -2.609727701977318404, -26.09999999999997655, -4.563840657443636317 ) ) ;
#1742 = DIRECTION ( 'NONE',  ( 1.084683744678891232E-30, 1.000000000000000000, 9.740822494929354281E-16 ) ) ;
#1743 = AXIS2_PLACEMENT_3D ( 'NONE', #3296, #6776, #1762 ) ;
#1744 = CARTESIAN_POINT ( 'NONE',  ( -0.5026948701872614444, -30.89999999999997371, 4.599042014346875540 ) ) ;
#1745 = EDGE_LOOP ( 'NONE', ( #4319, #5097, #2549, #5456 ) ) ;
#1746 = CARTESIAN_POINT ( 'NONE',  ( 7.184590085721058551E-15, -40.80000000000006111, -2.807736141039155475E-14 ) ) ;
#1747 = ORIENTED_EDGE ( 'NONE', *, *, #3337, .F. ) ;
#1748 = EDGE_CURVE ( 'NONE', #6609, #711, #6924, .T. ) ;
#1749 = CARTESIAN_POINT ( 'NONE',  ( -4.793872293848800759, -27.69999999999996376, -2.158265195769866640 ) ) ;
#1750 = CARTESIAN_POINT ( 'NONE',  ( 16.74999999999999289, 100.5999999999999943, 26.95000000000000284 ) ) ;
#1751 = VERTEX_POINT ( 'NONE', #4750 ) ;
#1752 = CARTESIAN_POINT ( 'NONE',  ( 0.5026948701872619996, -29.29999999999996518, -4.599042014347151763 ) ) ;
#1753 = CARTESIAN_POINT ( 'NONE',  ( -0.5026948701872614444, -28.29999999999996874, 4.599042014346876428 ) ) ;
#1754 = DIRECTION ( 'NONE',  ( 0.9996314841802272921, 1.808712683899153303E-16, 0.02714582538137666826 ) ) ;
#1755 = VERTEX_POINT ( 'NONE', #2939 ) ;
#1756 = CARTESIAN_POINT ( 'NONE',  ( -2.131841388615374644, -21.98851683561842307, 3.929354394174144893 ) ) ;
#1757 = DIRECTION ( 'NONE',  ( -0.000000000000000000, -1.000000000000000000, -0.000000000000000000 ) ) ;
#1758 = EDGE_LOOP ( 'NONE', ( #1451, #1115 ) ) ;
#1759 = CARTESIAN_POINT ( 'NONE',  ( 4.218607618586946550, -22.09999999999997300, 1.899273372277221039 ) ) ;
#1760 = ORIENTED_EDGE ( 'NONE', *, *, #1055, .F. ) ;
#1761 = ADVANCED_FACE ( 'NONE', ( #766 ), #6850, .F. ) ;
#1762 = DIRECTION ( 'NONE',  ( 0.000000000000000000, 0.000000000000000000, -1.000000000000000000 ) ) ;
#1763 = EDGE_CURVE ( 'NONE', #4838, #1457, #225, .T. ) ;
#1764 = DIRECTION ( 'NONE',  ( 2.081668171172362031E-17, -1.000000000000000000, -1.110223024625137558E-16 ) ) ;
#1765 = CARTESIAN_POINT ( 'NONE',  ( 3.109937763673247257, -23.09999999999996589, -3.425226516352112061 ) ) ;
#1766 = CYLINDRICAL_SURFACE ( 'NONE', #6744, 3.249999999999999556 ) ;
#1767 = CARTESIAN_POINT ( 'NONE',  ( -4.970396450522636123, -21.79999999999600746, -0.5432854909089368523 ) ) ;
#1768 = CARTESIAN_POINT ( 'NONE',  ( 3.109937763673246813, -33.69999999999997442, -3.425226516352113837 ) ) ;
#1769 = EDGE_CURVE ( 'NONE', #1199, #4754, #5163, .T. ) ;
#1770 = DIRECTION ( 'NONE',  ( 0.000000000000000000, -1.000000000000000000, -2.719624996528570049E-16 ) ) ;
#1771 = CARTESIAN_POINT ( 'NONE',  ( -4.529290134332889295, -21.29999999999997229, 0.9430909082777385599 ) ) ;
#1772 = CARTESIAN_POINT ( 'NONE',  ( 17.50000000000000000, 98.00000000000000000, 31.00000000000000000 ) ) ;
#1773 = ADVANCED_FACE ( 'NONE', ( #6305 ), #4069, .F. ) ;
#1774 = VERTEX_POINT ( 'NONE', #3588 ) ;
#1775 = CARTESIAN_POINT ( 'NONE',  ( 4.529290134332889295, -26.89999999999997726, -0.9430909082780154495 ) ) ;
#1776 = CARTESIAN_POINT ( 'NONE',  ( 8.217522887949261152E-15, -41.85000000000005116, -2.839498382022352361E-14 ) ) ;
#1777 = VERTEX_POINT ( 'NONE', #808 ) ;
#1778 = CARTESIAN_POINT ( 'NONE',  ( -4.340470396594395375, -26.59999999999997300, 2.481998536721367721 ) ) ;
#1779 = CARTESIAN_POINT ( 'NONE',  ( 16.75000000000363798, 104.0000000000000142, -25.25000000004300915 ) ) ;
#1780 = DIRECTION ( 'NONE',  ( -5.551115123125782702E-17, 2.719624996528607027E-16, -1.000000000000000000 ) ) ;
#1781 = ADVANCED_FACE ( 'NONE', ( #1509 ), #6551, .F. ) ;
#1782 = UNCERTAINTY_MEASURE_WITH_UNIT (LENGTH_MEASURE( 1.000000000000000082E-05 ), #1445, 'distance_accuracy_value', 'NONE');
#1783 = VERTEX_POINT ( 'NONE', #364 ) ;
#1784 = CARTESIAN_POINT ( 'NONE',  ( 16.75000000000363798, 100.5999999999999943, -25.25000000004300915 ) ) ;
#1785 = ORIENTED_EDGE ( 'NONE', *, *, #2251, .F. ) ;
#1786 = CARTESIAN_POINT ( 'NONE',  ( 0.5712441706673430097, -31.29999999999997584, -5.226184107212652918 ) ) ;
#1787 = CARTESIAN_POINT ( 'NONE',  ( -6.245004513516469795E-17, 107.0000000000000000, 3.802513859341206116E-15 ) ) ;
#1788 = ORIENTED_EDGE ( 'NONE', *, *, #1183, .F. ) ;
#1789 = CARTESIAN_POINT ( 'NONE',  ( 0.5026948701872618885, -30.69999999999997442, -4.599042014347152652 ) ) ;
#1790 = CARTESIAN_POINT ( 'NONE',  ( -4.218607618586946550, -31.69999999999997087, -1.899273372277498817 ) ) ;
#1791 = CARTESIAN_POINT ( 'NONE',  ( 7.391745732261314195E-15, -41.90000000000007674, -2.837652016000970598E-14 ) ) ;
#1792 = EDGE_LOOP ( 'NONE', ( #4058, #612, #54, #3138 ) ) ;
#1793 = CARTESIAN_POINT ( 'NONE',  ( -16.75000000000000000, 3.400000000000000355, 25.25000000000000000 ) ) ;
#1794 = FACE_BOUND ( 'NONE', #5906, .T. ) ;
#1795 = VERTEX_POINT ( 'NONE', #5892 ) ;
#1796 = CARTESIAN_POINT ( 'NONE',  ( 2.296560377740041403, -21.89999999999997016, 4.016179778550139190 ) ) ;
#1797 = VERTEX_POINT ( 'NONE', #2090 ) ;
#1798 = DIRECTION ( 'NONE',  ( -0.000000000000000000, 1.000000000000000000, -0.000000000000000000 ) ) ;
#1799 = CIRCLE ( 'NONE', #4238, 6.000000000000000888 ) ;
#1800 = CARTESIAN_POINT ( 'NONE',  ( -0.8500000000000039746, 20.26087079120528145, 3.575349633252657977 ) ) ;
#1801 = CARTESIAN_POINT ( 'NONE',  ( -0.8969327537763892577, -23.39999999999997726, -4.307610896448784921 ) ) ;
#1802 = AXIS2_PLACEMENT_3D ( 'NONE', #2272, #5013, #2 ) ;
#1803 = LINE ( 'NONE', #2936, #6273 ) ;
#1804 = CARTESIAN_POINT ( 'NONE',  ( -16.75000000000000711, 3.400000000000000355, -25.25000000000000000 ) ) ;
#1805 = LINE ( 'NONE', #1101, #1734 ) ;
#1806 = CARTESIAN_POINT ( 'NONE',  ( -2.052632178329834023, -28.19999999999997442, 4.559243483351559156 ) ) ;
#1807 = DIRECTION ( 'NONE',  ( 0.9996314841802272921, 1.808712683899153303E-16, 0.02714582538137666826 ) ) ;
#1808 = VERTEX_POINT ( 'NONE', #4271 ) ;
#1809 = CARTESIAN_POINT ( 'NONE',  ( 2.052632178329834467, -23.19999999999997797, -4.559243483351837156 ) ) ;
#1810 = ADVANCED_FACE ( 'NONE', ( #984 ), #873, .F. ) ;
#1811 = CARTESIAN_POINT ( 'NONE',  ( 4.373948876459917479, -24.79999999999997584, 0.4780912319996028503 ) ) ;
#1812 = CARTESIAN_POINT ( 'NONE',  ( 3.819613949003068498, -26.99999999999997513, -2.184158712315064310 ) ) ;
#1813 = ORIENTED_EDGE ( 'NONE', *, *, #6962, .T. ) ;
#1814 = FACE_OUTER_BOUND ( 'NONE', #3179, .T. ) ;
#1815 = EDGE_CURVE ( 'NONE', #1670, #30, #5959, .T. ) ;
#1816 = FACE_OUTER_BOUND ( 'NONE', #2732, .T. ) ;
#1817 = DIRECTION ( 'NONE',  ( -0.000000000000000000, 1.000000000000000000, -0.000000000000000000 ) ) ;
#1818 = ORIENTED_EDGE ( 'NONE', *, *, #4783, .T. ) ;
#1819 = CARTESIAN_POINT ( 'NONE',  ( -0.5712441706673427877, -30.29999999999996518, 5.226184107212377583 ) ) ;
#1820 = CARTESIAN_POINT ( 'NONE',  ( 5.997788905081367972, -37.00000000000005684, 0.1628749522882328993 ) ) ;
#1821 = ORIENTED_EDGE ( 'NONE', *, *, #2697, .F. ) ;
#1822 = EDGE_CURVE ( 'NONE', #3770, #2777, #6475, .T. ) ;
#1823 = CARTESIAN_POINT ( 'NONE',  ( 4.218607618586946550, -30.09999999999997655, 1.899273372277221039 ) ) ;
#1824 = CARTESIAN_POINT ( 'NONE',  ( -3.257583998163493089, -31.59999999999997655, -2.957726575413957892 ) ) ;
#1825 = CARTESIAN_POINT ( 'NONE',  ( 3.511711140156078071E-31, 43.61806232061201882, 9.745349977981016305E-16 ) ) ;
#1826 = AXIS2_PLACEMENT_3D ( 'NONE', #5272, #3679, #6949 ) ;
#1827 = ORIENTED_EDGE ( 'NONE', *, *, #5738, .T. ) ;
#1828 = CARTESIAN_POINT ( 'NONE',  ( 7.530142788065678365E-15, -38.20000000000005258, -2.740232069649055721E-14 ) ) ;
#1829 = FACE_BOUND ( 'NONE', #3938, .T. ) ;
#1830 = ORIENTED_EDGE ( 'NONE', *, *, #2213, .T. ) ;
#1831 = CARTESIAN_POINT ( 'NONE',  ( 4.373948876459917479, -24.19999999999997442, 0.4780912319996027948 ) ) ;
#1832 = ORIENTED_EDGE ( 'NONE', *, *, #5293, .F. ) ;
#1833 = EDGE_CURVE ( 'NONE', #2159, #1301, #4315, .T. ) ;
#1834 = CARTESIAN_POINT ( 'NONE',  ( -15.05000000000000782, 100.5999999999999943, 25.25000000000000000 ) ) ;
#1835 = CARTESIAN_POINT ( 'NONE',  ( -9.742207041086571424E-16, -33.99999999999997158, -7.800000000000061995 ) ) ;
#1836 = AXIS2_PLACEMENT_3D ( 'NONE', #147, #4059, #2963 ) ;
#1837 = CARTESIAN_POINT ( 'NONE',  ( -4.373948876459917479, -25.79999999999997584, -0.4780912319998809612 ) ) ;
#1838 = DIRECTION ( 'NONE',  ( 0.9996314841802270701, 0.000000000000000000, 0.02714582538137666479 ) ) ;
#1839 = DIRECTION ( 'NONE',  ( 1.000000000000000000, 0.000000000000000000, 0.000000000000000000 ) ) ;
#1840 = TOROIDAL_SURFACE ( 'NONE', #661, 6.299999999999999822, 0.5000000000000008882 ) ;
#1841 = CARTESIAN_POINT ( 'NONE',  ( -3.257583998163493533, -34.19999999999996732, -2.957726575413957892 ) ) ;
#1842 = DIRECTION ( 'NONE',  ( -0.000000000000000000, -1.000000000000000000, -0.000000000000000000 ) ) ;
#1843 = CARTESIAN_POINT ( 'NONE',  ( -16.26345596729044374, 10.00000000000000000, 14.61345596729075602 ) ) ;
#1844 = CIRCLE ( 'NONE', #1485, 13.19999999999999929 ) ;
#1845 = AXIS2_PLACEMENT_3D ( 'NONE', #2620, #7156, #2143 ) ;
#1846 = EDGE_LOOP ( 'NONE', ( #5693, #5978, #3576, #7170 ) ) ;
#1847 = CARTESIAN_POINT ( 'NONE',  ( -4.340470396594395375, -25.99999999999997513, 2.481998536721368165 ) ) ;
#1848 = CARTESIAN_POINT ( 'NONE',  ( 3.819613949003068498, -26.99999999999997513, -2.184158712315064310 ) ) ;
#1849 = CARTESIAN_POINT ( 'NONE',  ( 3.257583998163493533, -24.59999999999997655, 2.957726575413680337 ) ) ;
#1850 = CARTESIAN_POINT ( 'NONE',  ( 4.340470396594395375, -32.99999999999997158, -2.481998536721644832 ) ) ;
#1851 = CARTESIAN_POINT ( 'NONE',  ( -16.26345596729044374, 10.00000000000000000, 16.26345596729075282 ) ) ;
#1852 = AXIS2_PLACEMENT_3D ( 'NONE', #668, #129, #4582 ) ;
#1853 = AXIS2_PLACEMENT_3D ( 'NONE', #1540, #4961, #4924 ) ;
#1854 = DIRECTION ( 'NONE',  ( -1.883233150365925861E-16, 1.000000000000000000, 2.719624996528607520E-16 ) ) ;
#1855 = CIRCLE ( 'NONE', #5935, 6.000000000000000888 ) ;
#1856 = CARTESIAN_POINT ( 'NONE',  ( 8.217522887949261152E-15, -41.85000000000005116, -2.839498382022352361E-14 ) ) ;
#1857 = EDGE_LOOP ( 'NONE', ( #4472, #6804, #2517, #6308 ) ) ;
#1858 = CARTESIAN_POINT ( 'NONE',  ( 1.019241765654988141, -26.39999999999997726, 4.895012382327868394 ) ) ;
#1859 = DIRECTION ( 'NONE',  ( 0.9996314841802272921, 1.808712683899153303E-16, 0.02714582538137666826 ) ) ;
#1860 = ORIENTED_EDGE ( 'NONE', *, *, #3484, .F. ) ;
#1861 = CARTESIAN_POINT ( 'NONE',  ( 1.806316316930254517, -23.19999999999997797, -4.012134265349633466 ) ) ;
#1862 = VECTOR ( 'NONE', #4716, 1000.000000000000000 ) ;
#1863 = CARTESIAN_POINT ( 'NONE',  ( 7.002837505963205151E-15, -35.40000000000005542, -2.664082569746253131E-14 ) ) ;
#1864 = CARTESIAN_POINT ( 'NONE',  ( 16.74999999999999289, 3.400000000000000355, 28.49999999999999645 ) ) ;
#1866 = ADVANCED_FACE ( 'NONE', ( #2711 ), #1288, .F. ) ;
#1865 = VERTEX_POINT ( 'NONE', #2047 ) ;
#1867 = CARTESIAN_POINT ( 'NONE',  ( 4.298415381974991512, -40.30000000000006111, 0.1167270491398913479 ) ) ;
#1868 = ADVANCED_FACE ( 'NONE', ( #4785 ), #2679, .F. ) ;
#1869 = AXIS2_PLACEMENT_3D ( 'NONE', #832, #6885, #6365 ) ;
#1870 = CARTESIAN_POINT ( 'NONE',  ( 0.2383593244029431346, -34.32411007694695826, 1.988835604574336724 ) ) ;
#1871 = EDGE_LOOP ( 'NONE', ( #3711, #3628, #6840, #2797 ) ) ;
#1872 = CARTESIAN_POINT ( 'NONE',  ( 3.819613949003068054, -24.39999999999997371, -2.184158712315064310 ) ) ;
#1873 = ORIENTED_EDGE ( 'NONE', *, *, #1422, .F. ) ;
#1874 = DIRECTION ( 'NONE',  ( -1.883233150365925861E-16, 1.000000000000000000, 2.719624996528607520E-16 ) ) ;
#1875 = CARTESIAN_POINT ( 'NONE',  ( -0.8499999999999930944, -39.40000000000006253, -3.575349633252697501 ) ) ;
#1876 = EDGE_CURVE ( 'NONE', #6536, #5860, #4896, .T. ) ;
#1877 = CARTESIAN_POINT ( 'NONE',  ( -1.806316316930254073, -22.19999999999997797, 4.012134265349355466 ) ) ;
#1878 = DIRECTION ( 'NONE',  ( -0.000000000000000000, 1.000000000000000000, 0.000000000000000000 ) ) ;
#1879 = CARTESIAN_POINT ( 'NONE',  ( -12.52078873619541532, 107.0000000000000000, -2.136160751651512424 ) ) ;
#1880 = DIRECTION ( 'NONE',  ( -1.883233150365978123E-16, 1.000000000000000000, 2.719624996528670136E-16 ) ) ;
#1881 = EDGE_LOOP ( 'NONE', ( #5280, #5705, #4445, #5963 ) ) ;
#1882 = CARTESIAN_POINT ( 'NONE',  ( 1.019241765654988141, -22.39999999999997726, 4.895012382327868394 ) ) ;
#1883 = CARTESIAN_POINT ( 'NONE',  ( -3.257583998163493089, -29.59999999999997655, -2.957726575413957892 ) ) ;
#1884 = CARTESIAN_POINT ( 'NONE',  ( -4.218607618586946550, -27.69999999999996376, -1.899273372277498817 ) ) ;
#1885 = CARTESIAN_POINT ( 'NONE',  ( -2.052632178329834023, -32.19999999999998153, 4.559243483351559156 ) ) ;
#1886 = LINE ( 'NONE', #2502, #1152 ) ;
#1887 = CARTESIAN_POINT ( 'NONE',  ( -4.410424890600207704, 107.0000000000000000, -11.91140149678913396 ) ) ;
#1888 = PLANE ( 'NONE',  #4992 ) ;
#1889 = ORIENTED_EDGE ( 'NONE', *, *, #2787, .F. ) ;
#1890 = CARTESIAN_POINT ( 'NONE',  ( -4.340470396594395375, -25.99999999999997513, 2.481998536721368165 ) ) ;
#1891 = FACE_OUTER_BOUND ( 'NONE', #2953, .T. ) ;
#1892 = ORIENTED_EDGE ( 'NONE', *, *, #3330, .T. ) ;
#1893 = CARTESIAN_POINT ( 'NONE',  ( 3.109937763673246813, -30.49999999999997158, -3.425226516352113837 ) ) ;
#1894 = CARTESIAN_POINT ( 'NONE',  ( -0.8969327537763892577, -23.39999999999997726, -4.307610896448784921 ) ) ;
#1895 = LINE ( 'NONE', #4699, #2447 ) ;
#1896 = ORIENTED_EDGE ( 'NONE', *, *, #3101, .F. ) ;
#1897 = CARTESIAN_POINT ( 'NONE',  ( -4.373948876459914814, -21.79999999999997584, -0.4780912319998806836 ) ) ;
#1898 = EDGE_CURVE ( 'NONE', #1548, #4677, #7109, .T. ) ;
#1899 = LINE ( 'NONE', #827, #1268 ) ;
#1900 = VERTEX_POINT ( 'NONE', #4850 ) ;
#1901 = CARTESIAN_POINT ( 'NONE',  ( 5.146920607196465269, -30.29999999999997229, -1.071694213952271379 ) ) ;
#1902 = ORIENTED_EDGE ( 'NONE', *, *, #3848, .T. ) ;
#1903 = DIRECTION ( 'NONE',  ( 0.9996314841802272921, 0.000000000000000000, 0.02714582538137663703 ) ) ;
#1904 = DIRECTION ( 'NONE',  ( -1.883233150365978123E-16, 1.000000000000000000, 2.719624996528670136E-16 ) ) ;
#1905 = FACE_OUTER_BOUND ( 'NONE', #6785, .T. ) ;
#1906 = CARTESIAN_POINT ( 'NONE',  ( 16.74999999999999289, 3.400000000000000355, 25.25000000000000000 ) ) ;
#1907 = CARTESIAN_POINT ( 'NONE',  ( -0.5026948701872614444, -26.89999999999997371, 4.599042014346875540 ) ) ;
#1908 = CARTESIAN_POINT ( 'NONE',  ( 16.74999999999999289, 98.00000000000000000, 23.55000000000000071 ) ) ;
#1909 = CARTESIAN_POINT ( 'NONE',  ( -8.110363845595184529, 107.0000000000000000, 9.775240745137610432 ) ) ;
#1910 = ADVANCED_FACE ( 'NONE', ( #2123 ), #7099, .F. ) ;
#1911 = EDGE_CURVE ( 'NONE', #604, #3566, #2566, .T. ) ;
#1912 = DIRECTION ( 'NONE',  ( 0.7071067811865474617, 0.000000000000000000, 0.7071067811865474617 ) ) ;
#1913 = AXIS2_PLACEMENT_3D ( 'NONE', #295, #2529, #4751 ) ;
#1914 = ORIENTED_EDGE ( 'NONE', *, *, #3204, .T. ) ;
#1915 = CARTESIAN_POINT ( 'NONE',  ( -4.340470396594395375, -23.99999999999997513, 2.481998536721368165 ) ) ;
#1916 = CARTESIAN_POINT ( 'NONE',  ( -4.529290134332889295, -21.89999999999996660, 0.9430909082777386709 ) ) ;
#1917 = CARTESIAN_POINT ( 'NONE',  ( -4.218607618586946550, -23.69999999999997087, -1.899273372277498817 ) ) ;
#1918 = DIRECTION ( 'NONE',  ( 0.000000000000000000, -1.000000000000000000, -0.000000000000000000 ) ) ;
#1919 = AXIS2_PLACEMENT_3D ( 'NONE', #418, #2139, #6012 ) ;
#1920 = CYLINDRICAL_SURFACE ( 'NONE', #5001, 3.249999999999996003 ) ;
#1921 = CARTESIAN_POINT ( 'NONE',  ( 2.609727701977319736, -21.89999999999997016, 4.563840657443357429 ) ) ;
#1922 = CARTESIAN_POINT ( 'NONE',  ( -0.8499999999999928724, -40.80000000000007532, -3.059105261346643623 ) ) ;
#1923 = DIRECTION ( 'NONE',  ( -1.883233150365978123E-16, 1.000000000000000000, 2.719624996528670136E-16 ) ) ;
#1924 = ORIENTED_EDGE ( 'NONE', *, *, #6906, .T. ) ;
#1925 = CARTESIAN_POINT ( 'NONE',  ( -1.019241765654987697, -25.39999999999997371, -4.895012382328145506 ) ) ;
#1926 = DIRECTION ( 'NONE',  ( -0.000000000000000000, -1.000000000000000000, -0.000000000000000000 ) ) ;
#1927 = ORIENTED_EDGE ( 'NONE', *, *, #2287, .T. ) ;
#1928 = DIRECTION ( 'NONE',  ( 0.000000000000000000, 0.000000000000000000, 1.000000000000000000 ) ) ;
#1929 = CARTESIAN_POINT ( 'NONE',  ( 12.52078873619544908, 104.0000000000000284, 2.136160751651459133 ) ) ;
#1930 = ORIENTED_EDGE ( 'NONE', *, *, #3738, .T. ) ;
#1931 = CYLINDRICAL_SURFACE ( 'NONE', #5115, 3.249999999999999556 ) ;
#1932 = CARTESIAN_POINT ( 'NONE',  ( 0.7853506097239590922, -34.74497185778899677, 1.840027466714208915 ) ) ;
#1933 = CARTESIAN_POINT ( 'NONE',  ( -3.534020185992325924, -29.49999999999997868, 3.892302859490741618 ) ) ;
#1934 = ORIENTED_EDGE ( 'NONE', *, *, #5296, .T. ) ;
#1935 = FACE_OUTER_BOUND ( 'NONE', #3061, .T. ) ;
#1936 = EDGE_CURVE ( 'NONE', #2544, #2070, #7172, .T. ) ;
#1937 = AXIS2_PLACEMENT_3D ( 'NONE', #1538, #6023, #1648 ) ;
#1938 = CARTESIAN_POINT ( 'NONE',  ( -4.373948876459603063, -33.80000000000278959, -0.4780912320027621565 ) ) ;
#1939 = EDGE_CURVE ( 'NONE', #1274, #4769, #6420, .T. ) ;
#1940 = CARTESIAN_POINT ( 'NONE',  ( 7.274040777774582584E-16, -2.077341958608789341, -1.757831232144805540E-14 ) ) ;
#1941 = CARTESIAN_POINT ( 'NONE',  ( 16.75000000000363798, 98.00000000000000000, -25.25000000004300915 ) ) ;
#1942 = EDGE_CURVE ( 'NONE', #7039, #2890, #3264, .T. ) ;
#1943 = FACE_OUTER_BOUND ( 'NONE', #3742, .T. ) ;
#1944 = CYLINDRICAL_SURFACE ( 'NONE', #2558, 12.00000000000000000 ) ;
#1945 = CARTESIAN_POINT ( 'NONE',  ( -7.483700429779058514E-29, -25.69999999999998508, -6.654695907795513634E-14 ) ) ;
#1946 = ORIENTED_EDGE ( 'NONE', *, *, #2654, .F. ) ;
#1947 = CARTESIAN_POINT ( 'NONE',  ( 0.5026948701872619996, -23.29999999999997229, -4.599042014347153540 ) ) ;
#1948 = EDGE_CURVE ( 'NONE', #6708, #797, #2010, .T. ) ;
#1949 = AXIS2_PLACEMENT_3D ( 'NONE', #1863, #959, #6005 ) ;
#1950 = CARTESIAN_POINT ( 'NONE',  ( 4.529290134332890183, -24.89999999999997371, -0.9430909082780154495 ) ) ;
#1951 = CARTESIAN_POINT ( 'NONE',  ( -1.019241765654987697, -33.39999999999997726, -4.895012382328145506 ) ) ;
#1952 = CARTESIAN_POINT ( 'NONE',  ( -2.296560377740040071, -31.49999999999997513, -4.016179778550416302 ) ) ;
#1953 = DIRECTION ( 'NONE',  ( -0.000000000000000000, 1.000000000000000000, -0.000000000000000000 ) ) ;
#1954 = VECTOR ( 'NONE', #6897, 1000.000000000000000 ) ;
#1955 = CARTESIAN_POINT ( 'NONE',  ( -0.5026948701872614444, -24.89999999999997371, 4.599042014346875540 ) ) ;
#1956 = AXIS2_PLACEMENT_3D ( 'NONE', #4236, #5237, #5922 ) ;
#1957 =( NAMED_UNIT ( * ) PLANE_ANGLE_UNIT ( ) SI_UNIT ( $, .RADIAN. ) );
#1958 = AXIS2_PLACEMENT_3D ( 'NONE', #1726, #2749, #4468 ) ;
#1959 = CYLINDRICAL_SURFACE ( 'NONE', #6860, 6.000000000000000888 ) ;
#1960 = ORIENTED_EDGE ( 'NONE', *, *, #1815, .F. ) ;
#1961 = CIRCLE ( 'NONE', #2545, 7.799999999999987388 ) ;
#1962 = VECTOR ( 'NONE', #2033, 1000.000000000000000 ) ;
#1963 = CARTESIAN_POINT ( 'NONE',  ( 0.5712441706673430097, -33.89999999999997726, -5.226184107212654695 ) ) ;
#1964 = LINE ( 'NONE', #307, #89 ) ;
#1965 = VERTEX_POINT ( 'NONE', #3684 ) ;
#1966 = CARTESIAN_POINT ( 'NONE',  ( -16.75000000000000711, 104.0000000000000142, -22.00000000000000355 ) ) ;
#1967 = AXIS2_PLACEMENT_3D ( 'NONE', #6643, #4874, #7114 ) ;
#1968 = ORIENTED_EDGE ( 'NONE', *, *, #5738, .F. ) ;
#1969 = CARTESIAN_POINT ( 'NONE',  ( 1.534308524016849849E-17, -24.69999999999999218, 6.299999999999933209 ) ) ;
#1970 = EDGE_CURVE ( 'NONE', #3027, #1197, #6306, .T. ) ;
#1971 = DIRECTION ( 'NONE',  ( -1.883233150365978123E-16, 1.000000000000000000, 2.719624996528670136E-16 ) ) ;
#1972 = ORIENTED_EDGE ( 'NONE', *, *, #191, .F. ) ;
#1973 = CARTESIAN_POINT ( 'NONE',  ( -4.970396450522633458, -31.19999999999997797, -0.5432854909089367412 ) ) ;
#1974 = EDGE_LOOP ( 'NONE', ( #5799, #4161, #2850, #6150 ) ) ;
#1975 = CIRCLE ( 'NONE', #5595, 7.230910042229491630 ) ;
#1976 = CARTESIAN_POINT ( 'NONE',  ( 3.109937763673247257, -33.09999999999995879, -3.425226516352112061 ) ) ;
#1977 = CARTESIAN_POINT ( 'NONE',  ( -0.7538915879700280875, -39.22135396072962266, 3.597040982533301623 ) ) ;
#1978 = LOCAL_TIME ( 18, 51, 8.000000000000000000, #454 ) ;
#1979 = LINE ( 'NONE', #835, #6511 ) ;
#1980 = CARTESIAN_POINT ( 'NONE',  ( -6.781000381201738314, 115.6000000000000369, 2.510795465376904456 ) ) ;
#1981 = EDGE_CURVE ( 'NONE', #7254, #4945, #5044, .T. ) ;
#1982 = ADVANCED_FACE ( 'NONE', ( #1095 ), #5565, .T. ) ;
#1983 = CARTESIAN_POINT ( 'NONE',  ( 1.819430624935244101, -33.50468527865319857, -4.392037745727426667 ) ) ;
#1984 = DIRECTION ( 'NONE',  ( 0.000000000000000000, -1.000000000000000000, -0.000000000000000000 ) ) ;
#1985 = DIRECTION ( 'NONE',  ( -0.9996314841802272921, 0.000000000000000000, -0.02714582538137674458 ) ) ;
#1986 = ORIENTED_EDGE ( 'NONE', *, *, #5761, .T. ) ;
#1987 = CARTESIAN_POINT ( 'NONE',  ( -4.529290134332889295, -23.89999999999997371, 0.9430909082777386709 ) ) ;
#1988 = CARTESIAN_POINT ( 'NONE',  ( -4.373948876459917479, -29.79999999999997584, -0.4780912319998809612 ) ) ;
#1989 = EDGE_CURVE ( 'NONE', #742, #7122, #6103, .T. ) ;
#1990 = CARTESIAN_POINT ( 'NONE',  ( -4.340470396594395375, -31.99999999999997158, 2.481998536721368165 ) ) ;
#1991 = DIRECTION ( 'NONE',  ( -0.6385255567472968297, -9.873481602195220643E-17, 0.7696006193997991796 ) ) ;
#1992 = CARTESIAN_POINT ( 'NONE',  ( -0.7187424069335022203, -34.64608928961367695, 1.868383589681095192 ) ) ;
#1993 = EDGE_LOOP ( 'NONE', ( #2853, #5850, #4900, #4108 ) ) ;
#1994 = CARTESIAN_POINT ( 'NONE',  ( 0.5712441706673430097, -25.29999999999997229, -5.226184107212652918 ) ) ;
#1995 = CARTESIAN_POINT ( 'NONE',  ( 16.75000000000363798, 98.00000000000000000, -23.55000000004300986 ) ) ;
#1996 = VERTEX_POINT ( 'NONE', #1178 ) ;
#1997 = EDGE_CURVE ( 'NONE', #1755, #1996, #6528, .T. ) ;
#1998 = CARTESIAN_POINT ( 'NONE',  ( -16.75000000000000711, 3.400000000000000355, -26.95000000000001705 ) ) ;
#1999 = ORIENTED_EDGE ( 'NONE', *, *, #1555, .F. ) ;
#2000 = CARTESIAN_POINT ( 'NONE',  ( 0.5026948701872619996, -33.29999999999997584, -4.599042014347153540 ) ) ;
#2001 = CARTESIAN_POINT ( 'NONE',  ( 0.5540933463805156611, -34.48118885514146825, 1.923693844414159138 ) ) ;
#2002 = ORIENTED_EDGE ( 'NONE', *, *, #2213, .F. ) ;
#2003 = CARTESIAN_POINT ( 'NONE',  ( -2.052632178329834023, -31.59999999999996589, 4.559243483351559156 ) ) ;
#2004 = EDGE_LOOP ( 'NONE', ( #1028, #1602 ) ) ;
#2005 = DIRECTION ( 'NONE',  ( 0.7071067811865474617, 0.000000000000000000, -0.7071067811865474617 ) ) ;
#2006 = CARTESIAN_POINT ( 'NONE',  ( 4.373948876459917479, -32.79999999999997584, 0.4780912319996028503 ) ) ;
#2007 = DIRECTION ( 'NONE',  ( -1.883233150365978123E-16, 1.000000000000000000, 2.719624996528670136E-16 ) ) ;
#2008 = CARTESIAN_POINT ( 'NONE',  ( 17.50000000000000000, 98.00000000000000000, 31.00000000000000000 ) ) ;
#2009 = CARTESIAN_POINT ( 'NONE',  ( 1.659488139318959998, -33.51066241972401372, -4.484017792862105445 ) ) ;
#2010 = LINE ( 'NONE', #4241, #2214 ) ;
#2011 = DIRECTION ( 'NONE',  ( -1.883233150365925861E-16, 1.000000000000000000, 2.719624996528607520E-16 ) ) ;
#2012 = B_SPLINE_CURVE_WITH_KNOTS ( 'NONE', 3,
 ( #505, #7128, #4960, #3322, #4845, #2705 ),
 .UNSPECIFIED., .F., .F.,
 ( 4, 2, 4 ),
 ( 0.002610856959446611076, 0.003007359387207170220, 0.003403861814967728931 ),
 .UNSPECIFIED. ) ;
#2013 = ORIENTED_EDGE ( 'NONE', *, *, #5101, .F. ) ;
#2014 = DIRECTION ( 'NONE',  ( 1.084683744678891232E-30, 1.000000000000000000, 9.740822494929354281E-16 ) ) ;
#2015 = CARTESIAN_POINT ( 'NONE',  ( -2.609727701977318848, -27.49999999999997158, -4.563840657443635429 ) ) ;
#2016 = CARTESIAN_POINT ( 'NONE',  ( 4.373948876459917479, -30.79999999999997584, 0.4780912319996028503 ) ) ;
#2017 = CARTESIAN_POINT ( 'NONE',  ( -0.1705571711406090041, -27.64112054284507280, 1.994418295060029322 ) ) ;
#2019 = CARTESIAN_POINT ( 'NONE',  ( -3.819613949003068498, -31.39999999999997016, 2.184158712314787198 ) ) ;
#2018 = AXIS2_PLACEMENT_3D ( 'NONE', #4295, #6534, #527 ) ;
#2020 = CARTESIAN_POINT ( 'NONE',  ( -1.019241765654987697, -33.39999999999997726, -4.895012382328145506 ) ) ;
#2021 = CIRCLE ( 'NONE', #4709, 1.999999999999997780 ) ;
#2022 = DATE_AND_TIME ( #5539, #1287 ) ;
#2023 = ADVANCED_FACE ( 'NONE', ( #3833 ), #1213, .T. ) ;
#2024 = CARTESIAN_POINT ( 'NONE',  ( -0.5551268763544408014, -34.48219649363201000, 1.923351771482050276 ) ) ;
#2025 = VERTEX_POINT ( 'NONE', #5606 ) ;
#2026 = B_SPLINE_CURVE_WITH_KNOTS ( 'NONE', 3,
 ( #2793, #592, #2830, #231 ),
 .UNSPECIFIED., .F., .F.,
 ( 4, 4 ),
 ( 0.01533190960126745370, 0.01547459440940042799 ),
 .UNSPECIFIED. ) ;
#2027 = CARTESIAN_POINT ( 'NONE',  ( -3.534020185992325924, -28.69999999999997442, 3.892302859490741618 ) ) ;
#2028 = DIRECTION ( 'NONE',  ( -0.000000000000000000, 1.000000000000000000, -0.000000000000000000 ) ) ;
#2029 = ORIENTED_EDGE ( 'NONE', *, *, #325, .T. ) ;
#2030 = EDGE_CURVE ( 'NONE', #3807, #1548, #2916, .T. ) ;
#2031 = LINE ( 'NONE', #277, #4543 ) ;
#2032 = ORIENTED_EDGE ( 'NONE', *, *, #545, .F. ) ;
#2033 = DIRECTION ( 'NONE',  ( -0.9857564655421142685, -1.848553963265644675E-18, -0.1681790434088577535 ) ) ;
#2034 = CARTESIAN_POINT ( 'NONE',  ( -0.1684003000959271024, -27.64140105817276094, -1.994593909283207456 ) ) ;
#2035 = EDGE_CURVE ( 'NONE', #6093, #3672, #1134, .T. ) ;
#2036 = CARTESIAN_POINT ( 'NONE',  ( 2.609727701977319736, -29.89999999999998082, 4.563840657443357429 ) ) ;
#2037 = EDGE_LOOP ( 'NONE', ( #2342, #4954, #1448, #1675 ) ) ;
#2038 = CARTESIAN_POINT ( 'NONE',  ( -4.373948876459917479, -29.79999999999997584, -0.4780912319998809612 ) ) ;
#2039 = LINE ( 'NONE', #1502, #6483 ) ;
#2040 = CARTESIAN_POINT ( 'NONE',  ( 3.257583998163493533, -32.59999999999997300, 2.957726575413680337 ) ) ;
#2041 = CIRCLE ( 'NONE', #3461, 1.700000000000000178 ) ;
#2042 = CIRCLE ( 'NONE', #6127, 7.800000000000000711 ) ;
#2043 = CARTESIAN_POINT ( 'NONE',  ( 0.8311649963646118300, -22.09543435232036757, 4.680118527045463495 ) ) ;
#2044 = DIRECTION ( 'NONE',  ( -0.000000000000000000, 1.000000000000000000, 0.000000000000000000 ) ) ;
#2045 = ADVANCED_FACE ( 'NONE', ( #6137 ), #2237, .T. ) ;
#2046 = CARTESIAN_POINT ( 'NONE',  ( -1.049532900766467769, -33.60484625985591123, -4.351072971057096339 ) ) ;
#2047 = CARTESIAN_POINT ( 'NONE',  ( 0.8500000000000076383, -41.90000000000007674, 3.575349633252641102 ) ) ;
#2048 = FACE_OUTER_BOUND ( 'NONE', #65, .T. ) ;
#2049 = CARTESIAN_POINT ( 'NONE',  ( 4.218607618586946550, -27.29999999999997584, 1.899273372277221039 ) ) ;
#2050 = ORIENTED_EDGE ( 'NONE', *, *, #4636, .F. ) ;
#2051 = CARTESIAN_POINT ( 'NONE',  ( -0.6499999999999932498, -39.20000000000005969, -3.617060270440651593 ) ) ;
#2052 = CARTESIAN_POINT ( 'NONE',  ( -0.5712441706673426767, -28.29999999999996874, 5.226184107212377583 ) ) ;
#2053 = CARTESIAN_POINT ( 'NONE',  ( -0.7730216858566528737, -25.40482086972825115, 1.848837717446164541 ) ) ;
#2054 = CARTESIAN_POINT ( 'NONE',  ( 2.296560377740041403, -25.89999999999997371, 4.016179778550139190 ) ) ;
#2055 = CARTESIAN_POINT ( 'NONE',  ( 4.970396450522633458, -30.79999999999997584, 0.5432854909086584083 ) ) ;
#2056 = CARTESIAN_POINT ( 'NONE',  ( -4.529290134332890183, -21.89999999999996305, 0.9430909082777386709 ) ) ;
#2057 = CARTESIAN_POINT ( 'NONE',  ( 0.5026948701872618885, -25.89999999999997371, -4.599042014347152652 ) ) ;
#2058 = PERSON_AND_ORGANIZATION ( #960, #2371 ) ;
#2059 = CIRCLE ( 'NONE', #6143, 5.799999999999999822 ) ;
#2060 = CIRCLE ( 'NONE', #1712, 4.299999999999999822 ) ;
#2061 = CARTESIAN_POINT ( 'NONE',  ( 17.50000000000000000, 10.00000000000000000, 31.00000000000000000 ) ) ;
#2062 = ORIENTED_EDGE ( 'NONE', *, *, #1997, .F. ) ;
#2063 = CARTESIAN_POINT ( 'NONE',  ( -1.019241765654987697, -29.99999999999997513, -4.895012382328145506 ) ) ;
#2064 = CARTESIAN_POINT ( 'NONE',  ( 17.50000000000000000, 10.00000000000000000, 31.00000000000000000 ) ) ;
#2065 = EDGE_CURVE ( 'NONE', #1865, #5541, #6653, .T. ) ;
#2066 = AXIS2_PLACEMENT_3D ( 'NONE', #2459, #1363, #2595 ) ;
#2067 = DIRECTION ( 'NONE',  ( -1.249000902703301354E-16, 8.673617379884035472E-16, -1.000000000000000000 ) ) ;
#2068 = VECTOR ( 'NONE', #2952, 1000.000000000000000 ) ;
#2069 = CIRCLE ( 'NONE', #5351, 1.649999999999998579 ) ;
#2070 = VERTEX_POINT ( 'NONE', #651 ) ;
#2071 = CARTESIAN_POINT ( 'NONE',  ( 1.806316316930254517, -31.19999999999997797, -4.012134265349633466 ) ) ;
#2072 = VECTOR ( 'NONE', #5224, 1000.000000000000000 ) ;
#2073 = LINE ( 'NONE', #5981, #6866 ) ;
#2074 = VERTEX_POINT ( 'NONE', #5639 ) ;
#2075 = CARTESIAN_POINT ( 'NONE',  ( -1.019241765654987697, -22.79999999999997584, -4.895012382328145506 ) ) ;
#2076 = ORIENTED_EDGE ( 'NONE', *, *, #1815, .T. ) ;
#2077 = CARTESIAN_POINT ( 'NONE',  ( -3.701799997913059581, -32.19999999999997442, -3.361052926606751701 ) ) ;
#2078 = CARTESIAN_POINT ( 'NONE',  ( 4.373948876459917479, -28.79999999999997939, 0.4780912319996028503 ) ) ;
#2079 = CARTESIAN_POINT ( 'NONE',  ( 0.5026948701872619996, -33.29999999999997584, -4.599042014347151763 ) ) ;
#2080 = CIRCLE ( 'NONE', #2903, 6.299999999999998934 ) ;
#2081 = CIRCLE ( 'NONE', #3022, 1.649999999999998579 ) ;
#2082 = CARTESIAN_POINT ( 'NONE',  ( 4.373948876459917479, -23.39999999999997371, 0.4780912319996027948 ) ) ;
#2083 = DIRECTION ( 'NONE',  ( 0.000000000000000000, 0.000000000000000000, 1.000000000000000000 ) ) ;
#2084 = EDGE_CURVE ( 'NONE', #3235, #2484, #34, .T. ) ;
#2085 = CARTESIAN_POINT ( 'NONE',  ( -1.342050397913684190, -22.02289236813761875, 4.728504558581982486 ) ) ;
#2086 = AXIS2_PLACEMENT_3D ( 'NONE', #1031, #4322, #2163 ) ;
#2087 = CARTESIAN_POINT ( 'NONE',  ( 0.8264058341505540195, -39.29247821479895464, 1.821726927067131685 ) ) ;
#2088 = CARTESIAN_POINT ( 'NONE',  ( 0.5026948701872618885, -28.69999999999997442, -4.599042014347152652 ) ) ;
#2089 = CARTESIAN_POINT ( 'NONE',  ( 1.916454758585800944, -33.50027004031556288, -4.276808068401641627 ) ) ;
#2090 = CARTESIAN_POINT ( 'NONE',  ( -16.75000000000000000, 3.851859888774471706E-31, 22.00000000000000711 ) ) ;
#2091 = DIRECTION ( 'NONE',  ( 1.000000000000000000, 0.000000000000000000, 0.000000000000000000 ) ) ;
#2092 = AXIS2_PLACEMENT_3D ( 'NONE', #2551, #4192, #4733 ) ;
#2093 = EDGE_CURVE ( 'NONE', #3807, #6201, #2561, .T. ) ;
#2094 = CARTESIAN_POINT ( 'NONE',  ( 0.8969327537763897018, -32.99999999999997158, 4.307610896448506921 ) ) ;
#2095 = VERTEX_POINT ( 'NONE', #3371 ) ;
#2096 = LINE ( 'NONE', #3762, #4397 ) ;
#2097 = CONICAL_SURFACE ( 'NONE', #4080, 3.674999999999999822, 0.7853981633974959076 ) ;
#2098 = CARTESIAN_POINT ( 'NONE',  ( -4.970396450522633458, -27.79999999999997584, -0.5432854909089366302 ) ) ;
#2099 = LINE ( 'NONE', #5502, #2203 ) ;
#2100 = CARTESIAN_POINT ( 'NONE',  ( 3.819613949003068054, -24.39999999999997371, -2.184158712315064310 ) ) ;
#2101 = DIRECTION ( 'NONE',  ( -0.000000000000000000, 1.000000000000000000, 0.000000000000000000 ) ) ;
#2102 = DIRECTION ( 'NONE',  ( 0.000000000000000000, 0.000000000000000000, -1.000000000000000000 ) ) ;
#2103 = ORIENTED_EDGE ( 'NONE', *, *, #6488, .F. ) ;
#2104 = CARTESIAN_POINT ( 'NONE',  ( -2.052632178329834023, -28.79999999999997584, 4.559243483351559156 ) ) ;
#2105 = DIRECTION ( 'NONE',  ( 0.000000000000000000, 0.000000000000000000, 1.000000000000000000 ) ) ;
#2106 = CARTESIAN_POINT ( 'NONE',  ( -0.8499999999999922062, -41.90000000000007674, 3.575349633252641102 ) ) ;
#2107 = ORIENTED_EDGE ( 'NONE', *, *, #953, .F. ) ;
#2108 = CARTESIAN_POINT ( 'NONE',  ( -22.50000000000000000, 98.00000000000000000, -26.00000000000000355 ) ) ;
#2109 = DIRECTION ( 'NONE',  ( -0.000000000000000000, -1.000000000000000000, -0.000000000000000000 ) ) ;
#2110 = ORIENTED_EDGE ( 'NONE', *, *, #6780, .F. ) ;
#2111 = CARTESIAN_POINT ( 'NONE',  ( -4.340470396594395375, -21.39999999999997371, 2.481998536721367721 ) ) ;
#2112 = VERTEX_POINT ( 'NONE', #2821 ) ;
#2113 = CARTESIAN_POINT ( 'NONE',  ( -4.529290134332890183, -29.89999999999997371, 0.9430909082777386709 ) ) ;
#2114 = CARTESIAN_POINT ( 'NONE',  ( -0.8969327537763891467, -23.99999999999997158, -4.307610896448784921 ) ) ;
#2115 = CARTESIAN_POINT ( 'NONE',  ( 0.4565655878786971100, -34.41542590158772441, -1.950343655409182642 ) ) ;
#2116 = ADVANCED_FACE ( 'NONE', ( #2271 ), #1618, .F. ) ;
#2117 = CARTESIAN_POINT ( 'NONE',  ( 16.26345596729054677, 10.00000000000000000, -17.91345596729059864 ) ) ;
#2118 = DIRECTION ( 'NONE',  ( 0.000000000000000000, -1.000000000000000000, -0.000000000000000000 ) ) ;
#2119 = CARTESIAN_POINT ( 'NONE',  ( 4.793872293848802535, -26.09999999999996945, 2.158265195769588196 ) ) ;
#2120 = CARTESIAN_POINT ( 'NONE',  ( 0.8969327537763897018, -27.79999999999997229, 4.307610896448506921 ) ) ;
#2121 = ORIENTED_EDGE ( 'NONE', *, *, #6526, .T. ) ;
#2122 = PLANE ( 'NONE',  #6863 ) ;
#2123 = FACE_OUTER_BOUND ( 'NONE', #4563, .T. ) ;
#2124 = EDGE_CURVE ( 'NONE', #492, #2455, #2891, .T. ) ;
#2125 = CARTESIAN_POINT ( 'NONE',  ( 0.4121719774545316017, -27.58293100091788475, 1.958612798277659994 ) ) ;
#2126 = CARTESIAN_POINT ( 'NONE',  ( 0.8969327537763897018, -28.99999999999997513, 4.307610896448506921 ) ) ;
#2127 = ORIENTED_EDGE ( 'NONE', *, *, #7195, .T. ) ;
#2128 = LINE ( 'NONE', #1659, #2646 ) ;
#2129 = CARTESIAN_POINT ( 'NONE',  ( -4.340470396594395375, -29.99999999999997868, 2.481998536721368165 ) ) ;
#2130 = EDGE_CURVE ( 'NONE', #768, #5884, #6061, .T. ) ;
#2131 = LINE ( 'NONE', #5535, #3496 ) ;
#2132 = CARTESIAN_POINT ( 'NONE',  ( -4.218607618586945662, -27.09999999999997655, -1.899273372277499039 ) ) ;
#2133 = CARTESIAN_POINT ( 'NONE',  ( -12.52078873619541532, 107.0000000000000000, -2.136160751651512424 ) ) ;
#2134 = DATE_AND_TIME ( #1630, #5719 ) ;
#2135 = CARTESIAN_POINT ( 'NONE',  ( -0.4564031488680519444, -34.41540402442901581, 1.950355260558390480 ) ) ;
#2136 = ORIENTED_EDGE ( 'NONE', *, *, #6597, .T. ) ;
#2137 = CARTESIAN_POINT ( 'NONE',  ( -0.5712441706673425657, -32.89999999999997016, 5.226184107212376695 ) ) ;
#2138 = LINE ( 'NONE', #3809, #5236 ) ;
#2139 = DIRECTION ( 'NONE',  ( 1.000000000000000000, 0.000000000000000000, 0.000000000000000000 ) ) ;
#2140 = VECTOR ( 'NONE', #557, 1000.000000000000114 ) ;
#2141 = VERTEX_POINT ( 'NONE', #4426 ) ;
#2142 = CARTESIAN_POINT ( 'NONE',  ( 3.257583998163493533, -30.59999999999997300, 2.957726575413680337 ) ) ;
#2143 = DIRECTION ( 'NONE',  ( 0.000000000000000000, 0.000000000000000000, 1.000000000000000000 ) ) ;
#2144 = EDGE_LOOP ( 'NONE', ( #1240, #2710, #6216, #2810 ) ) ;
#2145 = CARTESIAN_POINT ( 'NONE',  ( -0.5712441706673425657, -21.69999999999996732, 5.226184107212376695 ) ) ;
#2146 = VERTEX_POINT ( 'NONE', #6663 ) ;
#2147 = CARTESIAN_POINT ( 'NONE',  ( -0.8969327537763892577, -29.39999999999997371, -4.307610896448784921 ) ) ;
#2148 = CARTESIAN_POINT ( 'NONE',  ( -4.529290134332889295, -26.49999999999997158, 0.9430909082777385599 ) ) ;
#2149 = CARTESIAN_POINT ( 'NONE',  ( -6.245004513516469795E-17, 107.0000000000000000, 3.802513859341206116E-15 ) ) ;
#2150 = DIRECTION ( 'NONE',  ( 2.081668171172362031E-17, -1.000000000000000000, -1.110223024625137558E-16 ) ) ;
#2151 = CARTESIAN_POINT ( 'NONE',  ( 0.8500000000000068612, -39.34510582498344888, 1.810386699023138091 ) ) ;
#2152 = CARTESIAN_POINT ( 'NONE',  ( 3.109937763673246813, -28.49999999999997868, -3.425226516352113837 ) ) ;
#2153 = ORIENTED_EDGE ( 'NONE', *, *, #829, .F. ) ;
#2154 = DIRECTION ( 'NONE',  ( -0.7071067811865474617, 0.000000000000000000, -0.7071067811865474617 ) ) ;
#2155 = ADVANCED_FACE ( 'NONE', ( #2855 ), #5124, .F. ) ;
#2156 = CARTESIAN_POINT ( 'NONE',  ( -1.019241765654987697, -24.79999999999997229, -4.895012382328145506 ) ) ;
#2157 = LINE ( 'NONE', #3332, #5308 ) ;
#2158 = CARTESIAN_POINT ( 'NONE',  ( 2.296560377740041403, -31.09999999999996945, 4.016179778550139190 ) ) ;
#2159 = VERTEX_POINT ( 'NONE', #6696 ) ;
#2160 = CC_DESIGN_PERSON_AND_ORGANIZATION_ASSIGNMENT ( #4867, #5970, ( #3418 ) ) ;
#2161 = CARTESIAN_POINT ( 'NONE',  ( 3.701799997913060025, -26.59999999999997655, 3.361052926606473257 ) ) ;
#2162 = CARTESIAN_POINT ( 'NONE',  ( 0.5712441706673430097, -23.89999999999997016, -5.226184107212654695 ) ) ;
#2163 = DIRECTION ( 'NONE',  ( -5.551115123125799958E-17, 0.000000000000000000, -1.000000000000000000 ) ) ;
#2164 = CARTESIAN_POINT ( 'NONE',  ( 2.296560377740041403, -27.89999999999997371, 4.016179778550139190 ) ) ;
#2165 = CARTESIAN_POINT ( 'NONE',  ( 4.340470396594395375, -28.99999999999997868, -2.481998536721644832 ) ) ;
#2166 = CARTESIAN_POINT ( 'NONE',  ( -16.75000000000000711, 0.000000000000000000, -23.54999999999999361 ) ) ;
#2167 = CIRCLE ( 'NONE', #4036, 6.000000000000000888 ) ;
#2168 = ADVANCED_FACE ( 'NONE', ( #4637, #3579 ), #692, .F. ) ;
#2169 = EDGE_CURVE ( 'NONE', #2918, #98, #3038, .T. ) ;
#2170 = DIRECTION ( 'NONE',  ( 0.000000000000000000, 0.000000000000000000, -1.000000000000000000 ) ) ;
#2171 = ORIENTED_EDGE ( 'NONE', *, *, #4541, .F. ) ;
#2172 = CARTESIAN_POINT ( 'NONE',  ( -3.701799997913059581, -32.19999999999997442, -3.361052926606751701 ) ) ;
#2173 = CARTESIAN_POINT ( 'NONE',  ( -0.8499999999999923173, -42.00000000000005684, 1.810386699023139645 ) ) ;
#2174 = AXIS2_PLACEMENT_3D ( 'NONE', #1372, #4431, #551 ) ;
#2175 = FACE_OUTER_BOUND ( 'NONE', #1881, .T. ) ;
#2176 = ORIENTED_EDGE ( 'NONE', *, *, #1367, .T. ) ;
#2177 = CARTESIAN_POINT ( 'NONE',  ( -2.296560377740040515, -25.49999999999997158, -4.016179778550417190 ) ) ;
#2178 = PLANE ( 'NONE',  #2899 ) ;
#2179 = ORIENTED_EDGE ( 'NONE', *, *, #1183, .T. ) ;
#2180 = VECTOR ( 'NONE', #4745, 1000.000000000000000 ) ;
#2181 = VECTOR ( 'NONE', #2645, 1000.000000000000000 ) ;
#2182 = CARTESIAN_POINT ( 'NONE',  ( -4.970396450522633458, -23.19999999999997442, -0.5432854909089367412 ) ) ;
#2183 = ORIENTED_EDGE ( 'NONE', *, *, #2130, .T. ) ;
#2184 = B_SPLINE_CURVE_WITH_KNOTS ( 'NONE', 3,
 ( #2106, #3313, #3706, #3279 ),
 .UNSPECIFIED., .F., .F.,
 ( 4, 4 ),
 ( 0.006276116812311821093, 0.006419580497189718467 ),
 .UNSPECIFIED. ) ;
#2185 = CARTESIAN_POINT ( 'NONE',  ( 4.529290134332890183, -28.89999999999997726, -0.9430909082780154495 ) ) ;
#2186 = VECTOR ( 'NONE', #1196, 1000.000000000000114 ) ;
#2187 = CARTESIAN_POINT ( 'NONE',  ( 3.819613949003068054, -25.59999999999996945, -2.184158712315064310 ) ) ;
#2188 = DIRECTION ( 'NONE',  ( -1.000000000000000000, -1.883233150365925861E-16, 5.551115123125777772E-17 ) ) ;
#2189 = AXIS2_PLACEMENT_3D ( 'NONE', #1201, #2403, #4620 ) ;
#2190 = AXIS2_PLACEMENT_3D ( 'NONE', #1328, #1878, #6410 ) ;
#2191 = CIRCLE ( 'NONE', #4279, 9.500000000000003553 ) ;
#2192 = DIRECTION ( 'NONE',  ( -1.883233150365978123E-16, 1.000000000000000000, 2.719624996528670136E-16 ) ) ;
#2193 = DIRECTION ( 'NONE',  ( -1.883233150365925861E-16, 1.000000000000000000, 2.719624996528607520E-16 ) ) ;
#2194 = CARTESIAN_POINT ( 'NONE',  ( -0.5712441706673425657, -27.69999999999997442, 5.226184107212376695 ) ) ;
#2195 = CARTESIAN_POINT ( 'NONE',  ( 1.806316316930254740, -30.59999999999997300, -4.012134265349632578 ) ) ;
#2196 = VERTEX_POINT ( 'NONE', #4708 ) ;
#2197 = VECTOR ( 'NONE', #5325, 1000.000000000000000 ) ;
#2198 = VECTOR ( 'NONE', #6945, 1000.000000000000000 ) ;
#2199 = CARTESIAN_POINT ( 'NONE',  ( 3.701799997913059581, -29.19999999999997797, 3.361052926606474589 ) ) ;
#2200 = CARTESIAN_POINT ( 'NONE',  ( 1.899620077363971453E-17, 43.61806232061201172, 7.800000000000001599 ) ) ;
#2201 = CARTESIAN_POINT ( 'NONE',  ( 4.970396450522633458, -24.19999999999997442, 0.5432854909086584083 ) ) ;
#2202 = CARTESIAN_POINT ( 'NONE',  ( -22.50000000000000000, 98.00000000000000000, 26.00000000000000355 ) ) ;
#2203 = VECTOR ( 'NONE', #2642, 1000.000000000000000 ) ;
#2204 = CARTESIAN_POINT ( 'NONE',  ( 0.5026948701872618885, -27.89999999999997371, -4.599042014347152652 ) ) ;
#2205 = B_SPLINE_CURVE_WITH_KNOTS ( 'NONE', 3,
 ( #5038, #4525, #608, #5148, #5737, #1708 ),
 .UNSPECIFIED., .F., .F.,
 ( 4, 2, 4 ),
 ( 0.001817039768261500534, 0.002213948363854055697, 0.002610856959446611076 ),
 .UNSPECIFIED. ) ;
#2206 = DIRECTION ( 'NONE',  ( -0.000000000000000000, 1.000000000000000000, -0.000000000000000000 ) ) ;
#2207 = CARTESIAN_POINT ( 'NONE',  ( 1.241196102018079728, -26.23019410950906405, -1.568399838942515112 ) ) ;
#2208 = CARTESIAN_POINT ( 'NONE',  ( -4.970396450522633458, -24.39999999999997371, -0.5432854909089367412 ) ) ;
#2209 = CARTESIAN_POINT ( 'NONE',  ( -5.834981137867143393E-29, -10.49999999999998934, -5.174090888566251563E-14 ) ) ;
#2210 = VECTOR ( 'NONE', #5858, 1000.000000000000114 ) ;
#2211 = CARTESIAN_POINT ( 'NONE',  ( -3.819613949003068498, -27.39999999999997371, 2.184158712314787198 ) ) ;
#2212 = DIRECTION ( 'NONE',  ( 1.883233150365925861E-16, -1.000000000000000000, -2.719624996528607520E-16 ) ) ;
#2213 = EDGE_CURVE ( 'NONE', #1410, #1774, #2795, .T. ) ;
#2214 = VECTOR ( 'NONE', #1464, 1000.000000000000000 ) ;
#2215 = CARTESIAN_POINT ( 'NONE',  ( -4.529290134332890183, -29.89999999999997371, 0.9430909082777386709 ) ) ;
#2216 = ORIENTED_EDGE ( 'NONE', *, *, #120, .F. ) ;
#2217 = CARTESIAN_POINT ( 'NONE',  ( -3.534020185992325924, -22.69999999999997442, 3.892302859490741618 ) ) ;
#2218 = DIRECTION ( 'NONE',  ( -1.084683744678891232E-30, -1.000000000000000000, -9.740822494929354281E-16 ) ) ;
#2219 = CARTESIAN_POINT ( 'NONE',  ( 3.701799997913059581, -27.19999999999997442, 3.361052926606474589 ) ) ;
#2220 = CARTESIAN_POINT ( 'NONE',  ( -22.50000000000000000, 8.000000000000000000, 26.00000000000000355 ) ) ;
#2221 = CARTESIAN_POINT ( 'NONE',  ( 2.296560377740041403, -31.09999999999996945, 4.016179778550139190 ) ) ;
#2222 = ORIENTED_EDGE ( 'NONE', *, *, #6046, .F. ) ;
#2223 = DIRECTION ( 'NONE',  ( -0.000000000000000000, -1.000000000000000000, -0.000000000000000000 ) ) ;
#2224 = ORIENTED_EDGE ( 'NONE', *, *, #1055, .T. ) ;
#2225 = CARTESIAN_POINT ( 'NONE',  ( 4.793872293848801647, -28.69999999999996732, 2.158265195769587308 ) ) ;
#2226 = ORIENTED_EDGE ( 'NONE', *, *, #5917, .F. ) ;
#2227 = ADVANCED_FACE ( 'NONE', ( #2456 ), #3719, .F. ) ;
#2228 = CARTESIAN_POINT ( 'NONE',  ( 4.218607618586947439, -28.69999999999996732, 1.899273372277220817 ) ) ;
#2229 = CARTESIAN_POINT ( 'NONE',  ( -3.819613949003068498, -29.99999999999997868, 2.184158712314787198 ) ) ;
#2230 = CARTESIAN_POINT ( 'NONE',  ( 0.7853374454414905337, -34.74506240225843356, -1.840029305445462615 ) ) ;
#2231 = CARTESIAN_POINT ( 'NONE',  ( 16.74999999999999289, 100.5999999999999943, 25.25000000000000000 ) ) ;
#2232 = CARTESIAN_POINT ( 'NONE',  ( 6.297678350335438324, -35.00000000000004974, 0.1710186999026464538 ) ) ;
#2233 = CARTESIAN_POINT ( 'NONE',  ( 3.701799997913059581, -27.99999999999997158, 3.361052926606474589 ) ) ;
#2234 = CARTESIAN_POINT ( 'NONE',  ( -3.257583998163493533, -28.99999999999997513, -2.957726575413957892 ) ) ;
#2235 = EDGE_LOOP ( 'NONE', ( #6713, #4227, #4829, #2508 ) ) ;
#2236 = ADVANCED_FACE ( 'NONE', ( #1293, #6257 ), #3547, .F. ) ;
#2237 = CYLINDRICAL_SURFACE ( 'NONE', #455, 9.500000000000003553 ) ;
#2238 = CARTESIAN_POINT ( 'NONE',  ( 0.000000000000000000, 0.000000000000000000, 0.000000000000000000 ) ) ;
#2239 = CARTESIAN_POINT ( 'NONE',  ( -0.8969327537763892577, -27.39999999999997726, -4.307610896448784921 ) ) ;
#2240 = LINE ( 'NONE', #4971, #2297 ) ;
#2241 = CARTESIAN_POINT ( 'NONE',  ( 0.5712441706673431208, -23.29999999999997229, -5.226184107212654695 ) ) ;
#2242 = EDGE_CURVE ( 'NONE', #583, #3747, #7115, .T. ) ;
#2243 = DIRECTION ( 'NONE',  ( 0.000000000000000000, 0.000000000000000000, 1.000000000000000000 ) ) ;
#2244 = CARTESIAN_POINT ( 'NONE',  ( 0.5712441706673430097, -30.69999999999997442, -5.226184107212654695 ) ) ;
#2245 = DIRECTION ( 'NONE',  ( 0.000000000000000000, -0.000000000000000000, 1.000000000000000000 ) ) ;
#2246 = EDGE_LOOP ( 'NONE', ( #6762, #7016, #3283, #1290 ) ) ;
#2247 = CARTESIAN_POINT ( 'NONE',  ( -3.257583998163493089, -31.59999999999997655, -2.957726575413957892 ) ) ;
#2248 = EDGE_LOOP ( 'NONE', ( #2375, #5333 ) ) ;
#2249 = CARTESIAN_POINT ( 'NONE',  ( 3.109937763673246813, -33.69999999999997442, -3.425226516352113837 ) ) ;
#2250 = FACE_OUTER_BOUND ( 'NONE', #1350, .T. ) ;
#2251 = EDGE_CURVE ( 'NONE', #2159, #5982, #1359, .T. ) ;
#2252 = DIRECTION ( 'NONE',  ( 0.000000000000000000, 0.000000000000000000, 1.000000000000000000 ) ) ;
#2253 = CARTESIAN_POINT ( 'NONE',  ( -3.109937763673246813, -32.69999999999997442, 3.425226516351835393 ) ) ;
#2254 = ORIENTED_EDGE ( 'NONE', *, *, #593, .F. ) ;
#2255 = ADVANCED_FACE ( 'NONE', ( #3621 ), #5229, .F. ) ;
#2256 = LINE ( 'NONE', #6683, #1149 ) ;
#2257 = ORIENTED_EDGE ( 'NONE', *, *, #5431, .T. ) ;
#2258 = CARTESIAN_POINT ( 'NONE',  ( 5.146920607196465269, -32.89999999999997016, -1.071694213952270935 ) ) ;
#2259 = FACE_OUTER_BOUND ( 'NONE', #6878, .T. ) ;
#2260 = ORIENTED_EDGE ( 'NONE', *, *, #6628, .T. ) ;
#2261 = CARTESIAN_POINT ( 'NONE',  ( 3.819613949003068498, -24.99999999999997513, -2.184158712315064310 ) ) ;
#2262 = CARTESIAN_POINT ( 'NONE',  ( 4.373948876459917479, -28.79999999999997939, 0.4780912319996028503 ) ) ;
#2263 = CARTESIAN_POINT ( 'NONE',  ( -0.8999104041191711145, -35.31995356747526671, -1.786102257589759379 ) ) ;
#2264 = VECTOR ( 'NONE', #4649, 1000.000000000000114 ) ;
#2265 = ADVANCED_FACE ( 'NONE', ( #1935 ), #2097, .T. ) ;
#2266 = CARTESIAN_POINT ( 'NONE',  ( 0.8392849450864722227, -22.09630774528679353, 4.576498199315691018 ) ) ;
#2267 = DIRECTION ( 'NONE',  ( -0.000000000000000000, 1.000000000000000000, 0.000000000000000000 ) ) ;
#2268 = VERTEX_POINT ( 'NONE', #223 ) ;
#2269 = CARTESIAN_POINT ( 'NONE',  ( 4.529290134332889295, -26.29999999999997229, -0.9430909082780156716 ) ) ;
#2270 = ORIENTED_EDGE ( 'NONE', *, *, #6835, .T. ) ;
#2271 = FACE_OUTER_BOUND ( 'NONE', #3972, .T. ) ;
#2272 = CARTESIAN_POINT ( 'NONE',  ( 16.75000000000363798, 3.400000000000000355, -25.25000000004300915 ) ) ;
#2273 = CARTESIAN_POINT ( 'NONE',  ( 2.296560377740040515, -28.49999999999997513, 4.016179778550139190 ) ) ;
#2274 = CARTESIAN_POINT ( 'NONE',  ( -8.110363845595179200, 104.0000000000000000, 9.775240745137610432 ) ) ;
#2275 = CARTESIAN_POINT ( 'NONE',  ( 0.6353825338739039763, -27.47945600793426024, -1.897713228903239679 ) ) ;
#2276 = FACE_BOUND ( 'NONE', #6417, .T. ) ;
#2277 = CARTESIAN_POINT ( 'NONE',  ( 3.701799997913059581, -29.99999999999997513, 3.361052926606474589 ) ) ;
#2278 = DIRECTION ( 'NONE',  ( -1.249000902703301108E-16, 1.101411730778925368E-15, -1.000000000000000000 ) ) ;
#2279 = CIRCLE ( 'NONE', #6349, 5.799999999999999822 ) ;
#2280 = CARTESIAN_POINT ( 'NONE',  ( 4.529290134332890183, -28.89999999999997726, -0.9430909082780154495 ) ) ;
#2281 = ORIENTED_EDGE ( 'NONE', *, *, #6787, .F. ) ;
#2282 = CARTESIAN_POINT ( 'NONE',  ( -1.019241765654987697, -23.99999999999997158, -4.895012382328145506 ) ) ;
#2283 = LINE ( 'NONE', #5055, #4064 ) ;
#2284 = DIRECTION ( 'NONE',  ( 0.000000000000000000, 0.000000000000000000, 1.000000000000000000 ) ) ;
#2285 = CARTESIAN_POINT ( 'NONE',  ( 4.218607618586946550, -31.29999999999997229, 1.899273372277221039 ) ) ;
#2286 = ORIENTED_EDGE ( 'NONE', *, *, #1284, .T. ) ;
#2287 = EDGE_CURVE ( 'NONE', #4661, #5034, #5254, .T. ) ;
#2288 = FACE_OUTER_BOUND ( 'NONE', #6652, .T. ) ;
#2289 = EDGE_LOOP ( 'NONE', ( #3761, #1972, #4269, #5947 ) ) ;
#2290 = CARTESIAN_POINT ( 'NONE',  ( -3.534020185992324148, -32.09999999999996589, 3.892302859490740286 ) ) ;
#2291 = DIRECTION ( 'NONE',  ( -5.551115123125774690E-17, 0.000000000000000000, -1.000000000000000000 ) ) ;
#2292 = ORIENTED_EDGE ( 'NONE', *, *, #2030, .T. ) ;
#2293 = CARTESIAN_POINT ( 'NONE',  ( 4.218607618586947439, -24.69999999999997087, 1.899273372277220817 ) ) ;
#2294 = CARTESIAN_POINT ( 'NONE',  ( 0.8969327537763894798, -26.39999999999997726, 4.307610896448506921 ) ) ;
#2295 = CARTESIAN_POINT ( 'NONE',  ( -0.8969327537763891467, -23.99999999999997158, -4.307610896448784921 ) ) ;
#2296 = CARTESIAN_POINT ( 'NONE',  ( -0.7852037812315821874, -35.65512454721370972, -1.840085756691510532 ) ) ;
#2297 = VECTOR ( 'NONE', #4857, 1000.000000000000000 ) ;
#2298 = VERTEX_POINT ( 'NONE', #2417 ) ;
#2299 = CARTESIAN_POINT ( 'NONE',  ( -1.966774487951345352, -21.99507406149734834, 4.020512175874392469 ) ) ;
#2300 = EDGE_CURVE ( 'NONE', #140, #2415, #1074, .T. ) ;
#2301 = CARTESIAN_POINT ( 'NONE',  ( 0.000000000000000000, 104.0000000000000142, 0.000000000000000000 ) ) ;
#2302 = ORIENTED_EDGE ( 'NONE', *, *, #3058, .F. ) ;
#2303 = CARTESIAN_POINT ( 'NONE',  ( -0.8969327537763891467, -22.79999999999997584, -4.307610896448784921 ) ) ;
#2304 = ORIENTED_EDGE ( 'NONE', *, *, #3523, .F. ) ;
#2305 = CARTESIAN_POINT ( 'NONE',  ( 4.410424890600285863, 107.0000000000000000, 11.91140149678900784 ) ) ;
#2306 = OPEN_SHELL ( 'NONE', ( #2925, #2227, #6706, #1125, #310, #6412, #6552, #4717, #4710, #5499, #1490, #2851, #4369, #4535, #2944, #2265, #2397, #6378, #3502, #4177 ) ) ;
#2307 = TOROIDAL_SURFACE ( 'NONE', #1023, 6.299999999999999822, 0.5000000000000008882 ) ;
#2308 = VECTOR ( 'NONE', #4202, 1000.000000000000114 ) ;
#2309 = DIRECTION ( 'NONE',  ( -0.000000000000000000, -1.000000000000000000, -0.000000000000000000 ) ) ;
#2310 = CIRCLE ( 'NONE', #6747, 3.249999999999999556 ) ;
#2311 = CARTESIAN_POINT ( 'NONE',  ( 1.806316316930254517, -23.19999999999997797, -4.012134265349633466 ) ) ;
#2312 = VECTOR ( 'NONE', #1298, 1000.000000000000114 ) ;
#2313 = CARTESIAN_POINT ( 'NONE',  ( 0.8500000000000063061, -39.20000000000005969, -8.991389646815644454 ) ) ;
#2314 = AXIS2_PLACEMENT_3D ( 'NONE', #1746, #6715, #53 ) ;
#2315 = VECTOR ( 'NONE', #1425, 1000.000000000000000 ) ;
#2316 = CARTESIAN_POINT ( 'NONE',  ( -5.146920607196466158, -21.89999999999996660, 1.071694213951994712 ) ) ;
#2317 = CARTESIAN_POINT ( 'NONE',  ( -0.6499999999999929168, -39.40000000000006253, -2.766053166257723178E-14 ) ) ;
#2318 = EDGE_CURVE ( 'NONE', #4003, #7209, #6487, .T. ) ;
#2319 = CARTESIAN_POINT ( 'NONE',  ( 1.019241765654988363, -31.79999999999997584, 4.895012382327868394 ) ) ;
#2320 = CIRCLE ( 'NONE', #1147, 3.249999999999999556 ) ;
#2321 = FACE_OUTER_BOUND ( 'NONE', #248, .T. ) ;
#2322 = CIRCLE ( 'NONE', #3942, 3.249999999999999556 ) ;
#2323 = ORIENTED_EDGE ( 'NONE', *, *, #875, .F. ) ;
#2324 = CARTESIAN_POINT ( 'NONE',  ( 0.8969327537763894798, -30.39999999999997726, 4.307610896448506921 ) ) ;
#2325 = AXIS2_PLACEMENT_3D ( 'NONE', #487, #2574, #6479 ) ;
#2326 = CARTESIAN_POINT ( 'NONE',  ( 4.529290134332890183, -30.89999999999997371, -0.9430909082780154495 ) ) ;
#2327 = ORIENTED_EDGE ( 'NONE', *, *, #2787, .T. ) ;
#2328 = CARTESIAN_POINT ( 'NONE',  ( 3.701799997913059581, -23.19999999999997442, 3.361052926606474589 ) ) ;
#2329 = LINE ( 'NONE', #4551, #4417 ) ;
#2330 = CARTESIAN_POINT ( 'NONE',  ( -5.997788905081362643, -2.077341958608790673, -0.1628749522882783352 ) ) ;
#2331 = VECTOR ( 'NONE', #3114, 1000.000000000000000 ) ;
#2332 = AXIS2_PLACEMENT_3D ( 'NONE', #4123, #2449, #4669 ) ;
#2333 = ORIENTED_EDGE ( 'NONE', *, *, #258, .F. ) ;
#2334 = DIRECTION ( 'NONE',  ( -0.000000000000000000, 1.000000000000000000, -0.000000000000000000 ) ) ;
#2335 = ORIENTED_EDGE ( 'NONE', *, *, #4872, .F. ) ;
#2336 = CARTESIAN_POINT ( 'NONE',  ( 2.609727701977318848, -32.49999999999997158, 4.563840657443356541 ) ) ;
#2337 = CARTESIAN_POINT ( 'NONE',  ( 0.8500000000000069722, -40.80000000000011084, -3.059105261342189852 ) ) ;
#2338 = EDGE_LOOP ( 'NONE', ( #3643, #3991, #5352, #5602 ) ) ;
#2339 = CARTESIAN_POINT ( 'NONE',  ( 0.8969327537763894798, -22.39999999999997726, 4.307610896448506921 ) ) ;
#2340 = CARTESIAN_POINT ( 'NONE',  ( -4.529290134332890183, -25.89999999999997016, 0.9430909082777386709 ) ) ;
#2341 = CARTESIAN_POINT ( 'NONE',  ( -0.8754580966524655450, -35.43928320572591417, -1.798897910123023802 ) ) ;
#2342 = ORIENTED_EDGE ( 'NONE', *, *, #4037, .T. ) ;
#2343 = CARTESIAN_POINT ( 'NONE',  ( -4.381685060111689900, -21.83371690968241552, 0.4598380853757046416 ) ) ;
#2344 = DIRECTION ( 'NONE',  ( 0.9996314841802272921, 1.808712683899153303E-16, 0.02714582538137666826 ) ) ;
#2345 = VERTEX_POINT ( 'NONE', #6810 ) ;
#2346 = CARTESIAN_POINT ( 'NONE',  ( -4.529290134332889295, -23.29999999999997229, 0.9430909082777385599 ) ) ;
#2347 = VERTEX_POINT ( 'NONE', #3481 ) ;
#2348 = DIRECTION ( 'NONE',  ( -0.7071067811865474617, 0.000000000000000000, 0.7071067811865474617 ) ) ;
#2349 = ADVANCED_FACE ( 'NONE', ( #2932 ), #5155, .T. ) ;
#2350 = DIRECTION ( 'NONE',  ( 0.9996314841802271811, 0.000000000000000000, 0.02714582538137677234 ) ) ;
#2351 = CARTESIAN_POINT ( 'NONE',  ( -4.218607618586946550, -23.69999999999997087, -1.899273372277498817 ) ) ;
#2352 = DIRECTION ( 'NONE',  ( 0.9857564655421142685, 1.848553963265644675E-18, 0.1681790434088577535 ) ) ;
#2353 = EDGE_CURVE ( 'NONE', #6730, #1777, #885, .T. ) ;
#2354 = DIRECTION ( 'NONE',  ( -0.000000000000000000, -1.000000000000000000, -0.000000000000000000 ) ) ;
#2355 = CARTESIAN_POINT ( 'NONE',  ( 5.997788905081370636, -34.60000000000005116, 0.1628749522882337319 ) ) ;
#2356 = CARTESIAN_POINT ( 'NONE',  ( 0.5712441706673430097, -27.29999999999997229, -5.226184107212652918 ) ) ;
#2357 = CARTESIAN_POINT ( 'NONE',  ( -2.414735078560331576E-16, 115.6000000000000369, 4.757305660518821966E-15 ) ) ;
#2358 = ORIENTED_EDGE ( 'NONE', *, *, #6942, .T. ) ;
#2359 = CARTESIAN_POINT ( 'NONE',  ( -2.052632178329834023, -22.19999999999997797, 4.559243483351559156 ) ) ;
#2360 = CARTESIAN_POINT ( 'NONE',  ( -4.373948876459917479, -27.79999999999997584, -0.4780912319998809612 ) ) ;
#2361 = EDGE_CURVE ( 'NONE', #4373, #3267, #2882, .T. ) ;
#2362 = CARTESIAN_POINT ( 'NONE',  ( 4.529290134332890183, -22.89999999999997371, -0.9430909082780154495 ) ) ;
#2363 = ORIENTED_EDGE ( 'NONE', *, *, #3269, .F. ) ;
#2364 = DIRECTION ( 'NONE',  ( -0.7071067811865474617, 0.000000000000000000, -0.7071067811865474617 ) ) ;
#2365 = LINE ( 'NONE', #164, #2186 ) ;
#2366 = CARTESIAN_POINT ( 'NONE',  ( 16.74999999999999289, 104.0000000000000142, 22.00000000000000355 ) ) ;
#2367 = ORIENTED_EDGE ( 'NONE', *, *, #3116, .T. ) ;
#2368 = CARTESIAN_POINT ( 'NONE',  ( 2.052632178329834467, -31.19999999999997797, -4.559243483351837156 ) ) ;
#2369 = LINE ( 'NONE', #4521, #2068 ) ;
#2370 = ORIENTED_EDGE ( 'NONE', *, *, #3805, .F. ) ;
#2371 = ORGANIZATION ( '未指定', '未指定', '' ) ;
#2372 = CARTESIAN_POINT ( 'NONE',  ( -4.218607618586945662, -31.09999999999996945, -1.899273372277499039 ) ) ;
#2373 = CARTESIAN_POINT ( 'NONE',  ( 4.218607618586947439, -28.69999999999996732, 1.899273372277220817 ) ) ;
#2374 = CARTESIAN_POINT ( 'NONE',  ( -16.75000000000000711, 8.000000000000000000, -26.95000000000000995 ) ) ;
#2375 = ORIENTED_EDGE ( 'NONE', *, *, #5232, .T. ) ;
#2376 = CARTESIAN_POINT ( 'NONE',  ( -4.329126156948822413, -21.84736254562134405, 0.8280514030143156790 ) ) ;
#2377 = CYLINDRICAL_SURFACE ( 'NONE', #4174, 0.1999999999999987899 ) ;
#2378 = ORIENTED_EDGE ( 'NONE', *, *, #5621, .T. ) ;
#2379 = CARTESIAN_POINT ( 'NONE',  ( 4.373948876459917479, -22.19999999999997087, 0.4780912319996027948 ) ) ;
#2380 = VERTEX_POINT ( 'NONE', #4843 ) ;
#2381 = CARTESIAN_POINT ( 'NONE',  ( 7.184590085721058551E-15, -40.80000000000006111, -2.807736141039155475E-14 ) ) ;
#2382 = AXIS2_PLACEMENT_3D ( 'NONE', #5279, #263, #2494 ) ;
#2383 = CARTESIAN_POINT ( 'NONE',  ( -1.748601263784678941E-15, -9.699999999999979750, -14.00000000000004974 ) ) ;
#2384 = CARTESIAN_POINT ( 'NONE',  ( -1.806316316930254073, -28.19999999999997442, 4.012134265349355466 ) ) ;
#2385 = CARTESIAN_POINT ( 'NONE',  ( 7.274040777774582584E-16, -2.077341958608789341, -1.757831232144805540E-14 ) ) ;
#2386 = CYLINDRICAL_SURFACE ( 'NONE', #6750, 0.1999999999999987899 ) ;
#2387 = CARTESIAN_POINT ( 'NONE',  ( -0.5712441706673425657, -22.89999999999997016, 5.226184107212376695 ) ) ;
#2388 = CARTESIAN_POINT ( 'NONE',  ( 4.340470396594395375, -33.59999999999997300, -2.481998536721644832 ) ) ;
#2389 = FACE_OUTER_BOUND ( 'NONE', #1993, .T. ) ;
#2390 = DIRECTION ( 'NONE',  ( -5.551115123125782702E-17, 2.719624996528607027E-16, -1.000000000000000000 ) ) ;
#2391 = VERTEX_POINT ( 'NONE', #5886 ) ;
#2392 = CARTESIAN_POINT ( 'NONE',  ( 4.793872293848801647, -24.69999999999997087, 2.158265195769587308 ) ) ;
#2393 = CARTESIAN_POINT ( 'NONE',  ( 3.819613949003068498, -28.99999999999997868, -2.184158712315064310 ) ) ;
#2394 = CARTESIAN_POINT ( 'NONE',  ( -2.296560377740040071, -25.49999999999996447, -4.016179778550416302 ) ) ;
#2395 = CARTESIAN_POINT ( 'NONE',  ( 5.997788905081371524, -37.80000000000005400, 0.1628749522882328438 ) ) ;
#2396 = DIRECTION ( 'NONE',  ( -0.000000000000000000, -1.000000000000000000, -0.000000000000000000 ) ) ;
#2397 = ADVANCED_FACE ( 'NONE', ( #5408 ), #3716, .F. ) ;
#2398 = CARTESIAN_POINT ( 'NONE',  ( 4.529290134332889295, -29.49999999999997868, -0.9430909082780156716 ) ) ;
#2399 = PLANE ( 'NONE',  #2770 ) ;
#2400 = FACE_OUTER_BOUND ( 'NONE', #3925, .T. ) ;
#2401 = ORIENTED_EDGE ( 'NONE', *, *, #7230, .F. ) ;
#2402 = CARTESIAN_POINT ( 'NONE',  ( -0.5712441706673427877, -24.29999999999997229, 5.226184107212377583 ) ) ;
#2403 = DIRECTION ( 'NONE',  ( -0.000000000000000000, 1.000000000000000000, 0.000000000000000000 ) ) ;
#2404 = ORIENTED_EDGE ( 'NONE', *, *, #1096, .F. ) ;
#2405 = AXIS2_PLACEMENT_3D ( 'NONE', #3447, #2894, #2350 ) ;
#2406 = CARTESIAN_POINT ( 'NONE',  ( -3.109937763673246813, -29.49999999999997868, 3.425226516351835393 ) ) ;
#2407 = CARTESIAN_POINT ( 'NONE',  ( -3.257583998163493089, -25.59999999999997655, -2.957726575413957892 ) ) ;
#2408 = EDGE_CURVE ( 'NONE', #1155, #541, #6984, .T. ) ;
#2409 = DIRECTION ( 'NONE',  ( -0.000000000000000000, 1.000000000000000000, -0.000000000000000000 ) ) ;
#2410 = ORIENTED_EDGE ( 'NONE', *, *, #3031, .T. ) ;
#2411 = DIRECTION ( 'NONE',  ( -1.883233150365925861E-16, 1.000000000000000000, 2.719624996528607520E-16 ) ) ;
#2412 = CARTESIAN_POINT ( 'NONE',  ( 5.992466222859490636E-15, -34.30000000000006821, 1.999999999999972689 ) ) ;
#2413 = VERTEX_POINT ( 'NONE', #3782 ) ;
#2414 = CARTESIAN_POINT ( 'NONE',  ( 3.257583998163493533, -25.99999999999997513, 2.957726575413679893 ) ) ;
#2415 = VERTEX_POINT ( 'NONE', #5986 ) ;
#2416 = CARTESIAN_POINT ( 'NONE',  ( 2.609727701977319736, -29.09999999999997655, 4.563840657443357429 ) ) ;
#2417 = CARTESIAN_POINT ( 'NONE',  ( -17.50000000000000000, 98.00000000000000000, -31.00000000000000000 ) ) ;
#2418 = CARTESIAN_POINT ( 'NONE',  ( -0.8499999999999934275, -39.40000000000006253, -8.991389646815644454 ) ) ;
#2419 = VECTOR ( 'NONE', #2352, 1000.000000000000000 ) ;
#2420 = AXIS2_PLACEMENT_3D ( 'NONE', #3503, #6317, #2949 ) ;
#2421 = LINE ( 'NONE', #3582, #6868 ) ;
#2422 = CYLINDRICAL_SURFACE ( 'NONE', #1006, 8.000000000000000000 ) ;
#2423 = CARTESIAN_POINT ( 'NONE',  ( -0.6499999999999929168, -39.40000000000006253, -2.766053166257723178E-14 ) ) ;
#2424 = CIRCLE ( 'NONE', #777, 0.5000000000000012212 ) ;
#2425 = CIRCLE ( 'NONE', #3130, 8.000000000000000000 ) ;
#2426 = LINE ( 'NONE', #2462, #7000 ) ;
#2427 = CARTESIAN_POINT ( 'NONE',  ( 22.50000000000000000, 98.00000000000000000, -26.00000000000000355 ) ) ;
#2428 = CIRCLE ( 'NONE', #1382, 1.700000000000013944 ) ;
#2429 = CIRCLE ( 'NONE', #783, 1.700000000000007061 ) ;
#2430 = AXIS2_PLACEMENT_3D ( 'NONE', #3623, #6408, #6988 ) ;
#2431 = ORIENTED_EDGE ( 'NONE', *, *, #2654, .T. ) ;
#2432 = CARTESIAN_POINT ( 'NONE',  ( 4.529290134332889295, -24.89999999999997371, -0.9430909082780154495 ) ) ;
#2433 = CARTESIAN_POINT ( 'NONE',  ( -1.806316316930254073, -24.19999999999997442, 4.012134265349355466 ) ) ;
#2434 = CARTESIAN_POINT ( 'NONE',  ( -4.793872293848801647, -33.69999999999997442, -2.158265195769866196 ) ) ;
#2435 = DIRECTION ( 'NONE',  ( 0.02714582538137678969, 2.769744689945855113E-16, -0.9996314841802272921 ) ) ;
#2436 = AXIS2_PLACEMENT_3D ( 'NONE', #5865, #6453, #6857 ) ;
#2437 = TOROIDAL_SURFACE ( 'NONE', #3702, 3.674999999999999822, 0.5000000000000004441 ) ;
#2438 = EDGE_CURVE ( 'NONE', #2112, #6123, #5105, .T. ) ;
#2439 = AXIS2_PLACEMENT_3D ( 'NONE', #6223, #5085, #2789 ) ;
#2440 = ORIENTED_EDGE ( 'NONE', *, *, #4801, .T. ) ;
#2441 =( BOUNDED_SURFACE ( )  B_SPLINE_SURFACE ( 3, 2, ( 
 ( #1012, #3253, #4232, #359, #2592, #2079, #5485, #1976, #867, #2559, #1497, #471, #4741, #5442, #4199, #4264, #1429, #4810, #3181, #1458, #3648, #6501, #4306, #6543, #3749, #3107, #7017, #320, #427, #2666, #3678, #4779, #977, #3214, #5916, #4884, #907, #3147, #7046, #2113, #2038, #4487, #5000, #1706, #2147, #1752, #1203, #2769, #1123, #2185, #4921, #2228, #4453, #5594, #6128, #6763, #4958, #4375, #5630, #605, #1646, #3287, #576, #3359, #3435, #6722, #4523, #5664, #3857, #1676, #2812, #3931, #7246, #6169, #6613, #3969, #3823, #5036, #6094, #6207, #5553, #2702, #1169, #25, #3399, #2843, #59, #1607, #2261, #4416, #5067, #2293, #7161, #534, #6062, #1052, #5519, #6688, #503, #2736, #7201, #6655, #3890, #1087, #3320, #1280, #1861, #4088, #3537, #2922, #5899, #2878, #5218, #4624, #2339, #6284, #3508, #210, #4591, #642, #4121 ),
 ( #1474, #6454, #4667, #2954, #5109, #2575, #712, #5735, #340, #4793, #137, #5770, #5146, #6872, #4559, #7029, #1241, #6801, #2019, #102, #881, #2372, #6833, #3471, #5180, #1789, #2445, #1893, #4247, #4007, #746, #1823, #3694, #6480, #6247, #4046, #171, #2406, #2987, #5698, #680, #6322, #1313, #6907, #1441, #3661, #3125, #5358, #5461, #1552, #488, #4355, #6594, #2164, #3272, #5967, #1521, #6561, #2211, #6040, #957, #2132, #4393, #6003, #3733, #7063, #1588, #3800, #926, #3197, #371, #5503, #6077, #2054, #520, #6633, #4434, #4823, #4323, #2721, #4941, #5537, #2751, #3765, #1627, #4976, #1663, #7183, #2100, #7107, #5424, #3841, #4282, #1068, #1033, #3303, #5390, #5937, #3229, #407, #7225, #6669, #992, #3163, #2606, #2643, #6523, #4861, #451, #2687, #4904, #7144, #2861, #3872, #2829, #1187, #3952, #5645, #6783, #1771, #3341 ),
 ( #78, #3910, #5019, #6190, #6741, #1221, #623, #3987, #6113, #1146, #4505, #1730, #5086, #5050, #2319, #5574, #6224, #2791, #3416, #3381, #1103, #42, #555, #4544, #8, #2244, #4470, #6704, #6146, #1691, #5614, #591, #2277, #4458, #1019, #2742, #1652, #6067, #2708, #6660, #1681, #6548, #6100, #4926, #5007, #1059, #3787, #4380, #6620, #3293, #5448, #3326, #2233, #5491, #4891, #2194, #4423, #434, #397, #2632, #3260, #7252, #7168, #3186, #6581, #6026, #7093, #2675, #3895, #1542, #5991, #2119, #4345, #1575, #5524, #5561, #3830, #477, #4963, #7207, #539, #6134, #5495, #7213, #2156, #7173, #6071, #3297, #3725, #5960, #2201, #5529, #917, #513, #4427, #1511, #3189, #3056, #927, #4725, #7003, #2537, #5900, #5832, #3091, #6425, #341, #6964, #3662, #4761, #4215, #2576, #1442, #1921, #4691, #5866, #372, #882, #6383, #5319, #4794 ),
 ( #7030, #4114, #3600, #238, #2020, #6481, #2470, #3695, #1475, #2607, #6932, #848, #3164, #4824, #6347, #5286, #452, #2752, #3873, #2792, #6078, #3230, #993, #4324, #1069, #5968, #4435, #4942, #489, #6524, #2055, #4356, #6562, #4977, #6670, #4905, #6114, #1104, #4862, #5575, #2644, #556, #6004, #3734, #6595, #958, #1034, #7184, #2165, #2902, #4026, #4606, #730, #3382, #5164, #6742, #1806, #3953, #6191, #5646, #624, #3988, #6225, #5682, #122, #2356, #5827, #811, #5685, #4141, #3051, #6309, #5725, #3014, #5245, #3494, #1227, #3454, #1847, #5281, #734, #3992, #157, #4609, #663, #5167, #2497, #2907, #125, #6228, #5135, #2392, #4109, #6927, #2972, #6853, #4651, #6894, #1915, #1302, #3526, #265, #233, #1336, #5790, #2465, #1809, #4031, #4720, #6375, #6957, #5757, #190, #5201, #1882, #6342, #2359, #769, #4686, #1371, #4578 ),
 ( #2914, #2946, #1185, #5084, #3985, #3106, #4263, #5885, #2388, #5950, #4706, #866, #1496, #4809, #3213, #941, #3715, #4778, #6948, #4305, #4230, #5337, #2077, #6542, #905, #5375, #6983, #358, #4162, #1535, #3075, #1401, #3748, #6404, #391, #3180, #4740, #285, #5407, #3620, #2624, #4842, #5985, #2520, #7084, #976, #5440, #4302, #5848, #3395, #1472, #7210, #2199, #2416, #6575, #1011, #4374, #1122, #6612, #575, #3781, #5552, #2811, #6721, #5629, #6020, #3252, #1051, #2735, #4957, #4405, #7152, #2219, #6677, #5474, #6602, #1077, #3880, #2800, #1112, #3347, #5026, #671, #1741, #3425, #2913, #705, #2977, #3384, #4106, #4895, #7052, #1508, #1586, #7142, #6038, #486, #7223, #3798, #2718, #2208, #3839, #4939, #7181, #1661, #2162, #4391, #3870, #6111, #3338, #6631, #7061, #40, #6188, #1728, #2387, #5083, #6816, #4024, #6263, #4503 ),
 ( #1257, #5718, #1841, #6702, #3907, #589, #2827, #1768, #934, #5400, #3173, #384, #2619, #4834, #6535, #3815, #2803, #2253, #5476, #7192, #7154, #4479, #5059, #1043, #50, #1699, #6756, #1638, #4993, #6712, #3921, #2285, #4516, #2221, #6160, #1744, #6200, #3961, #4444, #3243, #464, #6314, #92, #200, #2947, #163, #6753, #1233, #6826, #2398, #740, #3165, #6426, #6482, #376, #1417, #6385, #5835, #4826, #343, #7067, #1365, #3046, #6991, #1506, #3722, #5957, #228, #2525, #2460, #4747, #329, #5855, #6922, #4204, #1907, #4135, #5276, #838, #4462, #2655, #2610, #7066, #3663, #2504, #2057, #5359, #6384, #5834, #816, #5287, #883, #3128, #342, #6965, #1955, #7162, #6614, #5554, #5111, #5182, #3473, #61, #6324, #2295, #1315, #3539, #5772, #2989, #104, #748, #7075, #5876, #1390, #2550, #598, #6237, #6051, #1075, #7150, #5472 ),
 ( #2651, #4363, #4912, #3310, #966, #1595, #7235, #5396, #415, #4873, #2006, #4234, #2040, #5411, #834, #3079, #4201, #5273, #6471, #5306, #6443, #1431, #5341, #1952, #5250, #4758, #4791, #3632, #5864, #846, #2016, #1471, #5317, #3161, #3692, #773, #6379, #2499, #3594, #6451, #1988, #4927, #5562, #3407, #5603, #4707, #2591, #906, #6500, #286, #2078, #872, #6140, #2273, #3519, #4602, #2384, #5046, #3412, #5641, #3448, #6846, #5127, #4538, #2239, #6185, #1180, #117, #4499, #549, #4021, #2784, #1721, #6812, #654, #1296, #6259, #4571, #2857, #5014, #1837, #617, #5079, #149, #4063, #36, #5675, #6734, #6778, #4465, #6302, #1139, #6698, #4, #1687, #5715, #3946, #2824, #3375, #73, #3903, #2351, #2896, #5609, #1801, #586, #2311, #1765, #3980, #6219, #1216, #1254, #3485, #695, #2935, #5159, #1877, #3551, #2490, #326, #5343 ) ),
 .UNSPECIFIED., .T., .F., .F. ) 
 B_SPLINE_SURFACE_WITH_KNOTS ( ( 4, 3, 4 ),
 ( 3, 2, 2, 2, 2, 2, 2, 2, 2, 2, 2, 2, 2, 2, 2, 2, 2, 2, 2, 2, 2, 2, 2, 2, 2, 2, 2, 2, 2, 2, 2, 2, 2, 2, 2, 2, 2, 2, 2, 2, 2, 2, 2, 2, 2, 2, 2, 2, 2, 2, 2, 2, 2, 2, 2, 2, 2, 2, 2, 2, 3 ),
 ( 0.000000000000000000, 0.5000000000000000000, 1.000000000000000000 ),
 ( 0.000000000000000000, 0.01666666666666666644, 0.03333333333333333287, 0.05000000000000000278, 0.06666666666666666574, 0.08333333333333332871, 0.1000000000000000056, 0.1166666666666666685, 0.1333333333333333315, 0.1499999999999999944, 0.1666666666666666574, 0.1833333333333333204, 0.2000000000000000111, 0.2166666666666666741, 0.2333333333333333370, 0.2500000000000000000, 0.2666666666666666630, 0.2833333333333333259, 0.2999999999999999889, 0.3166666666666666519, 0.3333333333333333148, 0.3499999999999999778, 0.3666666666666666408, 0.3833333333333333592, 0.4000000000000000222, 0.4166666666666666852, 0.4333333333333333481, 0.4500000000000000111, 0.4666666666666666741, 0.4833333333333333370, 0.5000000000000000000, 0.5166666666666667185, 0.5333333333333333259, 0.5500000000000000444, 0.5666666666666666519, 0.5833333333333333703, 0.5999999999999999778, 0.6166666666666666963, 0.6333333333333333037, 0.6500000000000000222, 0.6666666666666666297, 0.6833333333333333481, 0.6999999999999999556, 0.7166666666666666741, 0.7333333333333332815, 0.7500000000000000000, 0.7666666666666667185, 0.7833333333333333259, 0.8000000000000000444, 0.8166666666666666519, 0.8333333333333333703, 0.8499999999999999778, 0.8666666666666666963, 0.8833333333333333037, 0.9000000000000000222, 0.9166666666666666297, 0.9333333333333333481, 0.9499999999999999556, 0.9666666666666666741, 0.9833333333333332815, 1.000000000000000000 ),
 .UNSPECIFIED. ) 
 GEOMETRIC_REPRESENTATION_ITEM ( )  RATIONAL_B_SPLINE_SURFACE ( (
 ( 1.000000000000000000, 0.9510565162951535312, 1.000000000000000000, 0.9510565162951535312, 1.000000000000000000, 0.9510565162951535312, 1.000000000000000000, 0.9510565162951535312, 1.000000000000000000, 0.9510565162951535312, 1.000000000000000000, 0.9510565162951535312, 1.000000000000000000, 0.9510565162951535312, 1.000000000000000000, 0.9510565162951535312, 1.000000000000000000, 0.9510565162951535312, 1.000000000000000000, 0.9510565162951535312, 1.000000000000000000, 0.9510565162951535312, 1.000000000000000000, 0.9510565162951535312, 1.000000000000000000, 0.9510565162951535312, 1.000000000000000000, 0.9510565162951535312, 1.000000000000000000, 0.9510565162951535312, 1.000000000000000000, 0.9510565162951535312, 1.000000000000000000, 0.9510565162951535312, 1.000000000000000000, 0.9510565162951535312, 1.000000000000000000, 0.9510565162951535312, 1.000000000000000000, 0.9510565162951535312, 1.000000000000000000, 0.9510565162951535312, 1.000000000000000000, 0.9510565162951535312, 1.000000000000000000, 0.9510565162951535312, 1.000000000000000000, 0.9510565162951535312, 1.000000000000000000, 0.9510565162951535312, 1.000000000000000000, 0.9510565162951535312, 1.000000000000000000, 0.9510565162951535312, 1.000000000000000000, 0.9510565162951535312, 1.000000000000000000, 0.9510565162951535312, 1.000000000000000000, 0.9510565162951535312, 1.000000000000000000, 0.9510565162951535312, 1.000000000000000000, 0.9510565162951535312, 1.000000000000000000, 0.9510565162951535312, 1.000000000000000000, 0.9510565162951535312, 1.000000000000000000, 0.9510565162951535312, 1.000000000000000000, 0.9510565162951535312, 1.000000000000000000, 0.9510565162951535312, 1.000000000000000000, 0.9510565162951535312, 1.000000000000000000, 0.9510565162951535312, 1.000000000000000000, 0.9510565162951535312, 1.000000000000000000, 0.9510565162951535312, 1.000000000000000000, 0.9510565162951535312, 1.000000000000000000, 0.9510565162951535312, 1.000000000000000000, 0.9510565162951535312, 1.000000000000000000, 0.9510565162951535312, 1.000000000000000000, 0.9510565162951535312, 1.000000000000000000, 0.9510565162951535312, 1.000000000000000000, 0.9510565162951535312, 1.000000000000000000, 0.9510565162951535312, 1.000000000000000000, 0.9510565162951535312, 1.000000000000000000, 0.9510565162951535312, 1.000000000000000000, 0.9510565162951535312, 1.000000000000000000, 0.9510565162951535312, 1.000000000000000000, 0.9510565162951535312, 1.000000000000000000, 0.9510565162951535312, 1.000000000000000000, 0.9510565162951535312, 1.000000000000000000, 0.9510565162951535312, 1.000000000000000000, 0.9510565162951535312, 1.000000000000000000, 0.9510565162951535312, 1.000000000000000000, 0.9510565162951535312, 1.000000000000000000),
 ( 0.3333333333333333703, 0.3170188387650512141, 0.3333333333333333703, 0.3170188387650512141, 0.3333333333333333703, 0.3170188387650512141, 0.3333333333333333703, 0.3170188387650512141, 0.3333333333333333703, 0.3170188387650512141, 0.3333333333333333703, 0.3170188387650512141, 0.3333333333333333703, 0.3170188387650512141, 0.3333333333333333703, 0.3170188387650512141, 0.3333333333333333703, 0.3170188387650512141, 0.3333333333333333703, 0.3170188387650512141, 0.3333333333333333703, 0.3170188387650512141, 0.3333333333333333703, 0.3170188387650512141, 0.3333333333333333703, 0.3170188387650512141, 0.3333333333333333703, 0.3170188387650512141, 0.3333333333333333703, 0.3170188387650512141, 0.3333333333333333703, 0.3170188387650512141, 0.3333333333333333703, 0.3170188387650512141, 0.3333333333333333703, 0.3170188387650512141, 0.3333333333333333703, 0.3170188387650512141, 0.3333333333333333703, 0.3170188387650512141, 0.3333333333333333703, 0.3170188387650512141, 0.3333333333333333703, 0.3170188387650512141, 0.3333333333333333703, 0.3170188387650512141, 0.3333333333333333703, 0.3170188387650512141, 0.3333333333333333703, 0.3170188387650512141, 0.3333333333333333703, 0.3170188387650512141, 0.3333333333333333703, 0.3170188387650512141, 0.3333333333333333703, 0.3170188387650512141, 0.3333333333333333703, 0.3170188387650512141, 0.3333333333333333703, 0.3170188387650512141, 0.3333333333333333703, 0.3170188387650512141, 0.3333333333333333703, 0.3170188387650512141, 0.3333333333333333703, 0.3170188387650512141, 0.3333333333333333703, 0.3170188387650512141, 0.3333333333333333703, 0.3170188387650512141, 0.3333333333333333703, 0.3170188387650512141, 0.3333333333333333703, 0.3170188387650512141, 0.3333333333333333703, 0.3170188387650512141, 0.3333333333333333703, 0.3170188387650512141, 0.3333333333333333703, 0.3170188387650512141, 0.3333333333333333703, 0.3170188387650512141, 0.3333333333333333703, 0.3170188387650512141, 0.3333333333333333703, 0.3170188387650512141, 0.3333333333333333703, 0.3170188387650512141, 0.3333333333333333703, 0.3170188387650512141, 0.3333333333333333703, 0.3170188387650512141, 0.3333333333333333703, 0.3170188387650512141, 0.3333333333333333703, 0.3170188387650512141, 0.3333333333333333703, 0.3170188387650512141, 0.3333333333333333703, 0.3170188387650512141, 0.3333333333333333703, 0.3170188387650512141, 0.3333333333333333703, 0.3170188387650512141, 0.3333333333333333703, 0.3170188387650512141, 0.3333333333333333703, 0.3170188387650512141, 0.3333333333333333703, 0.3170188387650512141, 0.3333333333333333703, 0.3170188387650512141, 0.3333333333333333703, 0.3170188387650512141, 0.3333333333333333703, 0.3170188387650512141, 0.3333333333333333703, 0.3170188387650512141, 0.3333333333333333703, 0.3170188387650512141, 0.3333333333333333703),
 ( 0.3333333333333333703, 0.3170188387650512141, 0.3333333333333333703, 0.3170188387650512141, 0.3333333333333333703, 0.3170188387650512141, 0.3333333333333333703, 0.3170188387650512141, 0.3333333333333333703, 0.3170188387650512141, 0.3333333333333333703, 0.3170188387650512141, 0.3333333333333333703, 0.3170188387650512141, 0.3333333333333333703, 0.3170188387650512141, 0.3333333333333333703, 0.3170188387650512141, 0.3333333333333333703, 0.3170188387650512141, 0.3333333333333333703, 0.3170188387650512141, 0.3333333333333333703, 0.3170188387650512141, 0.3333333333333333703, 0.3170188387650512141, 0.3333333333333333703, 0.3170188387650512141, 0.3333333333333333703, 0.3170188387650512141, 0.3333333333333333703, 0.3170188387650512141, 0.3333333333333333703, 0.3170188387650512141, 0.3333333333333333703, 0.3170188387650512141, 0.3333333333333333703, 0.3170188387650512141, 0.3333333333333333703, 0.3170188387650512141, 0.3333333333333333703, 0.3170188387650512141, 0.3333333333333333703, 0.3170188387650512141, 0.3333333333333333703, 0.3170188387650512141, 0.3333333333333333703, 0.3170188387650512141, 0.3333333333333333703, 0.3170188387650512141, 0.3333333333333333703, 0.3170188387650512141, 0.3333333333333333703, 0.3170188387650512141, 0.3333333333333333703, 0.3170188387650512141, 0.3333333333333333703, 0.3170188387650512141, 0.3333333333333333703, 0.3170188387650512141, 0.3333333333333333703, 0.3170188387650512141, 0.3333333333333333703, 0.3170188387650512141, 0.3333333333333333703, 0.3170188387650512141, 0.3333333333333333703, 0.3170188387650512141, 0.3333333333333333703, 0.3170188387650512141, 0.3333333333333333703, 0.3170188387650512141, 0.3333333333333333703, 0.3170188387650512141, 0.3333333333333333703, 0.3170188387650512141, 0.3333333333333333703, 0.3170188387650512141, 0.3333333333333333703, 0.3170188387650512141, 0.3333333333333333703, 0.3170188387650512141, 0.3333333333333333703, 0.3170188387650512141, 0.3333333333333333703, 0.3170188387650512141, 0.3333333333333333703, 0.3170188387650512141, 0.3333333333333333703, 0.3170188387650512141, 0.3333333333333333703, 0.3170188387650512141, 0.3333333333333333703, 0.3170188387650512141, 0.3333333333333333703, 0.3170188387650512141, 0.3333333333333333703, 0.3170188387650512141, 0.3333333333333333703, 0.3170188387650512141, 0.3333333333333333703, 0.3170188387650512141, 0.3333333333333333703, 0.3170188387650512141, 0.3333333333333333703, 0.3170188387650512141, 0.3333333333333333703, 0.3170188387650512141, 0.3333333333333333703, 0.3170188387650512141, 0.3333333333333333703, 0.3170188387650512141, 0.3333333333333333703, 0.3170188387650512141, 0.3333333333333333703, 0.3170188387650512141, 0.3333333333333333703, 0.3170188387650512141, 0.3333333333333333703, 0.3170188387650512141, 0.3333333333333333703),
 ( 1.000000000000000000, 0.9510565162951535312, 1.000000000000000000, 0.9510565162951535312, 1.000000000000000000, 0.9510565162951535312, 1.000000000000000000, 0.9510565162951535312, 1.000000000000000000, 0.9510565162951535312, 1.000000000000000000, 0.9510565162951535312, 1.000000000000000000, 0.9510565162951535312, 1.000000000000000000, 0.9510565162951535312, 1.000000000000000000, 0.9510565162951535312, 1.000000000000000000, 0.9510565162951535312, 1.000000000000000000, 0.9510565162951535312, 1.000000000000000000, 0.9510565162951535312, 1.000000000000000000, 0.9510565162951535312, 1.000000000000000000, 0.9510565162951535312, 1.000000000000000000, 0.9510565162951535312, 1.000000000000000000, 0.9510565162951535312, 1.000000000000000000, 0.9510565162951535312, 1.000000000000000000, 0.9510565162951535312, 1.000000000000000000, 0.9510565162951535312, 1.000000000000000000, 0.9510565162951535312, 1.000000000000000000, 0.9510565162951535312, 1.000000000000000000, 0.9510565162951535312, 1.000000000000000000, 0.9510565162951535312, 1.000000000000000000, 0.9510565162951535312, 1.000000000000000000, 0.9510565162951535312, 1.000000000000000000, 0.9510565162951535312, 1.000000000000000000, 0.9510565162951535312, 1.000000000000000000, 0.9510565162951535312, 1.000000000000000000, 0.9510565162951535312, 1.000000000000000000, 0.9510565162951535312, 1.000000000000000000, 0.9510565162951535312, 1.000000000000000000, 0.9510565162951535312, 1.000000000000000000, 0.9510565162951535312, 1.000000000000000000, 0.9510565162951535312, 1.000000000000000000, 0.9510565162951535312, 1.000000000000000000, 0.9510565162951535312, 1.000000000000000000, 0.9510565162951535312, 1.000000000000000000, 0.9510565162951535312, 1.000000000000000000, 0.9510565162951535312, 1.000000000000000000, 0.9510565162951535312, 1.000000000000000000, 0.9510565162951535312, 1.000000000000000000, 0.9510565162951535312, 1.000000000000000000, 0.9510565162951535312, 1.000000000000000000, 0.9510565162951535312, 1.000000000000000000, 0.9510565162951535312, 1.000000000000000000, 0.9510565162951535312, 1.000000000000000000, 0.9510565162951535312, 1.000000000000000000, 0.9510565162951535312, 1.000000000000000000, 0.9510565162951535312, 1.000000000000000000, 0.9510565162951535312, 1.000000000000000000, 0.9510565162951535312, 1.000000000000000000, 0.9510565162951535312, 1.000000000000000000, 0.9510565162951535312, 1.000000000000000000, 0.9510565162951535312, 1.000000000000000000, 0.9510565162951535312, 1.000000000000000000, 0.9510565162951535312, 1.000000000000000000, 0.9510565162951535312, 1.000000000000000000, 0.9510565162951535312, 1.000000000000000000, 0.9510565162951535312, 1.000000000000000000, 0.9510565162951535312, 1.000000000000000000),
 ( 0.3333333333333333703, 0.3170188387650512141, 0.3333333333333333703, 0.3170188387650512141, 0.3333333333333333703, 0.3170188387650512141, 0.3333333333333333703, 0.3170188387650512141, 0.3333333333333333703, 0.3170188387650512141, 0.3333333333333333703, 0.3170188387650512141, 0.3333333333333333703, 0.3170188387650512141, 0.3333333333333333703, 0.3170188387650512141, 0.3333333333333333703, 0.3170188387650512141, 0.3333333333333333703, 0.3170188387650512141, 0.3333333333333333703, 0.3170188387650512141, 0.3333333333333333703, 0.3170188387650512141, 0.3333333333333333703, 0.3170188387650512141, 0.3333333333333333703, 0.3170188387650512141, 0.3333333333333333703, 0.3170188387650512141, 0.3333333333333333703, 0.3170188387650512141, 0.3333333333333333703, 0.3170188387650512141, 0.3333333333333333703, 0.3170188387650512141, 0.3333333333333333703, 0.3170188387650512141, 0.3333333333333333703, 0.3170188387650512141, 0.3333333333333333703, 0.3170188387650512141, 0.3333333333333333703, 0.3170188387650512141, 0.3333333333333333703, 0.3170188387650512141, 0.3333333333333333703, 0.3170188387650512141, 0.3333333333333333703, 0.3170188387650512141, 0.3333333333333333703, 0.3170188387650512141, 0.3333333333333333703, 0.3170188387650512141, 0.3333333333333333703, 0.3170188387650512141, 0.3333333333333333703, 0.3170188387650512141, 0.3333333333333333703, 0.3170188387650512141, 0.3333333333333333703, 0.3170188387650512141, 0.3333333333333333703, 0.3170188387650512141, 0.3333333333333333703, 0.3170188387650512141, 0.3333333333333333703, 0.3170188387650512141, 0.3333333333333333703, 0.3170188387650512141, 0.3333333333333333703, 0.3170188387650512141, 0.3333333333333333703, 0.3170188387650512141, 0.3333333333333333703, 0.3170188387650512141, 0.3333333333333333703, 0.3170188387650512141, 0.3333333333333333703, 0.3170188387650512141, 0.3333333333333333703, 0.3170188387650512141, 0.3333333333333333703, 0.3170188387650512141, 0.3333333333333333703, 0.3170188387650512141, 0.3333333333333333703, 0.3170188387650512141, 0.3333333333333333703, 0.3170188387650512141, 0.3333333333333333703, 0.3170188387650512141, 0.3333333333333333703, 0.3170188387650512141, 0.3333333333333333703, 0.3170188387650512141, 0.3333333333333333703, 0.3170188387650512141, 0.3333333333333333703, 0.3170188387650512141, 0.3333333333333333703, 0.3170188387650512141, 0.3333333333333333703, 0.3170188387650512141, 0.3333333333333333703, 0.3170188387650512141, 0.3333333333333333703, 0.3170188387650512141, 0.3333333333333333703, 0.3170188387650512141, 0.3333333333333333703, 0.3170188387650512141, 0.3333333333333333703, 0.3170188387650512141, 0.3333333333333333703, 0.3170188387650512141, 0.3333333333333333703, 0.3170188387650512141, 0.3333333333333333703, 0.3170188387650512141, 0.3333333333333333703),
 ( 0.3333333333333333703, 0.3170188387650512141, 0.3333333333333333703, 0.3170188387650512141, 0.3333333333333333703, 0.3170188387650512141, 0.3333333333333333703, 0.3170188387650512141, 0.3333333333333333703, 0.3170188387650512141, 0.3333333333333333703, 0.3170188387650512141, 0.3333333333333333703, 0.3170188387650512141, 0.3333333333333333703, 0.3170188387650512141, 0.3333333333333333703, 0.3170188387650512141, 0.3333333333333333703, 0.3170188387650512141, 0.3333333333333333703, 0.3170188387650512141, 0.3333333333333333703, 0.3170188387650512141, 0.3333333333333333703, 0.3170188387650512141, 0.3333333333333333703, 0.3170188387650512141, 0.3333333333333333703, 0.3170188387650512141, 0.3333333333333333703, 0.3170188387650512141, 0.3333333333333333703, 0.3170188387650512141, 0.3333333333333333703, 0.3170188387650512141, 0.3333333333333333703, 0.3170188387650512141, 0.3333333333333333703, 0.3170188387650512141, 0.3333333333333333703, 0.3170188387650512141, 0.3333333333333333703, 0.3170188387650512141, 0.3333333333333333703, 0.3170188387650512141, 0.3333333333333333703, 0.3170188387650512141, 0.3333333333333333703, 0.3170188387650512141, 0.3333333333333333703, 0.3170188387650512141, 0.3333333333333333703, 0.3170188387650512141, 0.3333333333333333703, 0.3170188387650512141, 0.3333333333333333703, 0.3170188387650512141, 0.3333333333333333703, 0.3170188387650512141, 0.3333333333333333703, 0.3170188387650512141, 0.3333333333333333703, 0.3170188387650512141, 0.3333333333333333703, 0.3170188387650512141, 0.3333333333333333703, 0.3170188387650512141, 0.3333333333333333703, 0.3170188387650512141, 0.3333333333333333703, 0.3170188387650512141, 0.3333333333333333703, 0.3170188387650512141, 0.3333333333333333703, 0.3170188387650512141, 0.3333333333333333703, 0.3170188387650512141, 0.3333333333333333703, 0.3170188387650512141, 0.3333333333333333703, 0.3170188387650512141, 0.3333333333333333703, 0.3170188387650512141, 0.3333333333333333703, 0.3170188387650512141, 0.3333333333333333703, 0.3170188387650512141, 0.3333333333333333703, 0.3170188387650512141, 0.3333333333333333703, 0.3170188387650512141, 0.3333333333333333703, 0.3170188387650512141, 0.3333333333333333703, 0.3170188387650512141, 0.3333333333333333703, 0.3170188387650512141, 0.3333333333333333703, 0.3170188387650512141, 0.3333333333333333703, 0.3170188387650512141, 0.3333333333333333703, 0.3170188387650512141, 0.3333333333333333703, 0.3170188387650512141, 0.3333333333333333703, 0.3170188387650512141, 0.3333333333333333703, 0.3170188387650512141, 0.3333333333333333703, 0.3170188387650512141, 0.3333333333333333703, 0.3170188387650512141, 0.3333333333333333703, 0.3170188387650512141, 0.3333333333333333703, 0.3170188387650512141, 0.3333333333333333703, 0.3170188387650512141, 0.3333333333333333703),
 ( 1.000000000000000000, 0.9510565162951535312, 1.000000000000000000, 0.9510565162951535312, 1.000000000000000000, 0.9510565162951535312, 1.000000000000000000, 0.9510565162951535312, 1.000000000000000000, 0.9510565162951535312, 1.000000000000000000, 0.9510565162951535312, 1.000000000000000000, 0.9510565162951535312, 1.000000000000000000, 0.9510565162951535312, 1.000000000000000000, 0.9510565162951535312, 1.000000000000000000, 0.9510565162951535312, 1.000000000000000000, 0.9510565162951535312, 1.000000000000000000, 0.9510565162951535312, 1.000000000000000000, 0.9510565162951535312, 1.000000000000000000, 0.9510565162951535312, 1.000000000000000000, 0.9510565162951535312, 1.000000000000000000, 0.9510565162951535312, 1.000000000000000000, 0.9510565162951535312, 1.000000000000000000, 0.9510565162951535312, 1.000000000000000000, 0.9510565162951535312, 1.000000000000000000, 0.9510565162951535312, 1.000000000000000000, 0.9510565162951535312, 1.000000000000000000, 0.9510565162951535312, 1.000000000000000000, 0.9510565162951535312, 1.000000000000000000, 0.9510565162951535312, 1.000000000000000000, 0.9510565162951535312, 1.000000000000000000, 0.9510565162951535312, 1.000000000000000000, 0.9510565162951535312, 1.000000000000000000, 0.9510565162951535312, 1.000000000000000000, 0.9510565162951535312, 1.000000000000000000, 0.9510565162951535312, 1.000000000000000000, 0.9510565162951535312, 1.000000000000000000, 0.9510565162951535312, 1.000000000000000000, 0.9510565162951535312, 1.000000000000000000, 0.9510565162951535312, 1.000000000000000000, 0.9510565162951535312, 1.000000000000000000, 0.9510565162951535312, 1.000000000000000000, 0.9510565162951535312, 1.000000000000000000, 0.9510565162951535312, 1.000000000000000000, 0.9510565162951535312, 1.000000000000000000, 0.9510565162951535312, 1.000000000000000000, 0.9510565162951535312, 1.000000000000000000, 0.9510565162951535312, 1.000000000000000000, 0.9510565162951535312, 1.000000000000000000, 0.9510565162951535312, 1.000000000000000000, 0.9510565162951535312, 1.000000000000000000, 0.9510565162951535312, 1.000000000000000000, 0.9510565162951535312, 1.000000000000000000, 0.9510565162951535312, 1.000000000000000000, 0.9510565162951535312, 1.000000000000000000, 0.9510565162951535312, 1.000000000000000000, 0.9510565162951535312, 1.000000000000000000, 0.9510565162951535312, 1.000000000000000000, 0.9510565162951535312, 1.000000000000000000, 0.9510565162951535312, 1.000000000000000000, 0.9510565162951535312, 1.000000000000000000, 0.9510565162951535312, 1.000000000000000000, 0.9510565162951535312, 1.000000000000000000, 0.9510565162951535312, 1.000000000000000000, 0.9510565162951535312, 1.000000000000000000, 0.9510565162951535312, 1.000000000000000000) ) ) 
 REPRESENTATION_ITEM ( '' )  SURFACE ( )  );
#2442 = CARTESIAN_POINT ( 'NONE',  ( -3.534020185992324148, -24.09999999999996589, 3.892302859490740286 ) ) ;
#2443 = DIRECTION ( 'NONE',  ( 0.000000000000000000, 0.000000000000000000, 1.000000000000000000 ) ) ;
#2444 = VERTEX_POINT ( 'NONE', #7085 ) ;
#2445 = CARTESIAN_POINT ( 'NONE',  ( 1.806316316930254740, -30.59999999999997300, -4.012134265349632578 ) ) ;
#2446 = AXIS2_PLACEMENT_3D ( 'NONE', #6182, #3865, #3410 ) ;
#2447 = VECTOR ( 'NONE', #1423, 1000.000000000000000 ) ;
#2448 = CARTESIAN_POINT ( 'NONE',  ( -0.8969327537763892577, -25.39999999999997371, -4.307610896448784921 ) ) ;
#2449 = DIRECTION ( 'NONE',  ( 0.000000000000000000, 1.000000000000000000, 0.000000000000000000 ) ) ;
#2450 = ORIENTED_EDGE ( 'NONE', *, *, #3795, .F. ) ;
#2451 = CARTESIAN_POINT ( 'NONE',  ( 4.448360104602019582, -42.00000000000004974, 0.1207989229470977505 ) ) ;
#2452 = CARTESIAN_POINT ( 'NONE',  ( 0.8999348706441064882, -35.31924722269638295, 1.786089928837741203 ) ) ;
#2453 = ADVANCED_FACE ( 'NONE', ( #5951 ), #2441, .F. ) ;
#2454 = CARTESIAN_POINT ( 'NONE',  ( 4.793872293848802535, -32.09999999999997300, 2.158265195769588196 ) ) ;
#2455 = VERTEX_POINT ( 'NONE', #5307 ) ;
#2456 = FACE_OUTER_BOUND ( 'NONE', #888, .T. ) ;
#2457 = FACE_OUTER_BOUND ( 'NONE', #6837, .T. ) ;
#2458 = DIRECTION ( 'NONE',  ( -1.883233150365978123E-16, 1.000000000000000000, 2.719624996528670136E-16 ) ) ;
#2459 = CARTESIAN_POINT ( 'NONE',  ( 16.75000000000363798, 0.000000000000000000, -25.25000000004300915 ) ) ;
#2460 = CARTESIAN_POINT ( 'NONE',  ( 4.529290134332889295, -27.49999999999997868, -0.9430909082780156716 ) ) ;
#2461 = CARTESIAN_POINT ( 'NONE',  ( -0.8499999999999927613, -41.30000000000006111, -3.575349633252697945 ) ) ;
#2462 = CARTESIAN_POINT ( 'NONE',  ( 5.997788905081364419, -2.077341958608788008, 0.1628749522882424194 ) ) ;
#2463 = DIRECTION ( 'NONE',  ( -0.7071067811865475727, 0.000000000000000000, -0.7071067811865475727 ) ) ;
#2464 = EDGE_LOOP ( 'NONE', ( #1262, #1118 ) ) ;
#2465 = CARTESIAN_POINT ( 'NONE',  ( 0.5712441706673430097, -23.29999999999997229, -5.226184107212652918 ) ) ;
#2466 = DIRECTION ( 'NONE',  ( -1.883233150365925861E-16, 1.000000000000000000, 2.719624996528607520E-16 ) ) ;
#2467 = CARTESIAN_POINT ( 'NONE',  ( -0.8969327537763892577, -25.39999999999997371, -4.307610896448784921 ) ) ;
#2468 = CARTESIAN_POINT ( 'NONE',  ( 7.530142788065678365E-15, -38.20000000000005258, -2.740232069649055721E-14 ) ) ;
#2469 = CARTESIAN_POINT ( 'NONE',  ( -17.50000000000000000, 0.000000000000000000, -31.00000000000000000 ) ) ;
#2470 = CARTESIAN_POINT ( 'NONE',  ( 2.052632178329834467, -33.19999999999998153, -4.559243483351837156 ) ) ;
#2471 = DATE_TIME_ROLE ( 'creation_date' ) ;
#2472 = DIRECTION ( 'NONE',  ( 0.9996314841802270701, 2.168404344971008621E-16, 0.02714582538137666479 ) ) ;
#2473 = VERTEX_POINT ( 'NONE', #7019 ) ;
#2474 = CARTESIAN_POINT ( 'NONE',  ( -3.534020185992324148, -26.09999999999996945, 3.892302859490740286 ) ) ;
#2475 = CYLINDRICAL_SURFACE ( 'NONE', #6875, 1.649999999999998579 ) ;
#2476 = ORIENTED_EDGE ( 'NONE', *, *, #3305, .F. ) ;
#2477 = EDGE_CURVE ( 'NONE', #4920, #2777, #4235, .T. ) ;
#2478 = CARTESIAN_POINT ( 'NONE',  ( 1.923974180911509480E-17, -33.99999999999998579, 7.799999999999912781 ) ) ;
#2479 = DIRECTION ( 'NONE',  ( -0.000000000000000000, -1.000000000000000000, -0.000000000000000000 ) ) ;
#2480 = EDGE_CURVE ( 'NONE', #742, #1346, #3002, .T. ) ;
#2481 = ORIENTED_EDGE ( 'NONE', *, *, #2361, .T. ) ;
#2482 = DIRECTION ( 'NONE',  ( -0.02714582538137666826, -2.769744689945855113E-16, 0.9996314841802272921 ) ) ;
#2483 = CARTESIAN_POINT ( 'NONE',  ( 16.75000000000363798, 104.0000000000000142, -25.25000000004300915 ) ) ;
#2484 = VERTEX_POINT ( 'NONE', #5783 ) ;
#2485 = CARTESIAN_POINT ( 'NONE',  ( 0.5712441706673430097, -32.69999999999997442, -5.226184107212654695 ) ) ;
#2486 = ORIENTED_EDGE ( 'NONE', *, *, #5895, .F. ) ;
#2487 = DIRECTION ( 'NONE',  ( 0.000000000000000000, -0.000000000000000000, -1.000000000000000000 ) ) ;
#2488 = CARTESIAN_POINT ( 'NONE',  ( 7.530142788065678365E-15, -38.20000000000005258, -2.740232069649055721E-14 ) ) ;
#2489 = EDGE_CURVE ( 'NONE', #5518, #347, #1016, .T. ) ;
#2490 = CARTESIAN_POINT ( 'NONE',  ( -3.819613949003068498, -21.99999999999997868, 2.184158712314787198 ) ) ;
#2491 = DIRECTION ( 'NONE',  ( 0.000000000000000000, 0.000000000000000000, -1.000000000000000000 ) ) ;
#2492 = CARTESIAN_POINT ( 'NONE',  ( -4.207955520848806544E-29, 4.500000000000009770, -3.712967514326848460E-14 ) ) ;
#2493 = CARTESIAN_POINT ( 'NONE',  ( 6.781000381201733873, 107.0000000000000000, -2.510795465376894242 ) ) ;
#2494 = DIRECTION ( 'NONE',  ( 0.9996314841802270701, 2.168404344971008621E-16, 0.02714582538137666479 ) ) ;
#2495 = TOROIDAL_SURFACE ( 'NONE', #1913, 6.299999999999999822, 0.5000000000000008882 ) ;
#2496 = ORIENTED_EDGE ( 'NONE', *, *, #7074, .F. ) ;
#2497 = CARTESIAN_POINT ( 'NONE',  ( 2.052632178329834467, -25.19999999999997442, -4.559243483351837156 ) ) ;
#2498 = CARTESIAN_POINT ( 'NONE',  ( 0.8500000000000068612, -42.00000000000005684, -8.991389646815644454 ) ) ;
#2499 = CARTESIAN_POINT ( 'NONE',  ( -3.109937763673246813, -30.09999999999997655, 3.425226516351835393 ) ) ;
#2500 = CARTESIAN_POINT ( 'NONE',  ( 4.373948876459917479, -24.79999999999997584, 0.4780912319996028503 ) ) ;
#2501 = CARTESIAN_POINT ( 'NONE',  ( -16.75000000000000711, 104.0000000000000142, -26.95000000000000284 ) ) ;
#2502 = CARTESIAN_POINT ( 'NONE',  ( 1.948328284467469830E-17, -33.79999999999997584, 7.999999999999925393 ) ) ;
#2503 = PRODUCT ( 'E350-DSF0045', 'E350-DSF0045', '', ( #3024 ) ) ;
#2504 = CARTESIAN_POINT ( 'NONE',  ( -0.8969327537763891467, -25.99999999999997513, -4.307610896448784921 ) ) ;
#2505 = EDGE_CURVE ( 'NONE', #614, #3856, #4712, .T. ) ;
#2506 = PERSON_AND_ORGANIZATION ( #960, #2371 ) ;
#2507 = DIRECTION ( 'NONE',  ( -0.000000000000000000, 1.000000000000000000, -0.000000000000000000 ) ) ;
#2508 = ORIENTED_EDGE ( 'NONE', *, *, #6993, .F. ) ;
#2509 = CARTESIAN_POINT ( 'NONE',  ( 2.052632178329834023, -33.79999999999996874, -4.559243483351834492 ) ) ;
#2510 = DIRECTION ( 'NONE',  ( -0.9996314841802272921, 0.000000000000000000, -0.02714582538137674458 ) ) ;
#2511 = ORIENTED_EDGE ( 'NONE', *, *, #2480, .T. ) ;
#2512 = FACE_OUTER_BOUND ( 'NONE', #3507, .T. ) ;
#2513 = ADVANCED_FACE ( 'NONE', ( #4680 ), #226, .T. ) ;
#2514 = EDGE_LOOP ( 'NONE', ( #786, #601, #2756, #831 ) ) ;
#2515 = CARTESIAN_POINT ( 'NONE',  ( 0.8500000000000073053, -40.80000000000008242, 3.059105261345907323 ) ) ;
#2516 = LINE ( 'NONE', #281, #5702 ) ;
#2517 = ORIENTED_EDGE ( 'NONE', *, *, #5118, .T. ) ;
#2518 = CARTESIAN_POINT ( 'NONE',  ( -0.5712441706673425657, -29.69999999999997797, 5.226184107212376695 ) ) ;
#2519 = EDGE_LOOP ( 'NONE', ( #6461, #3457 ) ) ;
#2520 = CARTESIAN_POINT ( 'NONE',  ( -2.609727701977318404, -30.09999999999997655, -4.563840657443636317 ) ) ;
#2521 = DIRECTION ( 'NONE',  ( 0.9996314841802272921, 0.000000000000000000, 0.02714582538137666826 ) ) ;
#2522 = AXIS2_PLACEMENT_3D ( 'NONE', #1403, #1904, #5377 ) ;
#2523 = CARTESIAN_POINT ( 'NONE',  ( -17.50000000000000000, 0.000000000000000000, -31.00000000000000000 ) ) ;
#2524 = ADVANCED_FACE ( 'NONE', ( #6920 ), #3927, .F. ) ;
#2525 = CARTESIAN_POINT ( 'NONE',  ( 3.819613949003068054, -27.59999999999997300, -2.184158712315064310 ) ) ;
#2526 = CARTESIAN_POINT ( 'NONE',  ( -2.246069886083995826, -33.65170218625047482, -3.833497644488832901 ) ) ;
#2527 = LINE ( 'NONE', #1368, #2210 ) ;
#2528 = EDGE_CURVE ( 'NONE', #528, #1292, #2421, .T. ) ;
#2529 = DIRECTION ( 'NONE',  ( -1.883233150365978123E-16, 1.000000000000000000, 2.719624996528670136E-16 ) ) ;
#2530 = ORIENTED_EDGE ( 'NONE', *, *, #2169, .F. ) ;
#2531 = CARTESIAN_POINT ( 'NONE',  ( 17.50000000000000000, 98.00000000000000000, 31.00000000000000000 ) ) ;
#2532 = CIRCLE ( 'NONE', #2174, 0.5000000000000012212 ) ;
#2533 = LOCAL_TIME ( 18, 51, 8.000000000000000000, #5796 ) ;
#2534 = CARTESIAN_POINT ( 'NONE',  ( 4.970396450522633458, -32.79999999999997584, 0.5432854909086584083 ) ) ;
#2535 = EDGE_CURVE ( 'NONE', #6820, #1418, #901, .T. ) ;
#2536 = CYLINDRICAL_SURFACE ( 'NONE', #6170, 1.649999999999998579 ) ;
#2537 = CARTESIAN_POINT ( 'NONE',  ( -4.793872293848801647, -23.09999999999997300, -2.158265195769866640 ) ) ;
#2538 = AXIS2_PLACEMENT_3D ( 'NONE', #667, #5249, #1265 ) ;
#2539 = AXIS2_PLACEMENT_3D ( 'NONE', #150, #6847, #1838 ) ;
#2540 = CIRCLE ( 'NONE', #2430, 6.000000000000000888 ) ;
#2541 = CARTESIAN_POINT ( 'NONE',  ( 7.410578063764969782E-15, -42.00000000000005684, -2.840371640997498901E-14 ) ) ;
#2542 = AXIS2_PLACEMENT_3D ( 'NONE', #2920, #5144, #1859 ) ;
#2543 = FACE_OUTER_BOUND ( 'NONE', #458, .T. ) ;
#2544 = VERTEX_POINT ( 'NONE', #869 ) ;
#2545 = AXIS2_PLACEMENT_3D ( 'NONE', #1426, #5299, #5186 ) ;
#2546 = AXIS2_PLACEMENT_3D ( 'NONE', #537, #5004, #7250 ) ;
#2547 = CARTESIAN_POINT ( 'NONE',  ( -4.793872293848800759, -25.69999999999996732, -2.158265195769866640 ) ) ;
#2548 = DIRECTION ( 'NONE',  ( -0.000000000000000000, 1.000000000000000000, -0.000000000000000000 ) ) ;
#2549 = ORIENTED_EDGE ( 'NONE', *, *, #4316, .F. ) ;
#2550 = CARTESIAN_POINT ( 'NONE',  ( 0.8969327537763897018, -22.99999999999997158, 4.307610896448506921 ) ) ;
#2551 = CARTESIAN_POINT ( 'NONE',  ( -7.483700429779058514E-29, -25.69999999999998508, -6.654695907795513634E-14 ) ) ;
#2552 = AXIS2_PLACEMENT_3D ( 'NONE', #1420, #6970, #2443 ) ;
#2553 = EDGE_LOOP ( 'NONE', ( #3210, #1525, #3445, #5043 ) ) ;
#2554 = LINE ( 'NONE', #3512, #323 ) ;
#2555 = CARTESIAN_POINT ( 'NONE',  ( 0.7853374454414907557, -35.65493759774167160, 1.840029305445408880 ) ) ;
#2556 = CARTESIAN_POINT ( 'NONE',  ( 3.534020185992327256, -28.49999999999997868, -3.892302859491017397 ) ) ;
#2557 = ORIENTED_EDGE ( 'NONE', *, *, #2938, .T. ) ;
#2558 = AXIS2_PLACEMENT_3D ( 'NONE', #3626, #3522, #4206 ) ;
#2559 = CARTESIAN_POINT ( 'NONE',  ( 4.529290134332890183, -32.89999999999997016, -0.9430909082780154495 ) ) ;
#2560 = LINE ( 'NONE', #2523, #2986 ) ;
#2561 = CIRCLE ( 'NONE', #5829, 5.850000000000000533 ) ;
#2562 = CARTESIAN_POINT ( 'NONE',  ( 0.7018836776747869877, -39.20000000000005969, -1.873597911034888819 ) ) ;
#2563 = FACE_OUTER_BOUND ( 'NONE', #1702, .T. ) ;
#2564 = CARTESIAN_POINT ( 'NONE',  ( 1.910538378069135401, -33.50043890685720527, -4.276163273582586299 ) ) ;
#2565 = ADVANCED_FACE ( 'NONE', ( #1905 ), #4641, .T. ) ;
#2566 = LINE ( 'NONE', #6585, #1036 ) ;
#2567 = EDGE_CURVE ( 'NONE', #5860, #4332, #1432, .T. ) ;
#2568 = FACE_OUTER_BOUND ( 'NONE', #4934, .T. ) ;
#2569 = EDGE_LOOP ( 'NONE', ( #5746, #4803, #818, #385 ) ) ;
#2570 = B_SPLINE_CURVE_WITH_KNOTS ( 'NONE', 3,
 ( #1454, #3817, #5370, #3142 ),
 .UNSPECIFIED., .F., .F.,
 ( 4, 4 ),
 ( 0.006276116812311810685, 0.006419580497189709793 ),
 .UNSPECIFIED. ) ;
#2571 = EDGE_CURVE ( 'NONE', #1410, #6981, #2540, .T. ) ;
#2572 = CARTESIAN_POINT ( 'NONE',  ( -0.8969327537763892577, -23.39999999999997726, -4.307610896448784921 ) ) ;
#2573 = CARTESIAN_POINT ( 'NONE',  ( 4.970396450522633458, -28.79999999999997939, 0.5432854909086584083 ) ) ;
#2574 = DIRECTION ( 'NONE',  ( 0.02714582538137678969, 2.769744689945855113E-16, -0.9996314841802272921 ) ) ;
#2575 = CARTESIAN_POINT ( 'NONE',  ( 0.5026948701872618885, -32.69999999999997442, -4.599042014347152652 ) ) ;
#2576 = CARTESIAN_POINT ( 'NONE',  ( 4.793872293848802535, -22.09999999999997300, 2.158265195769588196 ) ) ;
#2577 = CARTESIAN_POINT ( 'NONE',  ( -0.1189195395771703162, -36.10000000000005826, 1.999999999999972689 ) ) ;
#2578 = EDGE_LOOP ( 'NONE', ( #2921, #3207, #6719, #1370 ) ) ;
#2579 = CARTESIAN_POINT ( 'NONE',  ( -3.534020185992325924, -32.69999999999997442, 3.892302859490741618 ) ) ;
#2580 = CARTESIAN_POINT ( 'NONE',  ( 16.74999999999999289, 98.00000000000000000, 25.25000000000000000 ) ) ;
#2581 = VERTEX_POINT ( 'NONE', #3044 ) ;
#2582 = CYLINDRICAL_SURFACE ( 'NONE', #4497, 1.999999999999999112 ) ;
#2583 = EDGE_CURVE ( 'NONE', #6496, #1335, #1979, .T. ) ;
#2584 = EDGE_CURVE ( 'NONE', #3816, #1003, #373, .T. ) ;
#2585 = ORIENTED_EDGE ( 'NONE', *, *, #5875, .F. ) ;
#2586 = CARTESIAN_POINT ( 'NONE',  ( -3.257583998163493089, -33.59999999999998010, -2.957726575413957892 ) ) ;
#2587 = DIRECTION ( 'NONE',  ( -1.883233150365978123E-16, 1.000000000000000000, 2.719624996528670136E-16 ) ) ;
#2588 = VERTEX_POINT ( 'NONE', #259 ) ;
#2589 = CARTESIAN_POINT ( 'NONE',  ( -3.534020185992325924, -27.49999999999997868, 3.892302859490741618 ) ) ;
#2590 = ORIENTED_EDGE ( 'NONE', *, *, #837, .T. ) ;
#2591 = CARTESIAN_POINT ( 'NONE',  ( 1.806316316930254517, -29.19999999999997442, -4.012134265349633466 ) ) ;
#2592 = CARTESIAN_POINT ( 'NONE',  ( -0.8969327537763892577, -33.39999999999997726, -4.307610896448784921 ) ) ;
#2593 = CARTESIAN_POINT ( 'NONE',  ( -16.75000000000000711, 104.0000000000000142, 22.00000000000000355 ) ) ;
#2594 = CARTESIAN_POINT ( 'NONE',  ( -0.4335543223274755942, -22.05316751791526997, 4.845355035370136676 ) ) ;
#2595 = DIRECTION ( 'NONE',  ( 0.000000000000000000, 0.000000000000000000, -1.000000000000000000 ) ) ;
#2596 = CARTESIAN_POINT ( 'NONE',  ( -1.017848569491216271, -33.60052177268295281, -4.832054361690099498 ) ) ;
#2597 = DIRECTION ( 'NONE',  ( 0.9940792901045264474, 0.000000000000000000, 0.1086570981817595871 ) ) ;
#2598 = CARTESIAN_POINT ( 'NONE',  ( 0.8500000000000075273, -41.30000000000006111, 3.575349633252641546 ) ) ;
#2599 = CARTESIAN_POINT ( 'NONE',  ( 4.373948876459917479, -33.39999999999997726, 0.4780912319996027948 ) ) ;
#2600 = ORIENTED_EDGE ( 'NONE', *, *, #5888, .T. ) ;
#2601 = EDGE_CURVE ( 'NONE', #2701, #6123, #6951, .T. ) ;
#2602 = EDGE_CURVE ( 'NONE', #1131, #1155, #2425, .T. ) ;
#2603 = DIRECTION ( 'NONE',  ( -1.883233150365925861E-16, 1.000000000000000000, 2.719624996528607520E-16 ) ) ;
#2604 = CARTESIAN_POINT ( 'NONE',  ( -2.609727701977318848, -25.49999999999997158, -4.563840657443635429 ) ) ;
#2605 = FACE_OUTER_BOUND ( 'NONE', #4893, .T. ) ;
#2606 = CARTESIAN_POINT ( 'NONE',  ( -0.8969327537763891467, -22.79999999999997584, -4.307610896448784921 ) ) ;
#2607 = CARTESIAN_POINT ( 'NONE',  ( 5.146920607196465269, -32.89999999999997016, -1.071694213952270935 ) ) ;
#2608 = AXIS2_PLACEMENT_3D ( 'NONE', #3989, #4576, #1807 ) ;
#2609 = LINE ( 'NONE', #6940, #2181 ) ;
#2610 = CARTESIAN_POINT ( 'NONE',  ( -4.218607618586945662, -26.29999999999997229, -1.899273372277499039 ) ) ;
#2611 = CARTESIAN_POINT ( 'NONE',  ( 12.52078873619544908, 104.0000000000000284, 2.136160751651459133 ) ) ;
#2612 = EDGE_LOOP ( 'NONE', ( #6569, #7006, #1324, #1532, #1986, #317, #1374, #422, #5564, #4882, #3708, #2995, #6674, #5215, #7103, #2863, #4700, #6775 ) ) ;
#2613 = CARTESIAN_POINT ( 'NONE',  ( 0.5712441706673430097, -31.89999999999997371, -5.226184107212654695 ) ) ;
#2614 = CARTESIAN_POINT ( 'NONE',  ( 0.8500000000000074163, -41.06438297153609085, 3.117297794699270153 ) ) ;
#2615 = ADVANCED_FACE ( 'NONE', ( #6579 ), #4311, .T. ) ;
#2616 = EDGE_CURVE ( 'NONE', #1155, #1131, #199, .T. ) ;
#2617 = CIRCLE ( 'NONE', #4138, 12.00000000000000000 ) ;
#2618 = CARTESIAN_POINT ( 'NONE',  ( -7.483700429779058514E-29, -25.69999999999998508, -6.654695907795513634E-14 ) ) ;
#2619 = CARTESIAN_POINT ( 'NONE',  ( 3.257583998163493533, -33.19999999999997442, 2.957726575413679893 ) ) ;
#2620 = CARTESIAN_POINT ( 'NONE',  ( 7.184590085721058551E-15, -40.80000000000006111, -2.807736141039155475E-14 ) ) ;
#2621 = ORIENTED_EDGE ( 'NONE', *, *, #4449, .F. ) ;
#2622 = CARTESIAN_POINT ( 'NONE',  ( 4.970396450522633458, -24.19999999999997442, 0.5432854909086584083 ) ) ;
#2623 = VERTEX_POINT ( 'NONE', #6024 ) ;
#2624 = CARTESIAN_POINT ( 'NONE',  ( -4.970396450522633458, -30.39999999999997371, -0.5432854909089367412 ) ) ;
#2625 = EDGE_CURVE ( 'NONE', #6019, #5259, #2191, .T. ) ;
#2626 = CARTESIAN_POINT ( 'NONE',  ( -16.75000000000000711, 3.851859888774471706E-31, -25.25000000000000000 ) ) ;
#2627 = CARTESIAN_POINT ( 'NONE',  ( -3.819613949003068498, -24.59999999999997300, 2.184158712314787198 ) ) ;
#2628 = CARTESIAN_POINT ( 'NONE',  ( 0.7195639313329434961, -35.75311540134117649, -1.868112735427111870 ) ) ;
#2629 = AXIS2_PLACEMENT_3D ( 'NONE', #3035, #5261, #4443 ) ;
#2630 = PLANE ( 'NONE',  #1853 ) ;
#2631 = CARTESIAN_POINT ( 'NONE',  ( 16.75000000000363798, 98.00000000000000000, -25.25000000004300915 ) ) ;
#2632 = CARTESIAN_POINT ( 'NONE',  ( -5.146920607196465269, -27.29999999999997584, 1.071694213951994712 ) ) ;
#2633 = CARTESIAN_POINT ( 'NONE',  ( -4.373948876459917479, -29.19999999999997797, -0.4780912319998809612 ) ) ;
#2634 = CARTESIAN_POINT ( 'NONE',  ( -3.339448806117401247, -33.68355770740667765, -3.763987974900972588 ) ) ;
#2635 = DIRECTION ( 'NONE',  ( 0.000000000000000000, 0.000000000000000000, 1.000000000000000000 ) ) ;
#2636 = CIRCLE ( 'NONE', #5679, 3.249999999999996003 ) ;
#2637 = CYLINDRICAL_SURFACE ( 'NONE', #4585, 4.299999999999999822 ) ;
#2638 = CARTESIAN_POINT ( 'NONE',  ( 3.819613949003068054, -31.59999999999997655, -2.184158712315064310 ) ) ;
#2639 = VERTEX_POINT ( 'NONE', #1613 ) ;
#2640 = FACE_BOUND ( 'NONE', #6069, .T. ) ;
#2641 = CARTESIAN_POINT ( 'NONE',  ( 4.970396450522633458, -24.79999999999997584, 0.5432854909086584083 ) ) ;
#2642 = DIRECTION ( 'NONE',  ( -0.000000000000000000, -1.000000000000000000, -0.000000000000000000 ) ) ;
#2643 = CARTESIAN_POINT ( 'NONE',  ( 0.5026948701872618885, -22.69999999999997442, -4.599042014347152652 ) ) ;
#2644 = CARTESIAN_POINT ( 'NONE',  ( -4.970396450522633458, -29.79999999999997584, -0.5432854909089366302 ) ) ;
#2645 = DIRECTION ( 'NONE',  ( -0.000000000000000000, 1.000000000000000000, -0.000000000000000000 ) ) ;
#2646 = VECTOR ( 'NONE', #1583, 1000.000000000000114 ) ;
#2647 = AXIS2_PLACEMENT_3D ( 'NONE', #5427, #4869, #4249 ) ;
#2648 = CARTESIAN_POINT ( 'NONE',  ( -0.7018836776747729989, -39.20000000000006679, 1.873597911034833086 ) ) ;
#2649 = VERTEX_POINT ( 'NONE', #2117 ) ;
#2650 = CARTESIAN_POINT ( 'NONE',  ( -3.534020185992325924, -30.69999999999997442, 3.892302859490741618 ) ) ;
#2652 = DIRECTION ( 'NONE',  ( 0.000000000000000000, 0.000000000000000000, 1.000000000000000000 ) ) ;
#2651 = CARTESIAN_POINT ( 'NONE',  ( -4.373948876459917479, -33.79999999999997584, -0.4780912319998809612 ) ) ;
#2653 = B_SPLINE_CURVE_WITH_KNOTS ( 'NONE', 3,
 ( #3477, #5040, #4491, #6293, #5151, #717 ),
 .UNSPECIFIED., .F., .F.,
 ( 4, 2, 4 ),
 ( 0.002936071443808577729, 0.003332892580958754687, 0.003729713718108931646 ),
 .UNSPECIFIED. ) ;
#2654 = EDGE_CURVE ( 'NONE', #6437, #6650, #6546, .T. ) ;
#2655 = CARTESIAN_POINT ( 'NONE',  ( -4.373948876459917479, -26.39999999999997371, -0.4780912319998809612 ) ) ;
#2656 = DIRECTION ( 'NONE',  ( -0.000000000000000000, 1.000000000000000000, -0.000000000000000000 ) ) ;
#2657 = VECTOR ( 'NONE', #6198, 1000.000000000000114 ) ;
#2658 = CIRCLE ( 'NONE', #6985, 9.500000000000003553 ) ;
#2659 = ORIENTED_EDGE ( 'NONE', *, *, #4657, .T. ) ;
#2660 = CARTESIAN_POINT ( 'NONE',  ( -3.109937763673246813, -32.09999999999996589, 3.425226516351835837 ) ) ;
#2661 = VECTOR ( 'NONE', #4595, 1000.000000000000000 ) ;
#2662 = DIRECTION ( 'NONE',  ( -1.883233150365978123E-16, 1.000000000000000000, 2.719624996528670136E-16 ) ) ;
#2663 = EDGE_LOOP ( 'NONE', ( #3141, #1005 ) ) ;
#2664 = CARTESIAN_POINT ( 'NONE',  ( -3.534020185992325924, -25.49999999999997158, 3.892302859490741618 ) ) ;
#2665 = VERTEX_POINT ( 'NONE', #475 ) ;
#2666 = CARTESIAN_POINT ( 'NONE',  ( 4.529290134332890183, -30.89999999999997371, -0.9430909082780154495 ) ) ;
#2667 = AXIS2_PLACEMENT_3D ( 'NONE', #2692, #5473, #1559 ) ;
#2668 = CARTESIAN_POINT ( 'NONE',  ( -2.296560377740040071, -33.49999999999997868, -4.016179778550416302 ) ) ;
#2669 = CARTESIAN_POINT ( 'NONE',  ( 16.74999999999999289, 3.851859888774471706E-31, 25.25000000000000000 ) ) ;
#2670 = ADVANCED_FACE ( 'NONE', ( #3827, #5413 ), #4378, .F. ) ;
#2671 = CARTESIAN_POINT ( 'NONE',  ( 0.9447007871182808714, -22.09942394642971308, 4.623599486814143233 ) ) ;
#2672 = AXIS2_PLACEMENT_3D ( 'NONE', #2209, #7, #6264 ) ;
#2673 = DIRECTION ( 'NONE',  ( -0.000000000000000000, 1.000000000000000000, -0.000000000000000000 ) ) ;
#2674 = VECTOR ( 'NONE', #3671, 1000.000000000000000 ) ;
#2675 = CARTESIAN_POINT ( 'NONE',  ( 3.534020185992327256, -26.49999999999997158, -3.892302859491017397 ) ) ;
#2676 = CARTESIAN_POINT ( 'NONE',  ( 3.819613949003068054, -32.39999999999997016, -2.184158712315064310 ) ) ;
#2677 = ORIENTED_EDGE ( 'NONE', *, *, #2616, .F. ) ;
#2678 = CARTESIAN_POINT ( 'NONE',  ( 1.537634814181145559, -33.51294446121176662, -4.349063899387481946 ) ) ;
#2679 = CYLINDRICAL_SURFACE ( 'NONE', #5484, 1.700000000000000178 ) ;
#2680 = AXIS2_PLACEMENT_3D ( 'NONE', #2305, #7211, #2781 ) ;
#2681 = FACE_BOUND ( 'NONE', #4474, .T. ) ;
#2682 = CARTESIAN_POINT ( 'NONE',  ( 4.529290134332889295, -31.49999999999997158, -0.9430909082780156716 ) ) ;
#2683 = EDGE_LOOP ( 'NONE', ( #6956, #5724, #6541, #691, #111, #5297, #4880, #6279, #2699, #2121, #5091, #6240, #5526, #5649, #5590, #562, #6397, #1048 ) ) ;
#2684 = CYLINDRICAL_SURFACE ( 'NONE', #5216, 1.700000000000000178 ) ;
#2685 = CARTESIAN_POINT ( 'NONE',  ( -1.019241765654987697, -25.39999999999997371, -4.895012382328145506 ) ) ;
#2686 = CARTESIAN_POINT ( 'NONE',  ( -0.6353825338738927631, -27.47945600793426379, 1.897713228903192606 ) ) ;
#2687 = CARTESIAN_POINT ( 'NONE',  ( 4.529290134332889295, -22.29999999999996874, -0.9430909082780156716 ) ) ;
#2688 = CARTESIAN_POINT ( 'NONE',  ( 0.6500000000000071276, -39.20000000000005969, 1.891428031937745224 ) ) ;
#2689 = CARTESIAN_POINT ( 'NONE',  ( -0.2389532901949178723, -34.32433111035970796, 1.988741009229077150 ) ) ;
#2690 = ORIENTED_EDGE ( 'NONE', *, *, #3564, .T. ) ;
#2691 = CARTESIAN_POINT ( 'NONE',  ( -5.146920607196465269, -30.49999999999997158, 1.071694213951994712 ) ) ;
#2692 = CARTESIAN_POINT ( 'NONE',  ( 16.74999999999999289, 104.0000000000000142, 25.25000000000000000 ) ) ;
#2693 = DIRECTION ( 'NONE',  ( -1.883233150365978123E-16, 1.000000000000000000, 2.719624996528670136E-16 ) ) ;
#2694 = VERTEX_POINT ( 'NONE', #507 ) ;
#2695 = CARTESIAN_POINT ( 'NONE',  ( 3.109937763673247257, -31.09999999999997655, -3.425226516352112505 ) ) ;
#2696 = DIRECTION ( 'NONE',  ( 0.000000000000000000, 0.000000000000000000, 1.000000000000000000 ) ) ;
#2697 = EDGE_CURVE ( 'NONE', #2391, #7200, #1136, .T. ) ;
#2698 = VECTOR ( 'NONE', #1780, 1000.000000000000000 ) ;
#2699 = ORIENTED_EDGE ( 'NONE', *, *, #6291, .T. ) ;
#2700 = CARTESIAN_POINT ( 'NONE',  ( 2.052632178329834023, -26.59999999999997300, -4.559243483351834492 ) ) ;
#2701 = VERTEX_POINT ( 'NONE', #2740 ) ;
#2702 = CARTESIAN_POINT ( 'NONE',  ( -4.218607618586946550, -25.69999999999996732, -1.899273372277498817 ) ) ;
#2703 = CARTESIAN_POINT ( 'NONE',  ( -4.529290134332889295, -22.49999999999997513, 0.9430909082777385599 ) ) ;
#2704 = EDGE_CURVE ( 'NONE', #2380, #4517, #5921, .T. ) ;
#2705 = CARTESIAN_POINT ( 'NONE',  ( -0.8499999999999925393, -40.29999999999623128, 3.575349633252220549 ) ) ;
#2706 = DIRECTION ( 'NONE',  ( 0.000000000000000000, -0.000000000000000000, 1.000000000000000000 ) ) ;
#2707 = DIRECTION ( 'NONE',  ( -1.883233150365978123E-16, 1.000000000000000000, 2.719624996528670136E-16 ) ) ;
#2708 = CARTESIAN_POINT ( 'NONE',  ( -4.340470396594395375, -29.39999999999997726, 2.481998536721367721 ) ) ;
#2709 = CARTESIAN_POINT ( 'NONE',  ( -1.806316316930254073, -31.59999999999996589, 4.012134265349355466 ) ) ;
#2710 = ORIENTED_EDGE ( 'NONE', *, *, #5386, .T. ) ;
#2711 = FACE_OUTER_BOUND ( 'NONE', #167, .T. ) ;
#2712 = ADVANCED_FACE ( 'NONE', ( #5378 ), #2630, .T. ) ;
#2713 = FACE_BOUND ( 'NONE', #2248, .T. ) ;
#2714 = CARTESIAN_POINT ( 'NONE',  ( -4.218607618586945662, -32.29999999999996874, -1.899273372277499039 ) ) ;
#2715 = ORIENTED_EDGE ( 'NONE', *, *, #5296, .F. ) ;
#2716 = DIRECTION ( 'NONE',  ( 5.551115123125782702E-17, -2.719624996528607027E-16, 1.000000000000000000 ) ) ;
#2717 = CARTESIAN_POINT ( 'NONE',  ( 2.609727701977319292, -28.49999999999997513, 4.563840657443357429 ) ) ;
#2718 = CARTESIAN_POINT ( 'NONE',  ( -5.146920607196465269, -24.49999999999997513, 1.071694213951994712 ) ) ;
#2719 = CARTESIAN_POINT ( 'NONE',  ( -1.088749038560266058, -27.03541833005408179, 1.679471909824692633 ) ) ;
#2720 = EDGE_CURVE ( 'NONE', #2992, #6403, #7167, .T. ) ;
#2721 = CARTESIAN_POINT ( 'NONE',  ( -4.529290134332889295, -25.29999999999997229, 0.9430909082777385599 ) ) ;
#2722 = DIRECTION ( 'NONE',  ( 2.081668171172362031E-17, -1.000000000000000000, -1.110223024625137558E-16 ) ) ;
#2723 = CARTESIAN_POINT ( 'NONE',  ( -7.868705687031583277E-16, -24.69999999999997797, -6.300000000000064659 ) ) ;
#2724 = EDGE_LOOP ( 'NONE', ( #2216, #5638, #6227, #33 ) ) ;
#2725 = CARTESIAN_POINT ( 'NONE',  ( -3.534020185992325924, -26.69999999999997442, 3.892302859490741618 ) ) ;
#2726 = CARTESIAN_POINT ( 'NONE',  ( 16.74999999999999289, 104.0000000000000142, 28.50000000000000000 ) ) ;
#2727 = AXIS2_PLACEMENT_3D ( 'NONE', #2357, #6307, #6265 ) ;
#2728 = DIRECTION ( 'NONE',  ( 1.883233150365978123E-16, -1.000000000000000000, -2.719624996528670136E-16 ) ) ;
#2729 = ORIENTED_EDGE ( 'NONE', *, *, #2980, .T. ) ;
#2730 = CARTESIAN_POINT ( 'NONE',  ( -4.218607618586945662, -25.69999999999997442, -1.899273372277498817 ) ) ;
#2731 = FACE_BOUND ( 'NONE', #4030, .T. ) ;
#2732 = EDGE_LOOP ( 'NONE', ( #4097, #3351, #2911, #733 ) ) ;
#2733 = CARTESIAN_POINT ( 'NONE',  ( 1.019241765654988363, -25.79999999999997584, 4.895012382327868394 ) ) ;
#2734 = ORIENTED_EDGE ( 'NONE', *, *, #3167, .T. ) ;
#2735 = CARTESIAN_POINT ( 'NONE',  ( 4.340470396594395375, -27.59999999999997300, -2.481998536721644832 ) ) ;
#2736 = CARTESIAN_POINT ( 'NONE',  ( -4.529290134332890183, -23.89999999999997371, 0.9430909082777386709 ) ) ;
#2737 = CARTESIAN_POINT ( 'NONE',  ( -0.5026948701872614444, -32.29999999999997584, 4.599042014346876428 ) ) ;
#2738 = DIRECTION ( 'NONE',  ( -5.551115123125790098E-17, 0.000000000000000000, -1.000000000000000000 ) ) ;
#2739 = EDGE_CURVE ( 'NONE', #1197, #3027, #4039, .T. ) ;
#2740 = CARTESIAN_POINT ( 'NONE',  ( -16.75000000000000711, 3.400000000000000355, -22.00000000000000711 ) ) ;
#2741 = CARTESIAN_POINT ( 'NONE',  ( 0.8500000000000075273, -41.93334680934015068, 3.541073398227950975 ) ) ;
#2742 = CARTESIAN_POINT ( 'NONE',  ( -0.5712441706673425657, -29.69999999999997797, 5.226184107212376695 ) ) ;
#2743 = CARTESIAN_POINT ( 'NONE',  ( -0.8969327537763891467, -32.79999999999997584, -4.307610896448784921 ) ) ;
#2744 = EDGE_LOOP ( 'NONE', ( #853, #4868, #973, #3977 ) ) ;
#2745 = DIRECTION ( 'NONE',  ( 1.883233150365978123E-16, -1.000000000000000000, -2.719624996528670136E-16 ) ) ;
#2746 = DIRECTION ( 'NONE',  ( -0.000000000000000000, -1.000000000000000000, -0.000000000000000000 ) ) ;
#2747 = CARTESIAN_POINT ( 'NONE',  ( -3.819613949003068498, -30.59999999999997300, 2.184158712314787198 ) ) ;
#2748 = DIRECTION ( 'NONE',  ( -0.02714582538137666826, -2.769744689945855113E-16, 0.9996314841802272921 ) ) ;
#2749 = DIRECTION ( 'NONE',  ( 1.084683744678891232E-30, 1.000000000000000000, 9.740822494929354281E-16 ) ) ;
#2750 = CARTESIAN_POINT ( 'NONE',  ( 6.500000000000002665, 104.0000000000000142, 4.000000000000000000 ) ) ;
#2751 = CARTESIAN_POINT ( 'NONE',  ( -3.257583998163493533, -24.99999999999997158, -2.957726575413957892 ) ) ;
#2752 = CARTESIAN_POINT ( 'NONE',  ( -3.534020185992324148, -32.09999999999996589, 3.892302859490740286 ) ) ;
#2753 = CARTESIAN_POINT ( 'NONE',  ( -0.8500000000000044187, 20.26087079120528145, -3.575349633252681514 ) ) ;
#2754 = EDGE_CURVE ( 'NONE', #6201, #4677, #3936, .T. ) ;
#2755 = CARTESIAN_POINT ( 'NONE',  ( -1.806316316930254073, -30.19999999999997797, 4.012134265349355466 ) ) ;
#2756 = ORIENTED_EDGE ( 'NONE', *, *, #1911, .T. ) ;
#2757 = CARTESIAN_POINT ( 'NONE',  ( 1.019241765654988363, -22.99999999999997158, 4.895012382327868394 ) ) ;
#2758 = CARTESIAN_POINT ( 'NONE',  ( 0.8500000000000075273, -41.30000000000006821, 3.441340073382077147 ) ) ;
#2759 = AXIS2_PLACEMENT_3D ( 'NONE', #6440, #1569, #5338 ) ;
#2760 = DIRECTION ( 'NONE',  ( 1.084683744678891232E-30, 1.000000000000000000, 9.740822494929354281E-16 ) ) ;
#2761 = VERTEX_POINT ( 'NONE', #6805 ) ;
#2762 = AXIS2_PLACEMENT_3D ( 'NONE', #6423, #6312, #7001 ) ;
#2763 = DIRECTION ( 'NONE',  ( 0.000000000000000000, 0.000000000000000000, 1.000000000000000000 ) ) ;
#2764 = ORIENTED_EDGE ( 'NONE', *, *, #6998, .T. ) ;
#2765 = VECTOR ( 'NONE', #981, 1000.000000000000000 ) ;
#2766 = AXIS2_PLACEMENT_3D ( 'NONE', #304, #4765, #1592 ) ;
#2767 = CARTESIAN_POINT ( 'NONE',  ( 0.5712441706673430097, -22.69999999999997442, -5.226184107212654695 ) ) ;
#2768 = ORIENTED_EDGE ( 'NONE', *, *, #6825, .F. ) ;
#2769 = CARTESIAN_POINT ( 'NONE',  ( 3.109937763673247257, -29.09999999999997300, -3.425226516352112061 ) ) ;
#2770 = AXIS2_PLACEMENT_3D ( 'NONE', #3500, #5730, #6157 ) ;
#2771 = CARTESIAN_POINT ( 'NONE',  ( -3.257583998163493533, -24.19999999999997442, -2.957726575413957892 ) ) ;
#2772 = CIRCLE ( 'NONE', #897, 1.700000000000007061 ) ;
#2773 = AXIS2_PLACEMENT_3D ( 'NONE', #4917, #3209, #5371 ) ;
#2774 = DIRECTION ( 'NONE',  ( -0.000000000000000000, -1.000000000000000000, -0.000000000000000000 ) ) ;
#2775 = DIRECTION ( 'NONE',  ( 0.000000000000000000, 0.000000000000000000, 1.000000000000000000 ) ) ;
#2776 = CARTESIAN_POINT ( 'NONE',  ( -3.257583998163493533, -30.99999999999997868, -2.957726575413957892 ) ) ;
#2777 = VERTEX_POINT ( 'NONE', #141 ) ;
#2778 = AXIS2_PLACEMENT_3D ( 'NONE', #3389, #5583, #2912 ) ;
#2779 = CIRCLE ( 'NONE', #214, 3.249999999999999556 ) ;
#2780 = AXIS2_PLACEMENT_3D ( 'NONE', #4878, #466, #5979 ) ;
#2781 = DIRECTION ( 'NONE',  ( -0.6385255567472922777, -9.873481602195171340E-17, 0.7696006193998029543 ) ) ;
#2782 = CARTESIAN_POINT ( 'NONE',  ( 1.249938467791509078, -26.56987110165949773, 1.561298764788989990 ) ) ;
#2783 = AXIS2_PLACEMENT_3D ( 'NONE', #5251, #339, #237 ) ;
#2784 = CARTESIAN_POINT ( 'NONE',  ( 4.218607618586947439, -26.69999999999996376, 1.899273372277220817 ) ) ;
#2785 = DIRECTION ( 'NONE',  ( -1.883233150365978123E-16, 1.000000000000000000, 2.719624996528670136E-16 ) ) ;
#2786 = EDGE_CURVE ( 'NONE', #3747, #583, #5233, .T. ) ;
#2787 = EDGE_CURVE ( 'NONE', #6842, #1312, #4866, .T. ) ;
#2788 = CARTESIAN_POINT ( 'NONE',  ( 0.8500000000000067502, -39.40000000000006253, -3.575349633252697501 ) ) ;
#2789 = DIRECTION ( 'NONE',  ( 0.000000000000000000, 0.000000000000000000, 1.000000000000000000 ) ) ;
#2790 = AXIS2_PLACEMENT_3D ( 'NONE', #729, #5823, #6994 ) ;
#2791 = CARTESIAN_POINT ( 'NONE',  ( -3.534020185992325924, -31.49999999999997158, 3.892302859490741618 ) ) ;
#2792 = CARTESIAN_POINT ( 'NONE',  ( -5.146920607196466158, -31.89999999999997726, 1.071694213951994712 ) ) ;
#2793 = CARTESIAN_POINT ( 'NONE',  ( -0.8499999999999925393, -42.00000000000005684, -3.472481101460489938 ) ) ;
#2794 = ADVANCED_FACE ( 'NONE', ( #4013 ), #6252, .T. ) ;
#2795 = CIRCLE ( 'NONE', #6891, 0.5000000000000012212 ) ;
#2796 = CARTESIAN_POINT ( 'NONE',  ( -7.483700429779058514E-29, -25.69999999999998508, -6.654695907795513634E-14 ) ) ;
#2797 = ORIENTED_EDGE ( 'NONE', *, *, #368, .T. ) ;
#2798 = CARTESIAN_POINT ( 'NONE',  ( -1.019241765654987697, -25.99999999999997513, -4.895012382328145506 ) ) ;
#2799 = LINE ( 'NONE', #6153, #5467 ) ;
#2800 = CARTESIAN_POINT ( 'NONE',  ( -4.340470396594395375, -26.59999999999997300, 2.481998536721367721 ) ) ;
#2801 = EDGE_CURVE ( 'NONE', #6609, #1900, #5150, .T. ) ;
#2802 = CARTESIAN_POINT ( 'NONE',  ( -4.448360104602002707, -42.00000000000004974, -0.1207989229471551351 ) ) ;
#2803 = CARTESIAN_POINT ( 'NONE',  ( -1.806316316930254073, -32.79999999999997584, 4.012134265349355466 ) ) ;
#2804 = ORIENTED_EDGE ( 'NONE', *, *, #5616, .T. ) ;
#2805 = FACE_OUTER_BOUND ( 'NONE', #1792, .T. ) ;
#2806 = ORIENTED_EDGE ( 'NONE', *, *, #1416, .T. ) ;
#2807 = CARTESIAN_POINT ( 'NONE',  ( 2.052632178329834467, -27.19999999999997797, -4.559243483351837156 ) ) ;
#2808 = MANIFOLD_SURFACE_SHAPE_REPRESENTATION ( 'E350-DSF0045', ( #15, #3811 ), #5104 ) ;
#2809 = CARTESIAN_POINT ( 'NONE',  ( -0.6499999999999931388, -39.20000000000005969, -1.891428031937800514 ) ) ;
#2810 = ORIENTED_EDGE ( 'NONE', *, *, #5061, .F. ) ;
#2811 = CARTESIAN_POINT ( 'NONE',  ( -3.701799997913059581, -28.19999999999997087, -3.361052926606751701 ) ) ;
#2812 = CARTESIAN_POINT ( 'NONE',  ( 4.373948876459917479, -26.79999999999997584, 0.4780912319996028503 ) ) ;
#2813 = CARTESIAN_POINT ( 'NONE',  ( 3.819613949003068498, -26.99999999999997513, -2.184158712315064310 ) ) ;
#2814 = EDGE_CURVE ( 'NONE', #2268, #6829, #4456, .T. ) ;
#2815 = DIRECTION ( 'NONE',  ( -1.084683744678891232E-30, -1.000000000000000000, -9.740822494929354281E-16 ) ) ;
#2816 = CARTESIAN_POINT ( 'NONE',  ( 0.9096792113348334263, -22.09858282546623798, 4.579753858507080722 ) ) ;
#2817 = DIRECTION ( 'NONE',  ( 0.000000000000000000, -0.000000000000000000, 1.000000000000000000 ) ) ;
#2818 = ORIENTED_EDGE ( 'NONE', *, *, #3955, .T. ) ;
#2819 = CARTESIAN_POINT ( 'NONE',  ( -3.819613949003068498, -27.39999999999997371, 2.184158712314787198 ) ) ;
#2820 = ORIENTED_EDGE ( 'NONE', *, *, #1081, .T. ) ;
#2821 = CARTESIAN_POINT ( 'NONE',  ( -16.75000000000000711, 3.851859888774471706E-31, -28.49999999999999645 ) ) ;
#2822 = EDGE_CURVE ( 'NONE', #5909, #6266, #441, .T. ) ;
#2823 = CARTESIAN_POINT ( 'NONE',  ( 0.7737547690909614140, -27.39447971308638330, 1.848486809801049624 ) ) ;
#2824 = CARTESIAN_POINT ( 'NONE',  ( -3.109937763673246813, -24.09999999999996589, 3.425226516351835393 ) ) ;
#2825 = DIRECTION ( 'NONE',  ( 1.084683744678891232E-30, 1.000000000000000000, 9.740822494929354281E-16 ) ) ;
#2826 = DIRECTION ( 'NONE',  ( 0.000000000000000000, 0.000000000000000000, 1.000000000000000000 ) ) ;
#2827 = CARTESIAN_POINT ( 'NONE',  ( 1.806316316930254740, -33.79999999999996874, -4.012134265349632578 ) ) ;
#2828 = LINE ( 'NONE', #5049, #4185 ) ;
#2829 = CARTESIAN_POINT ( 'NONE',  ( 0.8969327537763897018, -21.79999999999997229, 4.307610896448506921 ) ) ;
#2830 = CARTESIAN_POINT ( 'NONE',  ( -0.8499999999999927613, -41.93334680934015068, -3.541073398228010927 ) ) ;
#2831 = EDGE_CURVE ( 'NONE', #3267, #4373, #6637, .T. ) ;
#2832 = DIRECTION ( 'NONE',  ( -1.249000902703301108E-16, 8.673617379884035472E-16, -1.000000000000000000 ) ) ;
#2833 = ORIENTED_EDGE ( 'NONE', *, *, #2242, .F. ) ;
#2834 = CARTESIAN_POINT ( 'NONE',  ( 2.609727701977319736, -25.09999999999996945, 4.563840657443357429 ) ) ;
#2835 = FACE_OUTER_BOUND ( 'NONE', #5313, .T. ) ;
#2836 = LINE ( 'NONE', #49, #2698 ) ;
#2837 = VERTEX_POINT ( 'NONE', #6327 ) ;
#2838 = CARTESIAN_POINT ( 'NONE',  ( 0.000000000000000000, 10.00000000000000000, -27.59999999999999432 ) ) ;
#2839 = ORIENTED_EDGE ( 'NONE', *, *, #5936, .F. ) ;
#2840 = CARTESIAN_POINT ( 'NONE',  ( 4.793872293848801647, -32.69999999999997442, 2.158265195769587308 ) ) ;
#2841 = PLANE ( 'NONE',  #4988 ) ;
#2842 = ORIENTED_EDGE ( 'NONE', *, *, #2124, .F. ) ;
#2843 = CARTESIAN_POINT ( 'NONE',  ( 0.5026948701872619996, -25.29999999999997229, -4.599042014347151763 ) ) ;
#2844 = CARTESIAN_POINT ( 'NONE',  ( -0.8969327537763892577, -31.39999999999997726, -4.307610896448784921 ) ) ;
#2845 = DIRECTION ( 'NONE',  ( -0.02714582538137666826, -2.769744689945855113E-16, 0.9996314841802272921 ) ) ;
#2846 = CIRCLE ( 'NONE', #7038, 8.000000000000000000 ) ;
#2847 = VERTEX_POINT ( 'NONE', #6435 ) ;
#2848 = CARTESIAN_POINT ( 'NONE',  ( 0.4646473226838638282, -22.08374025398879681, 4.579583531423434550 ) ) ;
#2849 = DIRECTION ( 'NONE',  ( -5.551115123125761748E-17, 0.000000000000000000, -1.000000000000000000 ) ) ;
#2850 = ORIENTED_EDGE ( 'NONE', *, *, #5648, .F. ) ;
#2851 = ADVANCED_FACE ( 'NONE', ( #217 ), #4157, .F. ) ;
#2852 = CARTESIAN_POINT ( 'NONE',  ( -0.5026948701872614444, -25.69999999999997442, 4.599042014346875540 ) ) ;
#2853 = ORIENTED_EDGE ( 'NONE', *, *, #5648, .T. ) ;
#2854 = AXIS2_PLACEMENT_3D ( 'NONE', #950, #5961, #5893 ) ;
#2855 = FACE_OUTER_BOUND ( 'NONE', #3619, .T. ) ;
#2856 = LINE ( 'NONE', #6184, #6848 ) ;
#2857 = CARTESIAN_POINT ( 'NONE',  ( -3.819613949003068498, -25.99999999999997513, 2.184158712314787198 ) ) ;
#2858 = LINE ( 'NONE', #2274, #2419 ) ;
#2859 = CARTESIAN_POINT ( 'NONE',  ( 0.6379219437123512249, -25.31263466775693871, -1.901900602754049263 ) ) ;
#2860 = PLANE ( 'NONE',  #5824 ) ;
#2861 = CARTESIAN_POINT ( 'NONE',  ( 3.257583998163493533, -21.99999999999997158, 2.957726575413679893 ) ) ;
#2862 = CARTESIAN_POINT ( 'NONE',  ( 0.8500000000000071942, -41.90000000000007674, -3.575349633252698389 ) ) ;
#2863 = ORIENTED_EDGE ( 'NONE', *, *, #5780, .F. ) ;
#2864 = CARTESIAN_POINT ( 'NONE',  ( -1.806316316930254073, -26.19999999999997797, 4.012134265349355466 ) ) ;
#2865 = ORIENTED_EDGE ( 'NONE', *, *, #5868, .F. ) ;
#2866 = CARTESIAN_POINT ( 'NONE',  ( 2.296560377740040515, -32.49999999999997158, 4.016179778550139190 ) ) ;
#2867 = CYLINDRICAL_SURFACE ( 'NONE', #2538, 14.00000000000000000 ) ;
#2868 = CARTESIAN_POINT ( 'NONE',  ( 3.534020185992327256, -23.69999999999996732, -3.892302859491017397 ) ) ;
#2869 = LINE ( 'NONE', #1157, #5350 ) ;
#2870 = AXIS2_PLACEMENT_3D ( 'NONE', #3518, #5157, #5713 ) ;
#2871 = CARTESIAN_POINT ( 'NONE',  ( 17.50000000000000000, 8.000000000000003553, 31.00000000000000000 ) ) ;
#2872 = ORIENTED_EDGE ( 'NONE', *, *, #1643, .T. ) ;
#2873 = CARTESIAN_POINT ( 'NONE',  ( 16.74999999999999289, 3.400000000000000355, 22.00000000000000711 ) ) ;
#2874 = ORIENTED_EDGE ( 'NONE', *, *, #5797, .F. ) ;
#2875 = CARTESIAN_POINT ( 'NONE',  ( -4.970396450522633458, -31.79999999999997584, -0.5432854909089366302 ) ) ;
#2876 = DIRECTION ( 'NONE',  ( 0.9377796628086615405, 5.807183573696489173E-17, -0.3472309087948147743 ) ) ;
#2877 = VERTEX_POINT ( 'NONE', #4052 ) ;
#2878 = CARTESIAN_POINT ( 'NONE',  ( 4.218607618586947439, -22.69999999999997442, 1.899273372277220817 ) ) ;
#2879 = CARTESIAN_POINT ( 'NONE',  ( 4.373948876459917479, -26.79999999999997584, 0.4780912319996028503 ) ) ;
#2880 = CARTESIAN_POINT ( 'NONE',  ( -16.75000000000000711, 100.5999999999999943, -25.25000000000000000 ) ) ;
#2881 = EDGE_CURVE ( 'NONE', #1410, #876, #861, .T. ) ;
#2882 = CIRCLE ( 'NONE', #1127, 3.249999999999999556 ) ;
#2883 = CIRCLE ( 'NONE', #4165, 1.999999999999999112 ) ;
#2884 = VERTEX_POINT ( 'NONE', #3037 ) ;
#2885 = CARTESIAN_POINT ( 'NONE',  ( -4.396681213377267916, -21.82687907323406762, 0.2730707348897594700 ) ) ;
#2886 = AXIS2_PLACEMENT_3D ( 'NONE', #5538, #3273, #1589 ) ;
#2887 = LINE ( 'NONE', #1174, #6043 ) ;
#2888 = ORIENTED_EDGE ( 'NONE', *, *, #6456, .F. ) ;
#2889 = CARTESIAN_POINT ( 'NONE',  ( -3.819613949003068498, -23.39999999999997726, 2.184158712314787198 ) ) ;
#2890 = VERTEX_POINT ( 'NONE', #2451 ) ;
#2891 = LINE ( 'NONE', #2200, #6770 ) ;
#2892 = AXIS2_PLACEMENT_3D ( 'NONE', #3786, #2044, #3218 ) ;
#2893 = AXIS2_PLACEMENT_3D ( 'NONE', #4167, #5235, #725 ) ;
#2894 = DIRECTION ( 'NONE',  ( -0.02714582538137666826, -2.769744689945855113E-16, 0.9996314841802272921 ) ) ;
#2895 = EDGE_CURVE ( 'NONE', #810, #3478, #5465, .T. ) ;
#2896 = CARTESIAN_POINT ( 'NONE',  ( -3.257583998163493089, -23.59999999999997655, -2.957726575413957892 ) ) ;
#2897 = AXIS2_PLACEMENT_3D ( 'NONE', #1366, #3585, #6849 ) ;
#2898 = DIRECTION ( 'NONE',  ( -0.000000000000000000, 1.000000000000000000, -0.000000000000000000 ) ) ;
#2899 = AXIS2_PLACEMENT_3D ( 'NONE', #3143, #4259, #5403 ) ;
#2900 = CARTESIAN_POINT ( 'NONE',  ( 2.609727701977319292, -22.49999999999997158, 4.563840657443357429 ) ) ;
#2901 = CARTESIAN_POINT ( 'NONE',  ( -1.748601263784663558E-15, 4.500000000000023981, -14.00000000000003730 ) ) ;
#2902 = CARTESIAN_POINT ( 'NONE',  ( 5.146920607196465269, -28.89999999999997726, -1.071694213952270935 ) ) ;
#2903 = AXIS2_PLACEMENT_3D ( 'NONE', #4364, #2218, #3705 ) ;
#2904 = DIRECTION ( 'NONE',  ( 0.000000000000000000, 0.000000000000000000, 1.000000000000000000 ) ) ;
#2905 = EDGE_CURVE ( 'NONE', #189, #3409, #3100, .T. ) ;
#2906 = ORIENTED_EDGE ( 'NONE', *, *, #6814, .T. ) ;
#2907 = CARTESIAN_POINT ( 'NONE',  ( 3.534020185992324592, -25.09999999999996234, -3.892302859491016953 ) ) ;
#2908 = CARTESIAN_POINT ( 'NONE',  ( 2.296560377740040959, -26.49999999999997868, 4.016179778550139190 ) ) ;
#2909 = AXIS2_PLACEMENT_3D ( 'NONE', #5762, #5285, #269 ) ;
#2910 = CARTESIAN_POINT ( 'NONE',  ( -0.5026948701872614444, -32.29999999999997584, 4.599042014346876428 ) ) ;
#2911 = ORIENTED_EDGE ( 'NONE', *, *, #1898, .F. ) ;
#2912 = DIRECTION ( 'NONE',  ( -1.249000902703301108E-16, 8.896017825522087613E-16, -1.000000000000000000 ) ) ;
#2913 = CARTESIAN_POINT ( 'NONE',  ( 0.5712441706673430097, -25.89999999999997371, -5.226184107212654695 ) ) ;
#2914 = CARTESIAN_POINT ( 'NONE',  ( -4.970396450522633458, -34.39999999999997016, -0.5432854909089367412 ) ) ;
#2915 = CARTESIAN_POINT ( 'NONE',  ( -7.733177691055203050E-29, -27.99999999999998224, -6.878734825178887674E-14 ) ) ;
#2916 = CIRCLE ( 'NONE', #687, 0.1499999999999996059 ) ;
#2917 = CARTESIAN_POINT ( 'NONE',  ( 5.320550933198359307E-16, 78.44092671982706122, 6.318197875807233657E-16 ) ) ;
#2918 = VERTEX_POINT ( 'NONE', #1396 ) ;
#2919 = CARTESIAN_POINT ( 'NONE',  ( -4.340470396594395375, -29.99999999999997868, 2.481998536721368165 ) ) ;
#2920 = CARTESIAN_POINT ( 'NONE',  ( 6.927508179948566233E-15, -35.00000000000004974, -2.653204069760138340E-14 ) ) ;
#2921 = ORIENTED_EDGE ( 'NONE', *, *, #5479, .F. ) ;
#2922 = CARTESIAN_POINT ( 'NONE',  ( 4.529290134332890183, -22.89999999999997371, -0.9430909082780154495 ) ) ;
#2923 = CARTESIAN_POINT ( 'NONE',  ( -4.218607618586946550, -29.69999999999997087, -1.899273372277498817 ) ) ;
#2924 = DIRECTION ( 'NONE',  ( -1.883233150365925861E-16, 1.000000000000000000, 2.719624996528607520E-16 ) ) ;
#2925 = ADVANCED_FACE ( 'NONE', ( #1286 ), #5817, .F. ) ;
#2926 = VERTEX_POINT ( 'NONE', #6360 ) ;
#2927 = DIRECTION ( 'NONE',  ( 0.000000000000000000, 0.000000000000000000, 1.000000000000000000 ) ) ;
#2928 = FACE_BOUND ( 'NONE', #6681, .T. ) ;
#2929 = ORIENTED_EDGE ( 'NONE', *, *, #4087, .F. ) ;
#2930 = CARTESIAN_POINT ( 'NONE',  ( -1.806316316930254073, -21.59999999999997300, 4.012134265349355466 ) ) ;
#2931 = VERTEX_POINT ( 'NONE', #6977 ) ;
#2932 = FACE_OUTER_BOUND ( 'NONE', #6008, .T. ) ;
#2933 = EDGE_CURVE ( 'NONE', #3030, #2025, #2554, .T. ) ;
#2934 = DIRECTION ( 'NONE',  ( -0.000000000000000000, -1.000000000000000000, -0.000000000000000000 ) ) ;
#2935 = CARTESIAN_POINT ( 'NONE',  ( 0.8969327537763894798, -22.39999999999997726, 4.307610896448506921 ) ) ;
#2936 = CARTESIAN_POINT ( 'NONE',  ( -8.908906796682288132, 78.44092671982706122, 3.298693633550742188 ) ) ;
#2937 = CARTESIAN_POINT ( 'NONE',  ( 22.50000000000000000, 104.0000000000000142, -26.00000000000000355 ) ) ;
#2938 = EDGE_CURVE ( 'NONE', #3688, #3701, #5880, .T. ) ;
#2939 = CARTESIAN_POINT ( 'NONE',  ( 16.74999999999999289, 3.400000000000000355, 23.54999999999998650 ) ) ;
#2940 = VERTEX_POINT ( 'NONE', #3641 ) ;
#2941 = CARTESIAN_POINT ( 'NONE',  ( 4.218607618586946550, -28.69999999999997442, 1.899273372277220817 ) ) ;
#2942 = CARTESIAN_POINT ( 'NONE',  ( 3.819613949003068498, -24.99999999999997513, -2.184158712315064310 ) ) ;
#2943 = CARTESIAN_POINT ( 'NONE',  ( -3.701799997913060025, -31.59999999999997655, -3.361052926606751257 ) ) ;
#2944 = ADVANCED_FACE ( 'NONE', ( #176 ), #5331, .T. ) ;
#2945 = FACE_OUTER_BOUND ( 'NONE', #1094, .T. ) ;
#2946 = CARTESIAN_POINT ( 'NONE',  ( -4.793872293848801647, -34.29999999999997584, -2.158265195769866640 ) ) ;
#2947 = CARTESIAN_POINT ( 'NONE',  ( -0.8969327537763891467, -29.99999999999997513, -4.307610896448784921 ) ) ;
#2948 = LINE ( 'NONE', #2330, #6553 ) ;
#2949 = DIRECTION ( 'NONE',  ( 0.000000000000000000, 0.000000000000000000, 1.000000000000000000 ) ) ;
#2950 = ORIENTED_EDGE ( 'NONE', *, *, #6339, .T. ) ;
#2951 = CARTESIAN_POINT ( 'NONE',  ( -4.970396450522633458, -27.79999999999997584, -0.5432854909089366302 ) ) ;
#2952 = DIRECTION ( 'NONE',  ( -5.551115123125782702E-17, 2.719624996528607027E-16, -1.000000000000000000 ) ) ;
#2953 = EDGE_LOOP ( 'NONE', ( #5623, #3177, #1747, #5940 ) ) ;
#2954 = CARTESIAN_POINT ( 'NONE',  ( -2.296560377740040071, -32.89999999999997016, -4.016179778550416302 ) ) ;
#2955 = CARTESIAN_POINT ( 'NONE',  ( -4.373948876459917479, -27.79999999999997584, -0.4780912319998809612 ) ) ;
#2956 = FACE_OUTER_BOUND ( 'NONE', #7014, .T. ) ;
#2957 = ORIENTED_EDGE ( 'NONE', *, *, #4240, .F. ) ;
#2958 = PLANE ( 'NONE',  #91 ) ;
#2959 = CARTESIAN_POINT ( 'NONE',  ( 8.245771385204750056E-15, -42.00000000000004974, -2.843577819517145131E-14 ) ) ;
#2960 = VERTEX_POINT ( 'NONE', #2515 ) ;
#2961 = CARTESIAN_POINT ( 'NONE',  ( -3.819613949003068498, -25.39999999999997726, 2.184158712314787198 ) ) ;
#2962 = EDGE_LOOP ( 'NONE', ( #2530, #296, #282, #3275 ) ) ;
#2963 = DIRECTION ( 'NONE',  ( 0.9996314841802270701, 2.168404344971008621E-16, 0.02714582538137666479 ) ) ;
#2964 = AXIS2_PLACEMENT_3D ( 'NONE', #4545, #1880, #5165 ) ;
#2965 = DIRECTION ( 'NONE',  ( 0.000000000000000000, 0.000000000000000000, -1.000000000000000000 ) ) ;
#2966 = DIRECTION ( 'NONE',  ( -0.000000000000000000, -1.000000000000000000, -0.000000000000000000 ) ) ;
#2967 = CARTESIAN_POINT ( 'NONE',  ( -9.992007221627245056E-16, -33.79999999999996163, -8.000000000000074607 ) ) ;
#2968 = DIRECTION ( 'NONE',  ( -0.000000000000000000, -1.000000000000000000, -0.000000000000000000 ) ) ;
#2969 = DIRECTION ( 'NONE',  ( -1.883233150365978123E-16, 1.000000000000000000, 2.719624996528670136E-16 ) ) ;
#2970 = DIRECTION ( 'NONE',  ( 0.000000000000000000, -0.000000000000000000, 1.000000000000000000 ) ) ;
#2971 = VERTEX_POINT ( 'NONE', #1867 ) ;
#2972 = CARTESIAN_POINT ( 'NONE',  ( 1.019241765654988141, -24.39999999999997726, 4.895012382327868394 ) ) ;
#2973 = CARTESIAN_POINT ( 'NONE',  ( -3.257583998163493089, -25.59999999999997655, -2.957726575413957892 ) ) ;
#2974 = CARTESIAN_POINT ( 'NONE',  ( -0.5026948701872614444, -24.29999999999997229, 4.599042014346876428 ) ) ;
#2975 = CARTESIAN_POINT ( 'NONE',  ( 7.958844921583059673, 104.0000000000000142, -5.368127002427525163 ) ) ;
#2976 = CARTESIAN_POINT ( 'NONE',  ( -0.8500000000000039746, 20.26087079120528145, 3.575349633252657977 ) ) ;
#2977 = CARTESIAN_POINT ( 'NONE',  ( 3.534020185992327256, -25.69999999999997442, -3.892302859491017397 ) ) ;
#2978 = APPLICATION_PROTOCOL_DEFINITION ( 'international standard', 'config_control_design', 1994, #6209 ) ;
#2979 = VECTOR ( 'NONE', #212, 1000.000000000000000 ) ;
#2980 = EDGE_CURVE ( 'NONE', #5034, #2971, #1354, .T. ) ;
#2981 = VERTEX_POINT ( 'NONE', #1969 ) ;
#2982 = DIRECTION ( 'NONE',  ( -1.883233150365978123E-16, 1.000000000000000000, 2.719624996528670136E-16 ) ) ;
#2983 = ORIENTED_EDGE ( 'NONE', *, *, #5677, .T. ) ;
#2984 = CARTESIAN_POINT ( 'NONE',  ( 3.701799997913060025, -22.59999999999997300, 3.361052926606473257 ) ) ;
#2985 = ORIENTED_EDGE ( 'NONE', *, *, #6597, .F. ) ;
#2986 = VECTOR ( 'NONE', #910, 1000.000000000000114 ) ;
#2987 = CARTESIAN_POINT ( 'NONE',  ( -3.819613949003068498, -29.39999999999997726, 2.184158712314787198 ) ) ;
#2988 = CARTESIAN_POINT ( 'NONE',  ( -4.529290134332890183, -23.89999999999997371, 0.9430909082777386709 ) ) ;
#2989 = CARTESIAN_POINT ( 'NONE',  ( 3.819613949003068054, -23.59999999999997655, -2.184158712315064310 ) ) ;
#2990 = CARTESIAN_POINT ( 'NONE',  ( 0.8500000000000071942, -42.00000000000005684, -3.472481101460490382 ) ) ;
#2991 = B_SPLINE_CURVE_WITH_KNOTS ( 'NONE', 3,
 ( #6007, #2648, #3200, #1556, #6457, #4909 ),
 .UNSPECIFIED., .F., .F.,
 ( 4, 2, 4 ),
 ( 0.000000000000000000, 0.0001622342370891261150, 0.0003244684741782522300 ),
 .UNSPECIFIED. ) ;
#2992 = VERTEX_POINT ( 'NONE', #5775 ) ;
#2993 = CARTESIAN_POINT ( 'NONE',  ( 22.50000000000000000, 10.00000000000000000, -26.00000000000000355 ) ) ;
#2994 = DIRECTION ( 'NONE',  ( 0.9996314841802270701, 0.000000000000000000, 0.02714582538137666132 ) ) ;
#2995 = ORIENTED_EDGE ( 'NONE', *, *, #6291, .F. ) ;
#2996 = CARTESIAN_POINT ( 'NONE',  ( 4.970396450522633458, -32.19999999999997442, 0.5432854909086584083 ) ) ;
#2997 = ORIENTED_EDGE ( 'NONE', *, *, #2801, .T. ) ;
#2998 = CARTESIAN_POINT ( 'NONE',  ( 0.7537167730863725268, -39.22122880060619821, 3.597078494646530622 ) ) ;
#2999 = CARTESIAN_POINT ( 'NONE',  ( 16.74999999999999289, 3.400000000000000355, 25.25000000000000000 ) ) ;
#3000 = VECTOR ( 'NONE', #4572, 1000.000000000000000 ) ;
#3001 = CIRCLE ( 'NONE', #7081, 6.000000000000000888 ) ;
#3002 = LINE ( 'NONE', #1405, #1489 ) ;
#3003 = DIRECTION ( 'NONE',  ( 1.883233150365925861E-16, -1.000000000000000000, -2.719624996528607520E-16 ) ) ;
#3004 = DIRECTION ( 'NONE',  ( -0.3472309087948180495, 9.688626205868684371E-17, -0.9377796628086604303 ) ) ;
#3005 = AXIS2_PLACEMENT_3D ( 'NONE', #5821, #3651, #913 ) ;
#3006 = B_SPLINE_CURVE_WITH_KNOTS ( 'NONE', 3,
 ( #2051, #6999, #1516, #3729, #4687, #6928 ),
 .UNSPECIFIED., .F., .F.,
 ( 4, 2, 4 ),
 ( 0.000000000000000000, 0.0001578409105453981070, 0.0003156818210907962139 ),
 .UNSPECIFIED. ) ;
#3007 = AXIS2_PLACEMENT_3D ( 'NONE', #760, #6472, #1327 ) ;
#3008 = CARTESIAN_POINT ( 'NONE',  ( -17.50000000000000000, 0.000000000000000000, -31.00000000000000000 ) ) ;
#3009 = LINE ( 'NONE', #6784, #2264 ) ;
#3010 = CIRCLE ( 'NONE', #6041, 3.249999999999999556 ) ;
#3011 = AXIS2_PLACEMENT_3D ( 'NONE', #1397, #3616, #6436 ) ;
#3012 = AXIS2_PLACEMENT_3D ( 'NONE', #971, #6570, #7077 ) ;
#3013 = ORIENTED_EDGE ( 'NONE', *, *, #3330, .F. ) ;
#3014 = CARTESIAN_POINT ( 'NONE',  ( 2.609727701977318848, -26.49999999999997868, 4.563840657443356541 ) ) ;
#3015 = EDGE_CURVE ( 'NONE', #1003, #140, #5742, .T. ) ;
#3016 = EDGE_CURVE ( 'NONE', #3478, #7200, #6289, .T. ) ;
#3017 = DIRECTION ( 'NONE',  ( -0.000000000000000000, -1.000000000000000000, -0.000000000000000000 ) ) ;
#3018 = CARTESIAN_POINT ( 'NONE',  ( -4.529290134332890183, -23.89999999999997371, 0.9430909082777386709 ) ) ;
#3019 = CARTESIAN_POINT ( 'NONE',  ( 4.340470396594395375, -30.99999999999997513, -2.481998536721644832 ) ) ;
#3020 = CARTESIAN_POINT ( 'NONE',  ( 7.605472114080318071E-15, -38.60000000000005826, -2.751110569635170512E-14 ) ) ;
#3021 = VECTOR ( 'NONE', #5729, 1000.000000000000000 ) ;
#3022 = AXIS2_PLACEMENT_3D ( 'NONE', #3393, #1236, #600 ) ;
#3023 = ADVANCED_FACE ( 'NONE', ( #751 ), #2958, .F. ) ;
#3024 = MECHANICAL_CONTEXT ( 'NONE', #6209, 'mechanical' ) ;
#3025 = AXIS2_PLACEMENT_3D ( 'NONE', #4078, #4182, #5831 ) ;
#3026 = CARTESIAN_POINT ( 'NONE',  ( 7.274040777774582584E-16, -2.077341958608789341, -1.757831232144805540E-14 ) ) ;
#3027 = VERTEX_POINT ( 'NONE', #1897 ) ;
#3028 = CARTESIAN_POINT ( 'NONE',  ( 3.534020185992324592, -23.09999999999996589, -3.892302859491016953 ) ) ;
#3029 = CARTESIAN_POINT ( 'NONE',  ( 22.50000000000000000, 98.00000000000000000, -26.00000000000000355 ) ) ;
#3030 = VERTEX_POINT ( 'NONE', #4127 ) ;
#3031 = EDGE_CURVE ( 'NONE', #5982, #4994, #5263, .T. ) ;
#3032 = AXIS2_PLACEMENT_3D ( 'NONE', #5754, #1299, #6337 ) ;
#3033 = AXIS2_PLACEMENT_3D ( 'NONE', #351, #3067, #4771 ) ;
#3034 = CARTESIAN_POINT ( 'NONE',  ( -3.819613949003068498, -21.99999999999997868, 2.184158712314787198 ) ) ;
#3035 = CARTESIAN_POINT ( 'NONE',  ( 0.000000000000000000, 1.040949779275251742E-16, 25.50000000000000000 ) ) ;
#3036 = ORIENTED_EDGE ( 'NONE', *, *, #2535, .F. ) ;
#3037 = CARTESIAN_POINT ( 'NONE',  ( -16.26345596729044374, 0.000000000000000000, 17.91345596729075140 ) ) ;
#3038 = CIRCLE ( 'NONE', #1869, 6.000000000000000888 ) ;
#3039 = CARTESIAN_POINT ( 'NONE',  ( 0.5548042778871529190, -35.91816689584990741, 1.923467646845200107 ) ) ;
#3040 = CARTESIAN_POINT ( 'NONE',  ( -2.052632178329834023, -29.59999999999997300, 4.559243483351559156 ) ) ;
#3041 = ORIENTED_EDGE ( 'NONE', *, *, #4574, .F. ) ;
#3042 = CARTESIAN_POINT ( 'NONE',  ( 0.8500000000000067502, -39.40000000000006253, -3.575349633252697501 ) ) ;
#3043 = LINE ( 'NONE', #2593, #1591 ) ;
#3044 = CARTESIAN_POINT ( 'NONE',  ( -22.50000000000000000, 98.00000000000000000, -26.00000000000000355 ) ) ;
#3045 = LINE ( 'NONE', #4203, #4404 ) ;
#3046 = CARTESIAN_POINT ( 'NONE',  ( -3.257583998163493533, -28.19999999999997087, -2.957726575413957892 ) ) ;
#3047 = DIRECTION ( 'NONE',  ( -1.249000902703301108E-16, 9.912705577010326536E-16, -1.000000000000000000 ) ) ;
#3048 = CARTESIAN_POINT ( 'NONE',  ( 8.500000000000001776, 104.0000000000000142, 8.053122847609200718 ) ) ;
#3049 = CARTESIAN_POINT ( 'NONE',  ( -9.742207041085745092E-16, 43.61806232061202593, -7.799999999999999822 ) ) ;
#3050 = ORIENTED_EDGE ( 'NONE', *, *, #606, .T. ) ;
#3051 = CARTESIAN_POINT ( 'NONE',  ( 4.970396450522633458, -26.79999999999997584, 0.5432854909086584083 ) ) ;
#3052 = CARTESIAN_POINT ( 'NONE',  ( 3.109937763673247257, -23.09999999999997300, -3.425226516352112505 ) ) ;
#3053 = CARTESIAN_POINT ( 'NONE',  ( -4.529290134332890183, -25.89999999999997016, 0.9430909082777386709 ) ) ;
#3054 = DIRECTION ( 'NONE',  ( -7.228014483236696753E-15, 0.000000000000000000, 1.000000000000000000 ) ) ;
#3055 = DIRECTION ( 'NONE',  ( 0.000000000000000000, 0.000000000000000000, 1.000000000000000000 ) ) ;
#3056 = CARTESIAN_POINT ( 'NONE',  ( -3.534020185992325924, -23.49999999999997158, 3.892302859490741618 ) ) ;
#3057 = ADVANCED_FACE ( 'NONE', ( #6944 ), #1931, .F. ) ;
#3058 = EDGE_CURVE ( 'NONE', #2581, #2588, #5945, .T. ) ;
#3059 = DIRECTION ( 'NONE',  ( 1.000000000000000000, 0.000000000000000000, 0.000000000000000000 ) ) ;
#3060 = DIRECTION ( 'NONE',  ( -5.551115123125779621E-17, 0.000000000000000000, -1.000000000000000000 ) ) ;
#3061 = EDGE_LOOP ( 'NONE', ( #1896, #4335, #5336, #4425 ) ) ;
#3062 = CARTESIAN_POINT ( 'NONE',  ( -2.609727701977318404, -23.49999999999996447, -4.563840657443635429 ) ) ;
#3063 = LINE ( 'NONE', #5873, #2197 ) ;
#3064 = EDGE_LOOP ( 'NONE', ( #7240, #2302, #4480, #2764 ) ) ;
#3065 = EDGE_CURVE ( 'NONE', #2918, #4769, #1530, .T. ) ;
#3066 = CARTESIAN_POINT ( 'NONE',  ( 4.373948876459917479, -24.79999999999997584, 0.4780912319996028503 ) ) ;
#3067 = DIRECTION ( 'NONE',  ( 0.7071067811865475727, -0.000000000000000000, 0.7071067811865475727 ) ) ;
#3068 = VERTEX_POINT ( 'NONE', #1600 ) ;
#3069 = DIRECTION ( 'NONE',  ( 0.000000000000000000, 1.000000000000000000, 2.719624996528570049E-16 ) ) ;
#3070 = DIRECTION ( 'NONE',  ( -1.883233150365978123E-16, 1.000000000000000000, 2.719624996528670136E-16 ) ) ;
#3071 = ORIENTED_EDGE ( 'NONE', *, *, #4231, .F. ) ;
#3072 = APPROVAL_PERSON_ORGANIZATION ( #2506, #3153, #5869 ) ;
#3073 = CARTESIAN_POINT ( 'NONE',  ( -2.609727701977318404, -32.89999999999997016, -4.563840657443636317 ) ) ;
#3074 = EDGE_LOOP ( 'NONE', ( #3728, #1388, #2333, #3422 ) ) ;
#3075 = CARTESIAN_POINT ( 'NONE',  ( 4.970396450522633458, -31.39999999999997016, 0.5432854909086584083 ) ) ;
#3076 = DIRECTION ( 'NONE',  ( -0.02714582538137666826, -2.769744689945855113E-16, 0.9996314841802272921 ) ) ;
#3077 = AXIS2_PLACEMENT_3D ( 'NONE', #2541, #1854, #1307 ) ;
#3078 = DIRECTION ( 'NONE',  ( 2.081668171172362031E-17, -1.000000000000000000, -1.110223024625137558E-16 ) ) ;
#3079 = CARTESIAN_POINT ( 'NONE',  ( -0.5026948701872614444, -32.29999999999997584, 4.599042014346876428 ) ) ;
#3080 = ADVANCED_FACE ( 'NONE', ( #6465 ), #3743, .F. ) ;
#3081 = DIRECTION ( 'NONE',  ( -0.7071067811865474617, 0.000000000000000000, -0.7071067811865474617 ) ) ;
#3082 = FACE_OUTER_BOUND ( 'NONE', #842, .T. ) ;
#3083 = LINE ( 'NONE', #5310, #3590 ) ;
#3084 = CARTESIAN_POINT ( 'NONE',  ( -0.8500000000000043077, 20.26087079120528145, -1.810386699023177837 ) ) ;
#3085 = TOROIDAL_SURFACE ( 'NONE', #2964, 6.299999999999999822, 0.5000000000000008882 ) ;
#3086 = ORIENTED_EDGE ( 'NONE', *, *, #7127, .F. ) ;
#3087 = DIRECTION ( 'NONE',  ( -0.000000000000000000, 1.000000000000000000, -0.000000000000000000 ) ) ;
#3088 = CARTESIAN_POINT ( 'NONE',  ( -3.819613949003068498, -29.39999999999997726, 2.184158712314787198 ) ) ;
#3089 = CARTESIAN_POINT ( 'NONE',  ( 16.74999999999999289, 98.00000000000000000, 25.25000000000000000 ) ) ;
#3090 = CARTESIAN_POINT ( 'NONE',  ( -9.992007221627245056E-16, -33.79999999999996163, -8.000000000000074607 ) ) ;
#3091 = CARTESIAN_POINT ( 'NONE',  ( -1.019241765654987697, -22.79999999999997584, -4.895012382328145506 ) ) ;
#3092 = CARTESIAN_POINT ( 'NONE',  ( -5.748206438292832543E-29, -9.699999999999993960, -5.096164308606816949E-14 ) ) ;
#3093 = DIRECTION ( 'NONE',  ( 0.000000000000000000, 0.000000000000000000, -1.000000000000000000 ) ) ;
#3094 = ORIENTED_EDGE ( 'NONE', *, *, #1942, .T. ) ;
#3095 = CARTESIAN_POINT ( 'NONE',  ( -5.146920607196466158, -23.89999999999997371, 1.071694213951994712 ) ) ;
#3096 = FACE_OUTER_BOUND ( 'NONE', #3192, .T. ) ;
#3097 = EDGE_LOOP ( 'NONE', ( #891, #1902, #426, #6493 ) ) ;
#3098 = CARTESIAN_POINT ( 'NONE',  ( -8.383987937862536668E-29, -33.99999999999997868, -7.463184174874649168E-14 ) ) ;
#3099 = EDGE_LOOP ( 'NONE', ( #5708, #6746, #208, #4055 ) ) ;
#3100 = LINE ( 'NONE', #5809, #2072 ) ;
#3101 = EDGE_CURVE ( 'NONE', #5541, #6730, #2570, .T. ) ;
#3102 = DIRECTION ( 'NONE',  ( 0.000000000000000000, 0.000000000000000000, 1.000000000000000000 ) ) ;
#3103 = EDGE_LOOP ( 'NONE', ( #5549, #1892, #1593, #1818 ) ) ;
#3104 = CARTESIAN_POINT ( 'NONE',  ( -2.609727701977318404, -28.89999999999997371, -4.563840657443636317 ) ) ;
#3105 = ORIENTED_EDGE ( 'NONE', *, *, #5791, .F. ) ;
#3106 = CARTESIAN_POINT ( 'NONE',  ( 0.5712441706673430097, -33.89999999999997726, -5.226184107212654695 ) ) ;
#3107 = CARTESIAN_POINT ( 'NONE',  ( 0.5026948701872619996, -31.29999999999997584, -4.599042014347151763 ) ) ;
#3108 = EDGE_CURVE ( 'NONE', #30, #284, #4773, .T. ) ;
#3109 = AXIS2_PLACEMENT_3D ( 'NONE', #5818, #257, #6442 ) ;
#3110 = CARTESIAN_POINT ( 'NONE',  ( 0.8499999999999958700, 20.26087079120528145, 1.810386699023154522 ) ) ;
#3111 = CARTESIAN_POINT ( 'NONE',  ( 0.8500000000000108580, -39.34501480980346599, -1.810386699023208923 ) ) ;
#3112 = CARTESIAN_POINT ( 'NONE',  ( 6.165562966833950344E-15, -36.10000000000005116, 1.999999999999972689 ) ) ;
#3113 = CARTESIAN_POINT ( 'NONE',  ( -4.047824713146162878, -33.75261861452973022, -1.744182830076770996 ) ) ;
#3114 = DIRECTION ( 'NONE',  ( -0.000000000000000000, -1.000000000000000000, -0.000000000000000000 ) ) ;
#3115 = AXIS2_PLACEMENT_3D ( 'NONE', #6141, #5047, #6186 ) ;
#3116 = EDGE_CURVE ( 'NONE', #825, #6912, #4995, .T. ) ;
#3117 = CARTESIAN_POINT ( 'NONE',  ( 17.50000000000000000, 104.0000000000000142, 31.00000000000000000 ) ) ;
#3118 = ORIENTED_EDGE ( 'NONE', *, *, #3860, .T. ) ;
#3119 = CARTESIAN_POINT ( 'NONE',  ( -1.498801083243960935E-15, 43.61806232061203303, -11.99999999999999822 ) ) ;
#3120 = CIRCLE ( 'NONE', #7088, 0.5000000000000012212 ) ;
#3121 = VECTOR ( 'NONE', #1523, 1000.000000000000000 ) ;
#3122 = CARTESIAN_POINT ( 'NONE',  ( 3.534020185992325480, -29.09999999999997300, -3.892302859491017397 ) ) ;
#3123 = CARTESIAN_POINT ( 'NONE',  ( -22.50000000000000000, 8.000000000000000000, 26.00000000000000355 ) ) ;
#3124 = ADVANCED_FACE ( 'NONE', ( #5512 ), #7040, .T. ) ;
#3125 = CARTESIAN_POINT ( 'NONE',  ( 1.806316316930254740, -28.59999999999997655, -4.012134265349632578 ) ) ;
#3126 = EDGE_CURVE ( 'NONE', #6214, #3027, #474, .T. ) ;
#3127 = AXIS2_PLACEMENT_3D ( 'NONE', #5033, #3468, #2291 ) ;
#3128 = CARTESIAN_POINT ( 'NONE',  ( 3.257583998163493533, -25.19999999999997797, 2.957726575413679893 ) ) ;
#3129 = VECTOR ( 'NONE', #6361, 1000.000000000000000 ) ;
#3130 = AXIS2_PLACEMENT_3D ( 'NONE', #5193, #6334, #7129 ) ;
#3131 = DIRECTION ( 'NONE',  ( -1.883233150365978123E-16, 1.000000000000000000, 2.719624996528670136E-16 ) ) ;
#3132 = DIRECTION ( 'NONE',  ( -0.000000000000000000, 1.000000000000000000, -0.000000000000000000 ) ) ;
#3133 = ORIENTED_EDGE ( 'NONE', *, *, #2489, .T. ) ;
#3134 = CIRCLE ( 'NONE', #4061, 3.674999999999999822 ) ;
#3135 = VECTOR ( 'NONE', #900, 1000.000000000000000 ) ;
#3136 = CARTESIAN_POINT ( 'NONE',  ( -2.052632178329834023, -22.19999999999997797, 4.559243483351559156 ) ) ;
#3137 = DIRECTION ( 'NONE',  ( 0.000000000000000000, -1.000000000000000000, -0.000000000000000000 ) ) ;
#3138 = ORIENTED_EDGE ( 'NONE', *, *, #249, .T. ) ;
#3139 = DIRECTION ( 'NONE',  ( -0.000000000000000000, 1.000000000000000000, -0.000000000000000000 ) ) ;
#3140 = AXIS2_PLACEMENT_3D ( 'NONE', #4792, #4822, #4246 ) ;
#3141 = ORIENTED_EDGE ( 'NONE', *, *, #6092, .T. ) ;
#3142 = CARTESIAN_POINT ( 'NONE',  ( 0.8500000000000071942, -42.00000000000005684, -3.472481101460490382 ) ) ;
#3143 = CARTESIAN_POINT ( 'NONE',  ( 0.8500000000000063061, -39.20000000000005969, -8.991389646815644454 ) ) ;
#3144 = CARTESIAN_POINT ( 'NONE',  ( 4.793872293848802535, -30.09999999999997655, 2.158265195769588196 ) ) ;
#3145 = VERTEX_POINT ( 'NONE', #335 ) ;
#3146 = AXIS2_PLACEMENT_3D ( 'NONE', #293, #2969, #1332 ) ;
#3147 = CARTESIAN_POINT ( 'NONE',  ( -3.109937763673246813, -30.09999999999997655, 3.425226516351835393 ) ) ;
#3148 = CARTESIAN_POINT ( 'NONE',  ( -5.847844182454322137, -42.00000000000004974, -0.1588030784810826879 ) ) ;
#3149 = EDGE_CURVE ( 'NONE', #523, #5228, #6877, .T. ) ;
#3150 = AXIS2_PLACEMENT_3D ( 'NONE', #1062, #511, #71 ) ;
#3151 = CARTESIAN_POINT ( 'NONE',  ( 16.75000000000363798, 104.0000000000000142, -26.95000000004300844 ) ) ;
#3152 = CYLINDRICAL_SURFACE ( 'NONE', #5807, 1.700000000000000178 ) ;
#3153 = APPROVAL ( #6966, '未指定' ) ;
#3154 = DIRECTION ( 'NONE',  ( 1.084683744678891232E-30, 1.000000000000000000, 9.740822494929352309E-16 ) ) ;
#3155 = DIRECTION ( 'NONE',  ( -1.883233150365978123E-16, 1.000000000000000000, 2.719624996528670136E-16 ) ) ;
#3156 = DIRECTION ( 'NONE',  ( 1.084683744678891232E-30, 1.000000000000000000, 9.740822494929354281E-16 ) ) ;
#3157 = ORIENTED_EDGE ( 'NONE', *, *, #381, .T. ) ;
#3158 = CARTESIAN_POINT ( 'NONE',  ( 8.118505867570624954E-16, -33.99999999999998579, 6.499999999999930722 ) ) ;
#3159 = EDGE_CURVE ( 'NONE', #1783, #6093, #2883, .T. ) ;
#3160 = CARTESIAN_POINT ( 'NONE',  ( 1.019241765654988141, -30.39999999999997726, 4.895012382327868394 ) ) ;
#3161 = CARTESIAN_POINT ( 'NONE',  ( 2.296560377740040515, -30.49999999999997868, 4.016179778550139190 ) ) ;
#3162 = CARTESIAN_POINT ( 'NONE',  ( -0.7681620481832265313, -27.38937520948744719, 1.847959288306195269 ) ) ;
#3163 = CARTESIAN_POINT ( 'NONE',  ( -2.296560377740040071, -22.89999999999997016, -4.016179778550416302 ) ) ;
#3164 = CARTESIAN_POINT ( 'NONE',  ( 3.701799997913060025, -32.59999999999997300, 3.361052926606473257 ) ) ;
#3165 = CARTESIAN_POINT ( 'NONE',  ( 4.218607618586946550, -29.29999999999997584, 1.899273372277221039 ) ) ;
#3166 = APPROVAL_STATUS ( 'not_yet_approved' ) ;
#3167 = EDGE_CURVE ( 'NONE', #1965, #510, #4178, .T. ) ;
#3168 = CARTESIAN_POINT ( 'NONE',  ( 6.165562966833950344E-15, -36.10000000000005116, 1.999999999999972689 ) ) ;
#3169 = VERTEX_POINT ( 'NONE', #5932 ) ;
#3170 = CARTESIAN_POINT ( 'NONE',  ( -0.5712441706673425657, -28.89999999999997371, 5.226184107212376695 ) ) ;
#3171 = CARTESIAN_POINT ( 'NONE',  ( 0.8500000000000073053, -40.29999999999658655, 3.575349633253020354 ) ) ;
#3172 = CARTESIAN_POINT ( 'NONE',  ( -8.362294262968958395E-29, -33.79999999999996874, -7.443702529884788306E-14 ) ) ;
#3173 = CARTESIAN_POINT ( 'NONE',  ( 4.373948876459917479, -33.39999999999997726, 0.4780912319996027948 ) ) ;
#3174 = EDGE_LOOP ( 'NONE', ( #1927, #2729, #6468, #629 ) ) ;
#3175 = DIRECTION ( 'NONE',  ( 0.000000000000000000, 0.000000000000000000, 1.000000000000000000 ) ) ;
#3176 = CARTESIAN_POINT ( 'NONE',  ( -16.26345596729044374, 0.000000000000000000, 16.26345596729075282 ) ) ;
#3177 = ORIENTED_EDGE ( 'NONE', *, *, #1443, .T. ) ;
#3178 = CARTESIAN_POINT ( 'NONE',  ( -2.052632178329834023, -25.59999999999997655, 4.559243483351559156 ) ) ;
#3179 = EDGE_LOOP ( 'NONE', ( #1606, #750, #4519, #2076 ) ) ;
#3180 = CARTESIAN_POINT ( 'NONE',  ( -0.5712441706673425657, -30.89999999999997371, 5.226184107212376695 ) ) ;
#3181 = CARTESIAN_POINT ( 'NONE',  ( -3.819613949003068498, -31.99999999999997158, 2.184158712314787198 ) ) ;
#3182 = CARTESIAN_POINT ( 'NONE',  ( 0.5026948701872618885, -25.89999999999997371, -4.599042014347152652 ) ) ;
#3183 = FACE_OUTER_BOUND ( 'NONE', #3836, .T. ) ;
#3184 = CARTESIAN_POINT ( 'NONE',  ( -8.362294262968958395E-29, -33.79999999999996874, -7.443702529884788306E-14 ) ) ;
#3185 = LINE ( 'NONE', #5414, #3354 ) ;
#3186 = CARTESIAN_POINT ( 'NONE',  ( -2.609727701977318404, -26.89999999999997371, -4.563840657443636317 ) ) ;
#3187 = CARTESIAN_POINT ( 'NONE',  ( 1.323408237178112845, -33.52274034406531911, -4.634268274519429909 ) ) ;
#3188 = CARTESIAN_POINT ( 'NONE',  ( -22.50000000000000000, 104.0000000000000142, 26.00000000000000355 ) ) ;
#3189 = CARTESIAN_POINT ( 'NONE',  ( -2.052632178329834023, -23.59999999999997655, 4.559243483351559156 ) ) ;
#3190 = LINE ( 'NONE', #4242, #155 ) ;
#3191 = CARTESIAN_POINT ( 'NONE',  ( 2.296560377740041403, -27.09999999999997655, 4.016179778550139190 ) ) ;
#3192 = EDGE_LOOP ( 'NONE', ( #1577, #7112, #6852, #6871 ) ) ;
#3193 = CARTESIAN_POINT ( 'NONE',  ( 8.110363845595077947, 107.0000000000000284, -9.775240745137580234 ) ) ;
#3194 = EDGE_CURVE ( 'NONE', #6730, #3794, #1469, .T. ) ;
#3195 = CARTESIAN_POINT ( 'NONE',  ( 5.146920607196465269, -30.89999999999997371, -1.071694213952271379 ) ) ;
#3196 = CARTESIAN_POINT ( 'NONE',  ( -3.822243638138202768E-15, -27.65000000000010516, 2.000000000000004441 ) ) ;
#3197 = CARTESIAN_POINT ( 'NONE',  ( 4.529290134332889295, -26.29999999999997229, -0.9430909082780156716 ) ) ;
#3198 = AXIS2_PLACEMENT_3D ( 'NONE', #625, #154, #2390 ) ;
#3199 = CARTESIAN_POINT ( 'NONE',  ( 1.806316316930254517, -25.19999999999997442, -4.012134265349633466 ) ) ;
#3200 = CARTESIAN_POINT ( 'NONE',  ( -0.7518304575420560187, -39.22017557044262048, 1.853753994675952921 ) ) ;
#3201 = ORIENTED_EDGE ( 'NONE', *, *, #1748, .F. ) ;
#3202 = CARTESIAN_POINT ( 'NONE',  ( 5.146920607196465269, -29.49999999999997868, -1.071694213952271379 ) ) ;
#3203 = DIRECTION ( 'NONE',  ( -1.249000902703301108E-16, 9.912705577010326536E-16, -1.000000000000000000 ) ) ;
#3204 = EDGE_CURVE ( 'NONE', #1109, #124, #770, .T. ) ;
#3205 = DIRECTION ( 'NONE',  ( 0.9996314841802272921, 0.000000000000000000, 0.02714582538137666826 ) ) ;
#3206 = EDGE_CURVE ( 'NONE', #4870, #2971, #6959, .T. ) ;
#3207 = ORIENTED_EDGE ( 'NONE', *, *, #7166, .F. ) ;
#3208 = CARTESIAN_POINT ( 'NONE',  ( -0.8969327537763892577, -33.39999999999997726, -4.307610896448784921 ) ) ;
#3209 = DIRECTION ( 'NONE',  ( 1.883233150365978123E-16, -1.000000000000000000, -2.719624996528670136E-16 ) ) ;
#3210 = ORIENTED_EDGE ( 'NONE', *, *, #2980, .F. ) ;
#3211 = CARTESIAN_POINT ( 'NONE',  ( 3.701799997913059581, -23.99999999999997513, 3.361052926606474589 ) ) ;
#3212 = ORIENTED_EDGE ( 'NONE', *, *, #4970, .T. ) ;
#3213 = CARTESIAN_POINT ( 'NONE',  ( 1.019241765654988363, -32.99999999999997158, 4.895012382327868394 ) ) ;
#3214 = CARTESIAN_POINT ( 'NONE',  ( 2.296560377740040515, -30.49999999999997868, 4.016179778550139190 ) ) ;
#3215 = CARTESIAN_POINT ( 'NONE',  ( -2.296560377740040071, -24.09999999999997300, -4.016179778550416302 ) ) ;
#3216 = DIRECTION ( 'NONE',  ( 1.883233150365978123E-16, -1.000000000000000000, -2.719624996528670136E-16 ) ) ;
#3217 = CARTESIAN_POINT ( 'NONE',  ( 0.6552862419138221206, -22.08946057180406441, 4.735696057283770521 ) ) ;
#3218 = DIRECTION ( 'NONE',  ( 0.000000000000000000, 0.000000000000000000, 1.000000000000000000 ) ) ;
#3219 = CARTESIAN_POINT ( 'NONE',  ( -3.109937763673246813, -22.09999999999996945, 3.425226516351835393 ) ) ;
#3220 = CARTESIAN_POINT ( 'NONE',  ( -4.645878274610301339, -33.75326030453012294, -1.982119206386524723 ) ) ;
#3221 = DIRECTION ( 'NONE',  ( 2.081668171172362031E-17, -1.000000000000000000, -1.110223024625137558E-16 ) ) ;
#3222 = AXIS2_PLACEMENT_3D ( 'NONE', #1572, #3784, #2738 ) ;
#3223 = CARTESIAN_POINT ( 'NONE',  ( 3.409574497826957905E-17, -9.700000000000006395, 13.99999999999995026 ) ) ;
#3224 = CARTESIAN_POINT ( 'NONE',  ( 3.257583998163493533, -33.19999999999997442, 2.957726575413679893 ) ) ;
#3225 = VERTEX_POINT ( 'NONE', #6418 ) ;
#3226 = CARTESIAN_POINT ( 'NONE',  ( 0.8500000000000068612, -40.30000000000006111, -3.575349633252697945 ) ) ;
#3227 = CARTESIAN_POINT ( 'NONE',  ( 4.970396450522633458, -26.79999999999997584, 0.5432854909086584083 ) ) ;
#3228 = CARTESIAN_POINT ( 'NONE',  ( -0.6379219437123430092, -25.31263466775694226, 1.901900602754001746 ) ) ;
#3229 = CARTESIAN_POINT ( 'NONE',  ( -3.819613949003068498, -23.39999999999997726, 2.184158712314787198 ) ) ;
#3230 = CARTESIAN_POINT ( 'NONE',  ( -4.793872293848800759, -31.69999999999997087, -2.158265195769866640 ) ) ;
#3231 = CARTESIAN_POINT ( 'NONE',  ( -2.296560377740040071, -23.49999999999996447, -4.016179778550416302 ) ) ;
#3232 = EDGE_CURVE ( 'NONE', #5884, #6270, #298, .T. ) ;
#3233 = CIRCLE ( 'NONE', #6274, 2.099999999999997868 ) ;
#3234 = CARTESIAN_POINT ( 'NONE',  ( 12.52078873619546151, 107.0000000000000284, 2.136160751651473788 ) ) ;
#3235 = VERTEX_POINT ( 'NONE', #2531 ) ;
#3236 = CARTESIAN_POINT ( 'NONE',  ( -4.970396450522633458, -30.39999999999997371, -0.5432854909089367412 ) ) ;
#3237 = CARTESIAN_POINT ( 'NONE',  ( 16.75000000000363798, 3.400000000000000355, -26.95000000004302265 ) ) ;
#3238 = EDGE_CURVE ( 'NONE', #1808, #3854, #4789, .T. ) ;
#3239 = AXIS2_PLACEMENT_3D ( 'NONE', #1941, #5275, #4134 ) ;
#3240 = DIRECTION ( 'NONE',  ( 1.249000902703301108E-16, -1.101411730778925368E-15, 1.000000000000000000 ) ) ;
#3241 = VECTOR ( 'NONE', #1704, 1000.000000000000000 ) ;
#3242 = VECTOR ( 'NONE', #2223, 1000.000000000000000 ) ;
#3243 = CARTESIAN_POINT ( 'NONE',  ( -4.529290134332889295, -30.49999999999997158, 0.9430909082777385599 ) ) ;
#3244 = VERTEX_POINT ( 'NONE', #3158 ) ;
#3245 = CARTESIAN_POINT ( 'NONE',  ( 4.529290134332889295, -30.89999999999997371, -0.9430909082780154495 ) ) ;
#3246 = AXIS2_PLACEMENT_3D ( 'NONE', #1828, #5298, #6292 ) ;
#3247 = CARTESIAN_POINT ( 'NONE',  ( -0.4121719774545219983, -27.58293100091788475, -1.958612798277708844 ) ) ;
#3248 = ORIENTED_EDGE ( 'NONE', *, *, #6714, .F. ) ;
#3249 = EDGE_CURVE ( 'NONE', #6476, #5636, #5387, .T. ) ;
#3250 = CARTESIAN_POINT ( 'NONE',  ( -3.701799997913060025, -33.59999999999998010, -3.361052926606751257 ) ) ;
#3251 = ORIENTED_EDGE ( 'NONE', *, *, #1416, .F. ) ;
#3252 = CARTESIAN_POINT ( 'NONE',  ( 2.052632178329834023, -27.79999999999997229, -4.559243483351834492 ) ) ;
#3253 = CARTESIAN_POINT ( 'NONE',  ( -4.218607618586946550, -33.69999999999996021, -1.899273372277498817 ) ) ;
#3254 = CIRCLE ( 'NONE', #5587, 1.700000000000000178 ) ;
#3255 = CARTESIAN_POINT ( 'NONE',  ( -4.218607618586945662, -26.29999999999997229, -1.899273372277499039 ) ) ;
#3256 = CARTESIAN_POINT ( 'NONE',  ( 0.8999348706441063772, -35.08075277730374353, -1.786089928837794938 ) ) ;
#3257 = CARTESIAN_POINT ( 'NONE',  ( -2.414735078560331576E-16, 115.6000000000000369, 4.757305660518821966E-15 ) ) ;
#3258 = CIRCLE ( 'NONE', #912, 11.20000000000000639 ) ;
#3259 = CARTESIAN_POINT ( 'NONE',  ( 0.7520851145095333035, -39.22039325733497606, 1.853646023396243070 ) ) ;
#3260 = CARTESIAN_POINT ( 'NONE',  ( -4.970396450522633458, -27.19999999999997442, -0.5432854909089367412 ) ) ;
#3261 = CARTESIAN_POINT ( 'NONE',  ( -4.373948876459917479, -21.79999999999997584, -0.4780912319998809612 ) ) ;
#3262 = ORIENTED_EDGE ( 'NONE', *, *, #6338, .F. ) ;
#3263 = DIRECTION ( 'NONE',  ( -1.883233150365978123E-16, 1.000000000000000000, 2.719624996528670136E-16 ) ) ;
#3264 = CIRCLE ( 'NONE', #4653, 4.450000000000001066 ) ;
#3265 = FACE_BOUND ( 'NONE', #4361, .T. ) ;
#3266 = CARTESIAN_POINT ( 'NONE',  ( 3.819613949003068054, -29.59999999999997300, -2.184158712315064310 ) ) ;
#3267 = VERTEX_POINT ( 'NONE', #7058 ) ;
#3268 = CARTESIAN_POINT ( 'NONE',  ( 0.8500000000000069722, -40.80000000000011084, -3.059105261342189852 ) ) ;
#3269 = EDGE_CURVE ( 'NONE', #3068, #6017, #3006, .T. ) ;
#3270 = CARTESIAN_POINT ( 'NONE',  ( 4.340470396594395375, -26.99999999999997513, -2.481998536721644832 ) ) ;
#3271 = CARTESIAN_POINT ( 'NONE',  ( -7.733177691055203050E-29, -27.99999999999998224, -6.878734825178887674E-14 ) ) ;
#3272 = CARTESIAN_POINT ( 'NONE',  ( 0.8969327537763897018, -27.79999999999997229, 4.307610896448506921 ) ) ;
#3273 = DIRECTION ( 'NONE',  ( -1.883233150365978123E-16, 1.000000000000000000, 2.719624996528670136E-16 ) ) ;
#3274 = DIRECTION ( 'NONE',  ( -0.000000000000000000, 1.000000000000000000, -0.000000000000000000 ) ) ;
#3275 = ORIENTED_EDGE ( 'NONE', *, *, #1151, .F. ) ;
#3276 = CARTESIAN_POINT ( 'NONE',  ( 2.609727701977319736, -31.09999999999996945, 4.563840657443357429 ) ) ;
#3277 = EDGE_CURVE ( 'NONE', #3669, #2473, #2532, .T. ) ;
#3278 = DIRECTION ( 'NONE',  ( 0.000000000000000000, 0.000000000000000000, -1.000000000000000000 ) ) ;
#3279 = CARTESIAN_POINT ( 'NONE',  ( -0.8499999999999922062, -42.00000000000005684, 3.472481101460433095 ) ) ;
#3280 = ORIENTED_EDGE ( 'NONE', *, *, #997, .T. ) ;
#3281 = DIRECTION ( 'NONE',  ( 0.000000000000000000, 0.000000000000000000, -1.000000000000000000 ) ) ;
#3282 = CARTESIAN_POINT ( 'NONE',  ( -1.249938467791498864, -26.56987110165949773, -1.561298764789038840 ) ) ;
#3283 = ORIENTED_EDGE ( 'NONE', *, *, #6919, .T. ) ;
#3284 = CARTESIAN_POINT ( 'NONE',  ( 2.052632178329834023, -24.59999999999997300, -4.559243483351834492 ) ) ;
#3285 = EDGE_CURVE ( 'NONE', #6017, #711, #2096, .T. ) ;
#3286 = ORIENTED_EDGE ( 'NONE', *, *, #2093, .T. ) ;
#3287 = CARTESIAN_POINT ( 'NONE',  ( -4.218607618586946550, -27.69999999999996376, -1.899273372277498817 ) ) ;
#3288 = CARTESIAN_POINT ( 'NONE',  ( -0.8969327537763892577, -33.39999999999997726, -4.307610896448784921 ) ) ;
#3289 = CARTESIAN_POINT ( 'NONE',  ( -4.425617823162295583E-15, 20.26087079120528145, -2.000000000000010658 ) ) ;
#3290 = ADVANCED_FACE ( 'NONE', ( #5569 ), #1476, .F. ) ;
#3291 = CARTESIAN_POINT ( 'NONE',  ( -3.814552558157529027, -21.92828502454893069, 3.209412563373085447 ) ) ;
#3292 = CARTESIAN_POINT ( 'NONE',  ( 8.217522887949261152E-15, -41.85000000000005116, -2.839498382022352361E-14 ) ) ;
#3293 = CARTESIAN_POINT ( 'NONE',  ( 5.146920607196465269, -28.29999999999997584, -1.071694213952271379 ) ) ;
#3294 = CARTESIAN_POINT ( 'NONE',  ( -1.806316316930254073, -22.19999999999997797, 4.012134265349355466 ) ) ;
#3295 = ORIENTED_EDGE ( 'NONE', *, *, #724, .T. ) ;
#3296 = CARTESIAN_POINT ( 'NONE',  ( 16.74999999999999289, 3.400000000000000355, 25.25000000000000000 ) ) ;
#3297 = CARTESIAN_POINT ( 'NONE',  ( 3.534020185992327256, -24.49999999999997513, -3.892302859491017397 ) ) ;
#3298 = CARTESIAN_POINT ( 'NONE',  ( 7.274040777774582584E-16, -2.077341958608789341, -1.757831232144805540E-14 ) ) ;
#3299 = CARTESIAN_POINT ( 'NONE',  ( -4.218607618586945662, -28.29999999999997584, -1.899273372277499039 ) ) ;
#3300 = DIRECTION ( 'NONE',  ( 1.084683744678891232E-30, 1.000000000000000000, 9.740822494929354281E-16 ) ) ;
#3301 = CARTESIAN_POINT ( 'NONE',  ( 1.019241765654988141, -22.39999999999997726, 4.895012382327868394 ) ) ;
#3302 = CARTESIAN_POINT ( 'NONE',  ( -0.4124200630749134677, -27.58282718253232346, 1.958551118202422447 ) ) ;
#3303 = CARTESIAN_POINT ( 'NONE',  ( -0.5026948701872614444, -23.69999999999997442, 4.599042014346875540 ) ) ;
#3304 = CARTESIAN_POINT ( 'NONE',  ( -8.908906796682282803, 107.0000000000000000, 3.298693633550744408 ) ) ;
#3305 = EDGE_CURVE ( 'NONE', #4819, #5909, #2128, .T. ) ;
#3306 = CALENDAR_DATE ( 2023, 24, 12 ) ;
#3307 = CARTESIAN_POINT ( 'NONE',  ( 3.998525936720916274, -40.00000000000004974, 0.1085833015254782791 ) ) ;
#3308 = ORIENTED_EDGE ( 'NONE', *, *, #858, .F. ) ;
#3309 = CARTESIAN_POINT ( 'NONE',  ( 4.340470396594395375, -23.59999999999997655, -2.481998536721644832 ) ) ;
#3311 = DIRECTION ( 'NONE',  ( -0.7071067811865474617, 0.000000000000000000, -0.7071067811865474617 ) ) ;
#3310 = CARTESIAN_POINT ( 'NONE',  ( -2.296560377740040071, -33.49999999999997868, -4.016179778550416302 ) ) ;
#3312 = VECTOR ( 'NONE', #2722, 1000.000000000000000 ) ;
#3313 = CARTESIAN_POINT ( 'NONE',  ( -0.8499999999999923173, -41.93334692694458710, 3.541073277345708981 ) ) ;
#3314 = VERTEX_POINT ( 'NONE', #1623 ) ;
#3315 = CARTESIAN_POINT ( 'NONE',  ( -0.5026948701872614444, -24.29999999999997584, 4.599042014346876428 ) ) ;
#3316 = CARTESIAN_POINT ( 'NONE',  ( -16.75000000000000711, 104.0000000000000142, 28.50000000000000000 ) ) ;
#3317 = ORIENTED_EDGE ( 'NONE', *, *, #1981, .T. ) ;
#3318 = CARTESIAN_POINT ( 'NONE',  ( -1.019241765654987697, -24.79999999999997229, -4.895012382328145506 ) ) ;
#3319 = EDGE_LOOP ( 'NONE', ( #2874, #5437, #6976, #6401 ) ) ;
#3320 = CARTESIAN_POINT ( 'NONE',  ( -0.8969327537763892577, -23.39999999999997726, -4.307610896448784921 ) ) ;
#3321 = CARTESIAN_POINT ( 'NONE',  ( 1.806316316930254740, -25.79999999999997584, -4.012134265349632578 ) ) ;
#3322 = CARTESIAN_POINT ( 'NONE',  ( -0.8499999999999925393, -40.35271487694950565, 3.309039203103161242 ) ) ;
#3323 = ADVANCED_FACE ( 'NONE', ( #7178 ), #2684, .F. ) ;
#3324 = CARTESIAN_POINT ( 'NONE',  ( -22.50000000000000000, 104.0000000000000142, 26.00000000000000355 ) ) ;
#3325 = CARTESIAN_POINT ( 'NONE',  ( -7.868705687031631595E-16, -33.79999999999997584, -6.300000000000073541 ) ) ;
#3326 = CARTESIAN_POINT ( 'NONE',  ( 4.793872293848802535, -28.09999999999997655, 2.158265195769588196 ) ) ;
#3327 = CARTESIAN_POINT ( 'NONE',  ( -4.373948876459917479, -31.19999999999997797, -0.4780912319998809612 ) ) ;
#3328 = ORIENTED_EDGE ( 'NONE', *, *, #1010, .F. ) ;
#3329 = DIRECTION ( 'NONE',  ( -1.883233150365978123E-16, 1.000000000000000000, 2.719624996528670136E-16 ) ) ;
#3330 = EDGE_CURVE ( 'NONE', #5541, #3469, #5016, .T. ) ;
#3331 = VECTOR ( 'NONE', #4968, 1000.000000000000114 ) ;
#3332 = CARTESIAN_POINT ( 'NONE',  ( 17.50000000000000000, 98.00000000000000000, -31.00000000000000000 ) ) ;
#3333 = CARTESIAN_POINT ( 'NONE',  ( 3.819613949003068054, -27.59999999999997300, -2.184158712315064310 ) ) ;
#3334 = FACE_OUTER_BOUND ( 'NONE', #2235, .T. ) ;
#3335 = CIRCLE ( 'NONE', #3109, 3.674999999999999822 ) ;
#3336 = CARTESIAN_POINT ( 'NONE',  ( 1.088749038560275384, -27.03541833005408179, -1.679471909824740816 ) ) ;
#3337 = EDGE_CURVE ( 'NONE', #1795, #1086, #1373, .T. ) ;
#3338 = CARTESIAN_POINT ( 'NONE',  ( 5.146920607196465269, -23.49999999999997158, -1.071694213952271379 ) ) ;
#3339 = CYLINDRICAL_SURFACE ( 'NONE', #6646, 0.1999999999999987899 ) ;
#3340 = EDGE_CURVE ( 'NONE', #1670, #7254, #7218, .T. ) ;
#3341 = CARTESIAN_POINT ( 'NONE',  ( -4.373948876459917479, -21.19999999999997442, -0.4780912319998809612 ) ) ;
#3342 = CARTESIAN_POINT ( 'NONE',  ( -3.822243638138202768E-15, -27.65000000000010516, 2.000000000000004441 ) ) ;
#3343 = FACE_OUTER_BOUND ( 'NONE', #4509, .T. ) ;
#3344 = ORIENTED_EDGE ( 'NONE', *, *, #7053, .T. ) ;
#3345 = CARTESIAN_POINT ( 'NONE',  ( 0.5712441706673430097, -23.89999999999997016, -5.226184107212654695 ) ) ;
#3346 = CARTESIAN_POINT ( 'NONE',  ( 0.8500000000000068612, -39.40000000000006253, -1.810386699023193824 ) ) ;
#3347 = CARTESIAN_POINT ( 'NONE',  ( -4.970396450522633458, -26.39999999999997371, -0.5432854909089367412 ) ) ;
#3348 = VECTOR ( 'NONE', #1099, 1000.000000000000000 ) ;
#3349 = VECTOR ( 'NONE', #1553, 1000.000000000000000 ) ;
#3350 = FACE_OUTER_BOUND ( 'NONE', #3778, .T. ) ;
#3351 = ORIENTED_EDGE ( 'NONE', *, *, #2754, .T. ) ;
#3352 = DIRECTION ( 'NONE',  ( -2.081668171172178374E-17, 1.000000000000000000, 1.110223024625130533E-16 ) ) ;
#3353 = EDGE_LOOP ( 'NONE', ( #5507, #6716, #4410, #1050 ) ) ;
#3354 = VECTOR ( 'NONE', #1614, 1000.000000000000000 ) ;
#3355 = AXIS2_PLACEMENT_3D ( 'NONE', #7205, #3785, #3720 ) ;
#3356 = CARTESIAN_POINT ( 'NONE',  ( -5.146920607196466158, -31.89999999999997726, 1.071694213951994712 ) ) ;
#3357 = CARTESIAN_POINT ( 'NONE',  ( 1.918824731518334437, -33.50068467325926491, -4.313146507351408587 ) ) ;
#3358 = ORIENTED_EDGE ( 'NONE', *, *, #3391, .F. ) ;
#3359 = CARTESIAN_POINT ( 'NONE',  ( -2.296560377740040071, -27.49999999999997868, -4.016179778550416302 ) ) ;
#3360 = CARTESIAN_POINT ( 'NONE',  ( 1.806316316930254517, -27.19999999999997797, -4.012134265349633466 ) ) ;
#3361 = CARTESIAN_POINT ( 'NONE',  ( 0.5548042778871523639, -34.48183310415020486, -1.923467646845253176 ) ) ;
#3362 = AXIS2_PLACEMENT_3D ( 'NONE', #1879, #4573, #3004 ) ;
#3363 = AXIS2_PLACEMENT_3D ( 'NONE', #2483, #3575, #4736 ) ;
#3364 = VECTOR ( 'NONE', #6913, 1000.000000000000000 ) ;
#3365 = DIRECTION ( 'NONE',  ( 0.000000000000000000, 0.000000000000000000, 1.000000000000000000 ) ) ;
#3366 = CARTESIAN_POINT ( 'NONE',  ( -22.50000000000000000, 8.000000000000000000, -26.00000000000000355 ) ) ;
#3367 = ORIENTED_EDGE ( 'NONE', *, *, #6046, .T. ) ;
#3368 = CARTESIAN_POINT ( 'NONE',  ( -0.8969327537763891467, -24.79999999999997229, -4.307610896448784921 ) ) ;
#3369 = EDGE_LOOP ( 'NONE', ( #242, #5380, #3406, #3608 ) ) ;
#3370 = VECTOR ( 'NONE', #3311, 1000.000000000000114 ) ;
#3371 = CARTESIAN_POINT ( 'NONE',  ( 8.378751644940544807, 104.0000000000000142, -4.685778576971611820 ) ) ;
#3372 = EDGE_CURVE ( 'NONE', #1384, #2665, #4390, .T. ) ;
#3373 = CARTESIAN_POINT ( 'NONE',  ( 7.410578063764969782E-15, -42.00000000000005684, -2.840371640997498901E-14 ) ) ;
#3374 = VECTOR ( 'NONE', #5681, 1000.000000000000114 ) ;
#3375 = CARTESIAN_POINT ( 'NONE',  ( -3.819613949003068498, -23.99999999999997513, 2.184158712314787198 ) ) ;
#3376 = CARTESIAN_POINT ( 'NONE',  ( 0.8500000000000070832, -41.30000000000006111, -3.575349633252697945 ) ) ;
#3377 = CARTESIAN_POINT ( 'NONE',  ( 16.26345596729054677, 10.00000000000000000, -14.61345596729060325 ) ) ;
#3378 = DIRECTION ( 'NONE',  ( 0.9996314841802272921, 0.000000000000000000, 0.02714582538137666826 ) ) ;
#3379 = VECTOR ( 'NONE', #3898, 1000.000000000000000 ) ;
#3380 = AXIS2_PLACEMENT_3D ( 'NONE', #3098, #5908, #6909 ) ;
#3381 = CARTESIAN_POINT ( 'NONE',  ( -5.146920607196465269, -31.29999999999997229, 1.071694213951994712 ) ) ;
#3382 = CARTESIAN_POINT ( 'NONE',  ( 2.609727701977318848, -28.49999999999997513, 4.563840657443356541 ) ) ;
#3383 = CARTESIAN_POINT ( 'NONE',  ( -0.8499999999999922062, -41.90000000000007674, 3.575349633252641102 ) ) ;
#3384 = CARTESIAN_POINT ( 'NONE',  ( 4.340470396594395375, -25.59999999999996945, -2.481998536721644832 ) ) ;
#3385 = EDGE_CURVE ( 'NONE', #5734, #2159, #5533, .T. ) ;
#3386 = CARTESIAN_POINT ( 'NONE',  ( 1.806316316930254517, -29.19999999999997442, -4.012134265349633466 ) ) ;
#3387 = ORIENTED_EDGE ( 'NONE', *, *, #6691, .T. ) ;
#3388 = CARTESIAN_POINT ( 'NONE',  ( 0.5712441706673430097, -25.89999999999997371, -5.226184107212654695 ) ) ;
#3389 = CARTESIAN_POINT ( 'NONE',  ( 3.511711140156078071E-31, 43.61806232061201882, 9.745349977981016305E-16 ) ) ;
#3390 = LINE ( 'NONE', #2871, #2657 ) ;
#3391 = EDGE_CURVE ( 'NONE', #4608, #3428, #2240, .T. ) ;
#3392 = ORIENTED_EDGE ( 'NONE', *, *, #4981, .T. ) ;
#3393 = CARTESIAN_POINT ( 'NONE',  ( -16.26345596729044374, 10.00000000000000000, 16.26345596729075282 ) ) ;
#3394 = VERTEX_POINT ( 'NONE', #447 ) ;
#3395 = CARTESIAN_POINT ( 'NONE',  ( 5.146920607196465269, -29.49999999999997868, -1.071694213952271379 ) ) ;
#3396 = CARTESIAN_POINT ( 'NONE',  ( -2.609727701977318404, -29.49999999999997513, -4.563840657443635429 ) ) ;
#3397 = DIRECTION ( 'NONE',  ( 0.7071067811865474617, 0.000000000000000000, -0.7071067811865474617 ) ) ;
#3398 = VERTEX_POINT ( 'NONE', #5421 ) ;
#3399 = CARTESIAN_POINT ( 'NONE',  ( -0.8969327537763892577, -25.39999999999997371, -4.307610896448784921 ) ) ;
#3400 = CARTESIAN_POINT ( 'NONE',  ( 4.373948876459917479, -30.79999999999997584, 0.4780912319996028503 ) ) ;
#3401 = CYLINDRICAL_SURFACE ( 'NONE', #1154, 14.00000000000000000 ) ;
#3402 = AXIS2_PLACEMENT_3D ( 'NONE', #5622, #6827, #2284 ) ;
#3403 = ORIENTED_EDGE ( 'NONE', *, *, #1769, .T. ) ;
#3404 = CARTESIAN_POINT ( 'NONE',  ( -4.373948876459914814, -21.79999999999997584, -0.4780912319998806836 ) ) ;
#3405 = CARTESIAN_POINT ( 'NONE',  ( -5.834981137867143393E-29, -10.49999999999998934, -5.174090888566251563E-14 ) ) ;
#3406 = ORIENTED_EDGE ( 'NONE', *, *, #5739, .F. ) ;
#3407 = CARTESIAN_POINT ( 'NONE',  ( -2.296560377740040071, -29.49999999999997513, -4.016179778550416302 ) ) ;
#3408 = CARTESIAN_POINT ( 'NONE',  ( 1.806316316930254740, -26.59999999999997300, -4.012134265349632578 ) ) ;
#3409 = VERTEX_POINT ( 'NONE', #3837 ) ;
#3410 = DIRECTION ( 'NONE',  ( -1.000000000000000000, 0.000000000000000000, -0.000000000000000000 ) ) ;
#3411 = CARTESIAN_POINT ( 'NONE',  ( 22.50000000000000000, 8.000000000000000000, -26.00000000000000355 ) ) ;
#3412 = CARTESIAN_POINT ( 'NONE',  ( -3.819613949003068498, -27.99999999999997513, 2.184158712314787198 ) ) ;
#3413 = PLANE ( 'NONE',  #4045 ) ;
#3414 = CARTESIAN_POINT ( 'NONE',  ( 2.609727701977319292, -24.49999999999996803, 4.563840657443357429 ) ) ;
#3415 = FACE_OUTER_BOUND ( 'NONE', #5406, .T. ) ;
#3416 = CARTESIAN_POINT ( 'NONE',  ( -4.340470396594395375, -31.39999999999997016, 2.481998536721367721 ) ) ;
#3417 = LINE ( 'NONE', #5133, #1561 ) ;
#3418 = PRODUCT_DEFINITION_FORMATION_WITH_SPECIFIED_SOURCE ( '任何', '', #2503, .NOT_KNOWN. ) ;
#3419 = ORIENTED_EDGE ( 'NONE', *, *, #2251, .T. ) ;
#3420 = ADVANCED_FACE ( 'NONE', ( #2640, #6000 ), #4901, .F. ) ;
#3421 = DIRECTION ( 'NONE',  ( -0.000000000000000000, -1.000000000000000000, -0.000000000000000000 ) ) ;
#3422 = ORIENTED_EDGE ( 'NONE', *, *, #3982, .F. ) ;
#3423 = CARTESIAN_POINT ( 'NONE',  ( 5.146920607196465269, -25.49999999999997158, -1.071694213952271379 ) ) ;
#3424 = PLANE ( 'NONE',  #2436 ) ;
#3425 = CARTESIAN_POINT ( 'NONE',  ( -1.019241765654987697, -25.99999999999997513, -4.895012382328145506 ) ) ;
#3426 = EDGE_CURVE ( 'NONE', #1418, #6820, #771, .T. ) ;
#3427 = DIRECTION ( 'NONE',  ( -0.000000000000000000, 1.000000000000000000, -0.000000000000000000 ) ) ;
#3428 = VERTEX_POINT ( 'NONE', #7140 ) ;
#3429 = LINE ( 'NONE', #1671, #1385 ) ;
#3430 = ORIENTED_EDGE ( 'NONE', *, *, #3058, .T. ) ;
#3431 = CARTESIAN_POINT ( 'NONE',  ( 4.340470396594395375, -26.99999999999997513, -2.481998536721644832 ) ) ;
#3432 = DIRECTION ( 'NONE',  ( -0.7071067811865474617, 0.000000000000000000, -0.7071067811865474617 ) ) ;
#3433 = ORIENTED_EDGE ( 'NONE', *, *, #5841, .T. ) ;
#3434 = EDGE_CURVE ( 'NONE', #378, #2345, #4216, .T. ) ;
#3435 = CARTESIAN_POINT ( 'NONE',  ( -0.8969327537763892577, -27.39999999999997726, -4.307610896448784921 ) ) ;
#3436 = CARTESIAN_POINT ( 'NONE',  ( -1.806316316930254073, -26.19999999999997797, 4.012134265349355466 ) ) ;
#3437 = CIRCLE ( 'NONE', #2018, 6.299999999999998934 ) ;
#3438 = CARTESIAN_POINT ( 'NONE',  ( 6.109403585000321442E-15, -36.10000000000005116, -2.000000000000026201 ) ) ;
#3439 = CIRCLE ( 'NONE', #2854, 0.5000000000000012212 ) ;
#3440 = ORIENTED_EDGE ( 'NONE', *, *, #4931, .F. ) ;
#3441 = CARTESIAN_POINT ( 'NONE',  ( -1.462272396002108010, -22.01432912107191697, 4.260856631275730777 ) ) ;
#3442 = CARTESIAN_POINT ( 'NONE',  ( 0.6500000000000069056, -39.20000000000005969, -2.767830365924729837E-14 ) ) ;
#3443 = ORIENTED_EDGE ( 'NONE', *, *, #822, .F. ) ;
#3444 = CARTESIAN_POINT ( 'NONE',  ( 3.819613949003068054, -26.39999999999997371, -2.184158712315064310 ) ) ;
#3445 = ORIENTED_EDGE ( 'NONE', *, *, #5515, .T. ) ;
#3446 = CARTESIAN_POINT ( 'NONE',  ( 7.274040777774582584E-16, -2.077341958608789341, -1.757831232144805540E-14 ) ) ;
#3447 = CARTESIAN_POINT ( 'NONE',  ( 4.448360104602018694, -41.85000000000005116, 0.1207989229470977782 ) ) ;
#3448 = CARTESIAN_POINT ( 'NONE',  ( -4.373948876459917479, -27.79999999999997584, -0.4780912319998809612 ) ) ;
#3449 = CARTESIAN_POINT ( 'NONE',  ( 1.534308524016848925E-17, -33.79999999999999005, 6.299999999999924327 ) ) ;
#3450 = CARTESIAN_POINT ( 'NONE',  ( -4.340470396594395375, -23.99999999999997513, 2.481998536721368165 ) ) ;
#3451 = CARTESIAN_POINT ( 'NONE',  ( -16.75000000000000711, 100.5999999999999943, -28.50000000000000000 ) ) ;
#3452 = CARTESIAN_POINT ( 'NONE',  ( -7.733177691055203050E-29, -27.99999999999998224, -6.878734825178887674E-14 ) ) ;
#3453 = EDGE_LOOP ( 'NONE', ( #255, #388 ) ) ;
#3454 = CARTESIAN_POINT ( 'NONE',  ( -3.534020185992324148, -26.09999999999996945, 3.892302859490740286 ) ) ;
#3455 = CARTESIAN_POINT ( 'NONE',  ( 0.5026948701872619996, -27.29999999999997229, -4.599042014347153540 ) ) ;
#3456 = DIRECTION ( 'NONE',  ( 0.9996314841802272921, 0.000000000000000000, 0.02714582538137666826 ) ) ;
#3457 = ORIENTED_EDGE ( 'NONE', *, *, #6399, .F. ) ;
#3458 = CARTESIAN_POINT ( 'NONE',  ( -2.609727701977318404, -26.09999999999997655, -4.563840657443636317 ) ) ;
#3459 = DIRECTION ( 'NONE',  ( 0.000000000000000000, 0.000000000000000000, 1.000000000000000000 ) ) ;
#3460 = ADVANCED_FACE ( 'NONE', ( #3334 ), #6074, .T. ) ;
#3461 = AXIS2_PLACEMENT_3D ( 'NONE', #6664, #1657, #4536 ) ;
#3462 = EDGE_CURVE ( 'NONE', #3314, #754, #3918, .T. ) ;
#3463 = LINE ( 'NONE', #672, #6910 ) ;
#3464 = CC_DESIGN_PERSON_AND_ORGANIZATION_ASSIGNMENT ( #201, #3562, ( #559 ) ) ;
#3465 = CARTESIAN_POINT ( 'NONE',  ( -3.998525936720902507, -40.00000000000004974, -0.1085833015255345813 ) ) ;
#3466 = ORIENTED_EDGE ( 'NONE', *, *, #2933, .F. ) ;
#3467 = CARTESIAN_POINT ( 'NONE',  ( -4.793872293848800759, -29.69999999999997087, -2.158265195769866640 ) ) ;
#3468 = DIRECTION ( 'NONE',  ( -1.883233150365925861E-16, 1.000000000000000000, 2.719624996528607520E-16 ) ) ;
#3469 = VERTEX_POINT ( 'NONE', #3376 ) ;
#3470 = AXIS2_PLACEMENT_3D ( 'NONE', #3615, #2411, #826 ) ;
#3471 = CARTESIAN_POINT ( 'NONE',  ( -2.296560377740040071, -30.89999999999997371, -4.016179778550416302 ) ) ;
#3472 = CARTESIAN_POINT ( 'NONE',  ( -0.8969327537763892577, -29.39999999999997371, -4.307610896448784921 ) ) ;
#3473 = CARTESIAN_POINT ( 'NONE',  ( -4.218607618586945662, -24.29999999999997229, -1.899273372277499039 ) ) ;
#3474 = DIRECTION ( 'NONE',  ( 0.000000000000000000, 0.000000000000000000, 1.000000000000000000 ) ) ;
#3475 = EDGE_LOOP ( 'NONE', ( #6374, #3086, #5134, #355 ) ) ;
#3476 = CARTESIAN_POINT ( 'NONE',  ( -4.391424488099276324, -21.80660405630456111, -0.2910304482117788138 ) ) ;
#3477 = CARTESIAN_POINT ( 'NONE',  ( 0.8500000000000073053, -40.29999999999658655, 3.575349633253020354 ) ) ;
#3478 = VERTEX_POINT ( 'NONE', #3520 ) ;
#3479 = CARTESIAN_POINT ( 'NONE',  ( 0.8969327537763897018, -21.79999999999997229, 4.307610896448506921 ) ) ;
#3480 = ORIENTED_EDGE ( 'NONE', *, *, #2477, .T. ) ;
#3481 = CARTESIAN_POINT ( 'NONE',  ( 6.260599701156728106E-15, -25.15000000000002700, 1.999999999999994005 ) ) ;
#3482 = AXIS2_PLACEMENT_3D ( 'NONE', #1940, #2458, #6368 ) ;
#3483 = FACE_OUTER_BOUND ( 'NONE', #6572, .T. ) ;
#3484 = EDGE_CURVE ( 'NONE', #5903, #502, #3685, .T. ) ;
#3485 = CARTESIAN_POINT ( 'NONE',  ( 3.257583998163493533, -22.59999999999997300, 2.957726575413680337 ) ) ;
#3486 = CIRCLE ( 'NONE', #6154, 1.700000000000013944 ) ;
#3487 = DIRECTION ( 'NONE',  ( 0.000000000000000000, 0.000000000000000000, -1.000000000000000000 ) ) ;
#3488 = AXIS2_PLACEMENT_3D ( 'NONE', #2231, #1679, #3365 ) ;
#3489 = CARTESIAN_POINT ( 'NONE',  ( 16.74999999999999289, 104.0000000000000142, 28.50000000000000000 ) ) ;
#3490 = DIRECTION ( 'NONE',  ( -1.883233150365978123E-16, 1.000000000000000000, 2.719624996528670136E-16 ) ) ;
#3491 = CONICAL_SURFACE ( 'NONE', #327, 4.000000000000000000, 0.7853981633974453924 ) ;
#3492 = CARTESIAN_POINT ( 'NONE',  ( -3.998525936720901619, -40.00000000000004974, -0.1085833015255345674 ) ) ;
#3493 = ORIENTED_EDGE ( 'NONE', *, *, #4107, .F. ) ;
#3494 = CARTESIAN_POINT ( 'NONE',  ( -0.5712441706673427877, -26.29999999999997229, 5.226184107212377583 ) ) ;
#3495 = CARTESIAN_POINT ( 'NONE',  ( 1.806316316930254517, -29.19999999999997442, -4.012134265349633466 ) ) ;
#3496 = VECTOR ( 'NONE', #5934, 1000.000000000000000 ) ;
#3497 = CARTESIAN_POINT ( 'NONE',  ( 3.257583998163493533, -22.59999999999997300, 2.957726575413680337 ) ) ;
#3498 = CARTESIAN_POINT ( 'NONE',  ( -4.970396450522633458, -31.79999999999997584, -0.5432854909089366302 ) ) ;
#3499 = PLANE ( 'NONE',  #1271 ) ;
#3500 = CARTESIAN_POINT ( 'NONE',  ( 18.44999999999999574, 100.5999999999999943, 25.25000000000000000 ) ) ;
#3501 = VECTOR ( 'NONE', #442, 1000.000000000000000 ) ;
#3502 = ADVANCED_FACE ( 'NONE', ( #4022 ), #3413, .F. ) ;
#3503 = CARTESIAN_POINT ( 'NONE',  ( 16.26345596729054677, 0.000000000000000000, -16.26345596729060006 ) ) ;
#3504 = ORIENTED_EDGE ( 'NONE', *, *, #3707, .T. ) ;
#3505 = CARTESIAN_POINT ( 'NONE',  ( -4.340470396594395375, -27.99999999999997513, 2.481998536721368165 ) ) ;
#3506 = CARTESIAN_POINT ( 'NONE',  ( -0.7018188879330141683, -39.20000000000005969, -1.873620176398113069 ) ) ;
#3507 = EDGE_LOOP ( 'NONE', ( #6117, #6800, #5060, #6168 ) ) ;
#3508 = CARTESIAN_POINT ( 'NONE',  ( -1.806316316930254073, -22.19999999999997797, 4.012134265349355466 ) ) ;
#3509 = CARTESIAN_POINT ( 'NONE',  ( -4.529290134332890183, -27.89999999999997726, 0.9430909082777386709 ) ) ;
#3510 = CARTESIAN_POINT ( 'NONE',  ( 6.297678350335438324, -36.60000000000005826, 0.1710186999026460375 ) ) ;
#3511 = ORIENTED_EDGE ( 'NONE', *, *, #6919, .F. ) ;
#3512 = CARTESIAN_POINT ( 'NONE',  ( -0.8500000000000044187, 20.26087079120528145, -3.575349633252681514 ) ) ;
#3513 = DIRECTION ( 'NONE',  ( -8.831770080096149493E-17, 0.7071067811865489050, -0.7071067811865461294 ) ) ;
#3514 = ORIENTED_EDGE ( 'NONE', *, *, #2505, .F. ) ;
#3515 = CARTESIAN_POINT ( 'NONE',  ( -4.529290134332889295, -21.29999999999997229, 0.9430909082777385599 ) ) ;
#3516 = ORIENTED_EDGE ( 'NONE', *, *, #6097, .F. ) ;
#3517 = DIRECTION ( 'NONE',  ( -0.000000000000000000, -1.000000000000000000, -0.000000000000000000 ) ) ;
#3518 = CARTESIAN_POINT ( 'NONE',  ( -16.75000000000000711, 0.000000000000000000, -25.25000000000000000 ) ) ;
#3519 = CARTESIAN_POINT ( 'NONE',  ( 0.8969327537763894798, -28.39999999999997726, 4.307610896448506921 ) ) ;
#3520 = CARTESIAN_POINT ( 'NONE',  ( 5.797862608245324623, -38.20000000000005258, 0.1574457872119572610 ) ) ;
#3521 = CARTESIAN_POINT ( 'NONE',  ( 0.1705571711406185520, -27.64112054284506925, -1.994418295060077506 ) ) ;
#3522 = DIRECTION ( 'NONE',  ( 1.084683744678891232E-30, 1.000000000000000000, 9.740822494929354281E-16 ) ) ;
#3523 = EDGE_CURVE ( 'NONE', #2837, #1346, #3947, .T. ) ;
#3524 = FACE_OUTER_BOUND ( 'NONE', #4728, .T. ) ;
#3525 = ORIENTED_EDGE ( 'NONE', *, *, #6456, .T. ) ;
#3526 = CARTESIAN_POINT ( 'NONE',  ( -4.970396450522633458, -23.79999999999997229, -0.5432854909089366302 ) ) ;
#3527 = CARTESIAN_POINT ( 'NONE',  ( -3.819613949003068498, -25.99999999999997513, 2.184158712314787198 ) ) ;
#3528 = CARTESIAN_POINT ( 'NONE',  ( -2.296560377740040071, -27.49999999999997868, -4.016179778550416302 ) ) ;
#3529 = CARTESIAN_POINT ( 'NONE',  ( 5.146920607196465269, -32.89999999999997016, -1.071694213952271379 ) ) ;
#3530 = CARTESIAN_POINT ( 'NONE',  ( 17.50000000000000000, 8.000000000000000000, 31.00000000000000000 ) ) ;
#3531 = DIRECTION ( 'NONE',  ( -1.249000902703301108E-16, 9.912705577010326536E-16, -1.000000000000000000 ) ) ;
#3532 = CARTESIAN_POINT ( 'NONE',  ( 17.50000000000000000, 0.000000000000000000, -31.00000000000000000 ) ) ;
#3533 = ORIENTED_EDGE ( 'NONE', *, *, #4288, .T. ) ;
#3534 = CARTESIAN_POINT ( 'NONE',  ( 1.019241765654988141, -24.39999999999997726, 4.895012382327868394 ) ) ;
#3535 = DIRECTION ( 'NONE',  ( -0.000000000000000000, -1.000000000000000000, -0.000000000000000000 ) ) ;
#3536 = ORIENTED_EDGE ( 'NONE', *, *, #2567, .T. ) ;
#3537 = CARTESIAN_POINT ( 'NONE',  ( 3.819613949003068498, -22.99999999999997513, -2.184158712315064310 ) ) ;
#3538 = CARTESIAN_POINT ( 'NONE',  ( -4.218607618586946550, -25.69999999999996732, -1.899273372277498817 ) ) ;
#3539 = CARTESIAN_POINT ( 'NONE',  ( 1.806316316930254740, -23.79999999999997584, -4.012134265349632578 ) ) ;
#3540 = CARTESIAN_POINT ( 'NONE',  ( 17.50000000000000000, 98.00000000000000000, 31.00000000000000000 ) ) ;
#3541 = EDGE_LOOP ( 'NONE', ( #638, #4999, #4086, #24 ) ) ;
#3542 = CARTESIAN_POINT ( 'NONE',  ( 0.6500000000000070166, -39.40000000000006253, -2.773269615917786759E-14 ) ) ;
#3543 = CARTESIAN_POINT ( 'NONE',  ( 0.4566384387828368863, -34.41547488181596037, 1.950323964314230274 ) ) ;
#3544 = VERTEX_POINT ( 'NONE', #5750 ) ;
#3545 = CARTESIAN_POINT ( 'NONE',  ( -5.146920607196465269, -27.29999999999997584, 1.071694213951994712 ) ) ;
#3546 = ORIENTED_EDGE ( 'NONE', *, *, #6490, .F. ) ;
#3547 = PLANE ( 'NONE',  #4660 ) ;
#3548 = AXIS2_PLACEMENT_3D ( 'NONE', #1035, #2245, #490 ) ;
#3549 = CARTESIAN_POINT ( 'NONE',  ( 17.50000000000000000, 98.00000000000000000, -31.00000000000000000 ) ) ;
#3550 = ADVANCED_FACE ( 'NONE', ( #185 ), #2422, .T. ) ;
#3551 = CARTESIAN_POINT ( 'NONE',  ( -3.109937763673246813, -22.09999999999996945, 3.425226516351835393 ) ) ;
#3552 = EDGE_CURVE ( 'NONE', #6082, #1131, #4065, .T. ) ;
#3553 = FACE_OUTER_BOUND ( 'NONE', #5145, .T. ) ;
#3554 = CARTESIAN_POINT ( 'NONE',  ( 6.673271704649158998E-15, -33.65000000000005542, -2.616489132307001197E-14 ) ) ;
#3555 = CARTESIAN_POINT ( 'NONE',  ( -16.75000000000000711, 104.0000000000000142, -25.25000000000000000 ) ) ;
#3556 = VERTEX_POINT ( 'NONE', #5716 ) ;
#3557 = CARTESIAN_POINT ( 'NONE',  ( 3.109937763673247257, -25.09999999999996945, -3.425226516352112505 ) ) ;
#3558 = EDGE_CURVE ( 'NONE', #3145, #5982, #2858, .T. ) ;
#3559 = CARTESIAN_POINT ( 'NONE',  ( -3.109937763673246813, -26.09999999999996945, 3.425226516351835393 ) ) ;
#3560 = DIRECTION ( 'NONE',  ( -1.883233150365978123E-16, 1.000000000000000000, 2.719624996528670136E-16 ) ) ;
#3561 = DIRECTION ( 'NONE',  ( -0.000000000000000000, 1.000000000000000000, -0.000000000000000000 ) ) ;
#3562 = PERSON_AND_ORGANIZATION_ROLE ( 'creator' ) ;
#3563 = AXIS2_PLACEMENT_3D ( 'NONE', #5977, #4407, #5943 ) ;
#3564 = EDGE_CURVE ( 'NONE', #101, #7200, #4643, .T. ) ;
#3565 = CARTESIAN_POINT ( 'NONE',  ( 7.925621749642534064E-15, -40.30000000000006111, -2.797344194576157980E-14 ) ) ;
#3566 = VERTEX_POINT ( 'NONE', #6888 ) ;
#3567 = CARTESIAN_POINT ( 'NONE',  ( -3.701799997913060025, -25.59999999999997655, -3.361052926606751257 ) ) ;
#3568 = CARTESIAN_POINT ( 'NONE',  ( -17.50000000000000000, 10.00000000000000000, -31.00000000000000000 ) ) ;
#3569 = ORIENTED_EDGE ( 'NONE', *, *, #191, .T. ) ;
#3570 = CARTESIAN_POINT ( 'NONE',  ( 0.8969327537763894798, -24.39999999999997726, 4.307610896448506921 ) ) ;
#3571 = DIRECTION ( 'NONE',  ( -5.551115123125790098E-17, 0.000000000000000000, -1.000000000000000000 ) ) ;
#3572 = AXIS2_PLACEMENT_3D ( 'NONE', #5183, #2409, #27 ) ;
#3573 = EDGE_LOOP ( 'NONE', ( #1322, #4159, #6458, #6939 ) ) ;
#3574 = DIRECTION ( 'NONE',  ( 0.9996314841802272921, 0.000000000000000000, 0.02714582538137663703 ) ) ;
#3575 = DIRECTION ( 'NONE',  ( -0.000000000000000000, 1.000000000000000000, -0.000000000000000000 ) ) ;
#3576 = ORIENTED_EDGE ( 'NONE', *, *, #1276, .T. ) ;
#3577 = CARTESIAN_POINT ( 'NONE',  ( 0.5712441706673430097, -30.69999999999997442, -5.226184107212654695 ) ) ;
#3578 = ORIENTED_EDGE ( 'NONE', *, *, #7166, .T. ) ;
#3579 = FACE_OUTER_BOUND ( 'NONE', #648, .T. ) ;
#3580 = CARTESIAN_POINT ( 'NONE',  ( 22.50000000000000000, 98.00000000000000000, -26.00000000000000355 ) ) ;
#3581 = AXIS2_PLACEMENT_3D ( 'NONE', #2796, #5022, #2832 ) ;
#3582 = CARTESIAN_POINT ( 'NONE',  ( 22.50000000000000000, 104.0000000000000142, -26.00000000000000355 ) ) ;
#3583 = PLANE ( 'NONE',  #3005 ) ;
#3584 = EDGE_CURVE ( 'NONE', #2473, #5744, #2059, .T. ) ;
#3585 = DIRECTION ( 'NONE',  ( 2.081668171172362031E-17, -1.000000000000000000, -1.110223024625137558E-16 ) ) ;
#3586 = CIRCLE ( 'NONE', #2190, 1.700000000000007061 ) ;
#3587 = VECTOR ( 'NONE', #290, 1000.000000000000000 ) ;
#3588 = CARTESIAN_POINT ( 'NONE',  ( 5.797862608245323734, -35.00000000000004974, 0.1574457872119581214 ) ) ;
#3589 = CARTESIAN_POINT ( 'NONE',  ( -16.75000000000000711, 104.0000000000000142, 28.50000000000000000 ) ) ;
#3590 = VECTOR ( 'NONE', #4604, 1000.000000000000000 ) ;
#3591 = CONICAL_SURFACE ( 'NONE', #440, 14.00000000000000000, 0.7853981633974516097 ) ;
#3592 = VERTEX_POINT ( 'NONE', #3981 ) ;
#3593 = CARTESIAN_POINT ( 'NONE',  ( 4.373948876459917479, -22.79999999999997229, 0.4780912319996028503 ) ) ;
#3594 = CARTESIAN_POINT ( 'NONE',  ( -3.819613949003068498, -29.99999999999997868, 2.184158712314787198 ) ) ;
#3595 = EDGE_CURVE ( 'NONE', #1131, #4034, #6736, .T. ) ;
#3596 = CARTESIAN_POINT ( 'NONE',  ( 1.806316316930254517, -25.19999999999997442, -4.012134265349633466 ) ) ;
#3597 = DIRECTION ( 'NONE',  ( 0.000000000000000000, 0.000000000000000000, 1.000000000000000000 ) ) ;
#3598 = CARTESIAN_POINT ( 'NONE',  ( -16.26345596729044374, 10.00000000000000000, 16.26345596729075282 ) ) ;
#3599 = AXIS2_PLACEMENT_3D ( 'NONE', #5839, #5214, #5366 ) ;
#3600 = CARTESIAN_POINT ( 'NONE',  ( -3.701799997913060025, -33.59999999999998010, -3.361052926606751257 ) ) ;
#3601 = CARTESIAN_POINT ( 'NONE',  ( 0.000000000000000000, 0.000000000000000000, 0.000000000000000000 ) ) ;
#3602 = ADVANCED_FACE ( 'NONE', ( #4500 ), #1723, .F. ) ;
#3603 = AXIS2_PLACEMENT_3D ( 'NONE', #4614, #2435, #4656 ) ;
#3604 = DIRECTION ( 'NONE',  ( -1.249000902703301108E-16, 1.011922027653137537E-15, -1.000000000000000000 ) ) ;
#3605 = ORIENTED_EDGE ( 'NONE', *, *, #417, .T. ) ;
#3606 = CARTESIAN_POINT ( 'NONE',  ( -4.340470396594395375, -21.99999999999997868, 2.481998536721368165 ) ) ;
#3607 = CARTESIAN_POINT ( 'NONE',  ( 22.50000000000000000, 8.000000000000003553, -26.00000000000000355 ) ) ;
#3608 = ORIENTED_EDGE ( 'NONE', *, *, #6386, .T. ) ;
#3609 = AXIS2_PLACEMENT_3D ( 'NONE', #331, #3155, #4383 ) ;
#3610 = AXIS2_PLACEMENT_3D ( 'NONE', #5295, #1452, #6973 ) ;
#3611 = CARTESIAN_POINT ( 'NONE',  ( 0.5026948701872619996, -23.29999999999997229, -4.599042014347151763 ) ) ;
#3612 = ADVANCED_FACE ( 'NONE', ( #6813 ), #5642, .F. ) ;
#3613 = PLANE ( 'NONE',  #2332 ) ;
#3614 = ORIENTED_EDGE ( 'NONE', *, *, #5195, .F. ) ;
#3615 = CARTESIAN_POINT ( 'NONE',  ( 7.184590085721058551E-15, -40.80000000000006111, -2.807736141039155475E-14 ) ) ;
#3616 = DIRECTION ( 'NONE',  ( 1.084683744678891232E-30, 1.000000000000000000, 9.740822494929354281E-16 ) ) ;
#3617 = VERTEX_POINT ( 'NONE', #3449 ) ;
#3618 = CARTESIAN_POINT ( 'NONE',  ( 2.052632178329834023, -28.59999999999997655, -4.559243483351834492 ) ) ;
#3619 = EDGE_LOOP ( 'NONE', ( #4737, #5394, #5179, #2865 ) ) ;
#3620 = CARTESIAN_POINT ( 'NONE',  ( -5.146920607196465269, -30.49999999999997158, 1.071694213951994712 ) ) ;
#3621 = FACE_OUTER_BOUND ( 'NONE', #4663, .T. ) ;
#3622 = DIRECTION ( 'NONE',  ( -1.883233150365978123E-16, 1.000000000000000000, 2.719624996528670136E-16 ) ) ;
#3623 = CARTESIAN_POINT ( 'NONE',  ( 6.852178853933925737E-15, -34.60000000000005116, -2.642325569774023549E-14 ) ) ;
#3624 = DIRECTION ( 'NONE',  ( 0.02714582538137678969, 2.769744689945855113E-16, -0.9996314841802272921 ) ) ;
#3625 = CARTESIAN_POINT ( 'NONE',  ( 2.571758278209440971E-16, 10.00000000000000000, -23.40000000000000213 ) ) ;
#3626 = CARTESIAN_POINT ( 'NONE',  ( 3.511711140156078071E-31, 43.61806232061201882, 9.745349977981016305E-16 ) ) ;
#3627 = FACE_OUTER_BOUND ( 'NONE', #2246, .T. ) ;
#3628 = ORIENTED_EDGE ( 'NONE', *, *, #764, .F. ) ;
#3629 = CARTESIAN_POINT ( 'NONE',  ( -2.296560377740040515, -23.49999999999996803, -4.016179778550417190 ) ) ;
#3630 = CARTESIAN_POINT ( 'NONE',  ( 3.109937763673247257, -27.09999999999996589, -3.425226516352112061 ) ) ;
#3631 = CARTESIAN_POINT ( 'NONE',  ( -4.970396450522633458, -33.80000000000387672, -0.5432854909089366302 ) ) ;
#3632 = CARTESIAN_POINT ( 'NONE',  ( 3.109937763673247257, -31.09999999999997655, -3.425226516352112061 ) ) ;
#3633 = DIRECTION ( 'NONE',  ( -1.883233150365978123E-16, 1.000000000000000000, 2.719624996528670136E-16 ) ) ;
#3634 = DIRECTION ( 'NONE',  ( 1.883233150365925861E-16, -1.000000000000000000, -2.719624996528607520E-16 ) ) ;
#3635 = ORIENTED_EDGE ( 'NONE', *, *, #4248, .F. ) ;
#3636 = CARTESIAN_POINT ( 'NONE',  ( -4.970396450522633458, -25.79999999999997584, -0.5432854909089366302 ) ) ;
#3637 = EDGE_LOOP ( 'NONE', ( #6364, #1968 ) ) ;
#3638 = EDGE_CURVE ( 'NONE', #1616, #6611, #5694, .T. ) ;
#3639 = CARTESIAN_POINT ( 'NONE',  ( -16.75000000000000711, 3.400000000000000355, -23.54999999999998650 ) ) ;
#3640 = ORIENTED_EDGE ( 'NONE', *, *, #6432, .T. ) ;
#3641 = CARTESIAN_POINT ( 'NONE',  ( -5.997788905081352873, -40.20000000000005258, -0.1628749522882886047 ) ) ;
#3642 = CARTESIAN_POINT ( 'NONE',  ( 0.000000000000000000, 0.000000000000000000, -27.59999999999999432 ) ) ;
#3643 = ORIENTED_EDGE ( 'NONE', *, *, #375, .F. ) ;
#3644 = ADVANCED_FACE ( 'NONE', ( #6779 ), #1766, .F. ) ;
#3645 = CARTESIAN_POINT ( 'NONE',  ( 2.052632178329834023, -30.59999999999997300, -4.559243483351834492 ) ) ;
#3646 = ORIENTED_EDGE ( 'NONE', *, *, #6844, .T. ) ;
#3647 = EDGE_CURVE ( 'NONE', #6019, #5184, #1803, .T. ) ;
#3648 = CARTESIAN_POINT ( 'NONE',  ( -4.373948876459917479, -31.79999999999997584, -0.4780912319998809612 ) ) ;
#3649 = DIRECTION ( 'NONE',  ( -0.9377796628086615405, 0.000000000000000000, 0.3472309087948148298 ) ) ;
#3650 = CARTESIAN_POINT ( 'NONE',  ( -16.75000000000000711, 0.000000000000000000, -22.00000000000000711 ) ) ;
#3651 = DIRECTION ( 'NONE',  ( 0.000000000000000000, 0.000000000000000000, -1.000000000000000000 ) ) ;
#3652 = EDGE_CURVE ( 'NONE', #4769, #531, #1135, .T. ) ;
#3653 = TOROIDAL_SURFACE ( 'NONE', #1444, 6.299999999999999822, 0.5000000000000008882 ) ;
#3654 = CARTESIAN_POINT ( 'NONE',  ( -2.556274771270001356, -33.66531319562474067, -3.625108595378343068 ) ) ;
#3655 = DIRECTION ( 'NONE',  ( 0.02714582538137678969, 2.769744689945855113E-16, -0.9996314841802272921 ) ) ;
#3656 = CARTESIAN_POINT ( 'NONE',  ( -6.245004513516469795E-17, 107.0000000000000000, 3.802513859341206116E-15 ) ) ;
#3657 = ORIENTED_EDGE ( 'NONE', *, *, #3652, .F. ) ;
#3658 = CARTESIAN_POINT ( 'NONE',  ( -3.109937763673246813, -24.09999999999997300, 3.425226516351835837 ) ) ;
#3659 = CARTESIAN_POINT ( 'NONE',  ( -3.534020185992325036, -28.09999999999996945, 3.892302859490741174 ) ) ;
#3660 = LINE ( 'NONE', #5898, #1731 ) ;
#3661 = CARTESIAN_POINT ( 'NONE',  ( 0.5026948701872618885, -28.69999999999997442, -4.599042014347152652 ) ) ;
#3662 = CARTESIAN_POINT ( 'NONE',  ( 4.340470396594395375, -22.39999999999997016, -2.481998536721644832 ) ) ;
#3663 = CARTESIAN_POINT ( 'NONE',  ( -2.296560377740040071, -26.09999999999997655, -4.016179778550416302 ) ) ;
#3664 = B_SPLINE_CURVE_WITH_KNOTS ( 'NONE', 3,
 ( #4132, #6987, #6470, #1977, #6367, #4200 ),
 .UNSPECIFIED., .F., .F.,
 ( 4, 2, 4 ),
 ( 0.000000000000000000, 0.0001578397361061702447, 0.0003156794722123404894 ),
 .UNSPECIFIED. ) ;
#3665 = LINE ( 'NONE', #412, #5572 ) ;
#3666 = VERTEX_POINT ( 'NONE', #6303 ) ;
#3667 = CARTESIAN_POINT ( 'NONE',  ( 4.970396450522633458, -33.39999999999997726, 0.5432854909086584083 ) ) ;
#3668 = LINE ( 'NONE', #6904, #4863 ) ;
#3669 = VERTEX_POINT ( 'NONE', #1297 ) ;
#3670 = EDGE_CURVE ( 'NONE', #145, #6437, #3586, .T. ) ;
#3671 = DIRECTION ( 'NONE',  ( -1.000000000000000000, 0.000000000000000000, 0.000000000000000000 ) ) ;
#3672 = VERTEX_POINT ( 'NONE', #3112 ) ;
#3673 = DIRECTION ( 'NONE',  ( -0.000000000000000000, 1.000000000000000000, -0.000000000000000000 ) ) ;
#3674 = DIRECTION ( 'NONE',  ( 0.9940792901045264474, 0.000000000000000000, 0.1086570981817595871 ) ) ;
#3675 = VERTEX_POINT ( 'NONE', #362 ) ;
#3676 = CARTESIAN_POINT ( 'NONE',  ( 1.019241765654988363, -27.79999999999997229, 4.895012382327868394 ) ) ;
#3677 = ORIENTED_EDGE ( 'NONE', *, *, #6236, .F. ) ;
#3678 = CARTESIAN_POINT ( 'NONE',  ( 4.373948876459917479, -30.79999999999997584, 0.4780912319996028503 ) ) ;
#3679 = DIRECTION ( 'NONE',  ( -0.02714582538137666826, -2.769744689945855113E-16, 0.9996314841802272921 ) ) ;
#3680 = ADVANCED_FACE ( 'NONE', ( #291 ), #3810, .F. ) ;
#3681 = CARTESIAN_POINT ( 'NONE',  ( -16.75000000000000711, 0.000000000000000000, -26.95000000000000995 ) ) ;
#3682 = DIRECTION ( 'NONE',  ( -1.883233150365978123E-16, 1.000000000000000000, 2.719624996528670136E-16 ) ) ;
#3683 = DIRECTION ( 'NONE',  ( 0.000000000000000000, 0.000000000000000000, 1.000000000000000000 ) ) ;
#3684 = CARTESIAN_POINT ( 'NONE',  ( 16.74999999999999289, 98.00000000000000000, 26.95000000000000284 ) ) ;
#3685 = CIRCLE ( 'NONE', #3115, 3.674999999999999822 ) ;
#3686 = DIRECTION ( 'NONE',  ( -5.551115123125774690E-17, 0.000000000000000000, -1.000000000000000000 ) ) ;
#3687 = EDGE_CURVE ( 'NONE', #1003, #3794, #761, .T. ) ;
#3688 = VERTEX_POINT ( 'NONE', #1980 ) ;
#3689 = CIRCLE ( 'NONE', #4627, 1.700000000000000178 ) ;
#3690 = CARTESIAN_POINT ( 'NONE',  ( 16.74999999999999289, 104.0000000000000142, 26.95000000000000284 ) ) ;
#3691 = CARTESIAN_POINT ( 'NONE',  ( -0.5712441706673426767, -26.29999999999997229, 5.226184107212377583 ) ) ;
#3692 = CARTESIAN_POINT ( 'NONE',  ( 0.8969327537763894798, -30.39999999999997726, 4.307610896448506921 ) ) ;
#3693 = CARTESIAN_POINT ( 'NONE',  ( 0.8500000000000069722, -40.80000000000011084, -3.059105261342189852 ) ) ;
#3694 = CARTESIAN_POINT ( 'NONE',  ( 3.257583998163493533, -29.99999999999997513, 2.957726575413679893 ) ) ;
#3695 = CARTESIAN_POINT ( 'NONE',  ( 3.534020185992324592, -33.09999999999995879, -3.892302859491016953 ) ) ;
#3696 = CIRCLE ( 'NONE', #4639, 5.799999999999999822 ) ;
#3697 = AXIS2_PLACEMENT_3D ( 'NONE', #2626, #942, #6021 ) ;
#3698 = EDGE_CURVE ( 'NONE', #3235, #3409, #1433, .T. ) ;
#3699 = VECTOR ( 'NONE', #739, 1000.000000000000000 ) ;
#3700 = CARTESIAN_POINT ( 'NONE',  ( -17.50000000000000000, 104.0000000000000142, -31.00000000000000000 ) ) ;
#3701 = VERTEX_POINT ( 'NONE', #6990 ) ;
#3702 = AXIS2_PLACEMENT_3D ( 'NONE', #817, #741, #5255 ) ;
#3703 = VECTOR ( 'NONE', #6692, 1000.000000000000000 ) ;
#3704 = CARTESIAN_POINT ( 'NONE',  ( -2.609727701977318404, -30.09999999999997655, -4.563840657443636317 ) ) ;
#3705 = DIRECTION ( 'NONE',  ( -1.249000902703301108E-16, 1.101411730778925368E-15, -1.000000000000000000 ) ) ;
#3706 = CARTESIAN_POINT ( 'NONE',  ( -0.8499999999999923173, -41.96668065139895276, 3.506784145240532613 ) ) ;
#3707 = EDGE_CURVE ( 'NONE', #4608, #6496, #5103, .T. ) ;
#3708 = ORIENTED_EDGE ( 'NONE', *, *, #6316, .T. ) ;
#3709 = CARTESIAN_POINT ( 'NONE',  ( -4.529290134332889295, -31.89999999999997726, 0.9430909082777386709 ) ) ;
#3710 = DIRECTION ( 'NONE',  ( -0.000000000000000000, 1.000000000000000000, 0.000000000000000000 ) ) ;
#3711 = ORIENTED_EDGE ( 'NONE', *, *, #6272, .F. ) ;
#3712 = CARTESIAN_POINT ( 'NONE',  ( -0.5712441706673425657, -23.69999999999997442, 5.226184107212376695 ) ) ;
#3713 = ORIENTED_EDGE ( 'NONE', *, *, #5488, .F. ) ;
#3714 = AXIS2_PLACEMENT_3D ( 'NONE', #4930, #5417, #5452 ) ;
#3715 = CARTESIAN_POINT ( 'NONE',  ( -2.052632178329834023, -32.79999999999997584, 4.559243483351559156 ) ) ;
#3716 = PLANE ( 'NONE',  #2759 ) ;
#3717 = CARTESIAN_POINT ( 'NONE',  ( 3.109937763673246813, -25.69999999999997442, -3.425226516352113837 ) ) ;
#3718 = CYLINDRICAL_SURFACE ( 'NONE', #5327, 7.800000000000000711 ) ;
#3719 = TOROIDAL_SURFACE ( 'NONE', #574, 3.674999999999999822, 0.5000000000000004441 ) ;
#3720 = DIRECTION ( 'NONE',  ( 0.000000000000000000, 0.000000000000000000, -1.000000000000000000 ) ) ;
#3721 = CARTESIAN_POINT ( 'NONE',  ( -16.75000000000000711, 104.0000000000000142, 25.25000000000000000 ) ) ;
#3722 = CARTESIAN_POINT ( 'NONE',  ( 0.5026948701872618885, -27.89999999999997371, -4.599042014347152652 ) ) ;
#3723 = CARTESIAN_POINT ( 'NONE',  ( -1.230482116838707451, -33.61140293492062625, -4.297801793544453020 ) ) ;
#3724 = DIRECTION ( 'NONE',  ( -0.000000000000000000, -1.000000000000000000, -0.000000000000000000 ) ) ;
#3725 = CARTESIAN_POINT ( 'NONE',  ( 4.340470396594395375, -24.39999999999997371, -2.481998536721644832 ) ) ;
#3726 = DIRECTION ( 'NONE',  ( 0.9377796628086615405, 0.000000000000000000, -0.3472309087948147743 ) ) ;
#3727 = CARTESIAN_POINT ( 'NONE',  ( -4.529290134332889295, -32.49999999999997158, 0.9430909082777385599 ) ) ;
#3728 = ORIENTED_EDGE ( 'NONE', *, *, #2822, .T. ) ;
#3729 = CARTESIAN_POINT ( 'NONE',  ( -0.8277737773821318701, -39.29458275839577652, -3.580761545280440661 ) ) ;
#3730 = CARTESIAN_POINT ( 'NONE',  ( 0.5712441706673431208, -25.29999999999997229, -5.226184107212654695 ) ) ;
#3731 = ADVANCED_FACE ( 'NONE', ( #1462 ), #7020, .T. ) ;
#3732 = CARTESIAN_POINT ( 'NONE',  ( 0.8500000000000070832, -41.30000000000006111, -3.575349633252697945 ) ) ;
#3733 = CARTESIAN_POINT ( 'NONE',  ( -0.8969327537763891467, -26.79999999999997584, -4.307610896448784921 ) ) ;
#3734 = CARTESIAN_POINT ( 'NONE',  ( -2.609727701977318404, -29.49999999999997513, -4.563840657443635429 ) ) ;
#3735 = CARTESIAN_POINT ( 'NONE',  ( -3.109937763673246813, -22.09999999999996945, 3.425226516351835393 ) ) ;
#3736 = DIRECTION ( 'NONE',  ( -0.000000000000000000, -1.000000000000000000, -0.000000000000000000 ) ) ;
#3737 = ORIENTED_EDGE ( 'NONE', *, *, #2704, .T. ) ;
#3738 = EDGE_CURVE ( 'NONE', #4670, #314, #6975, .T. ) ;
#3739 = CARTESIAN_POINT ( 'NONE',  ( 0.5712441706673430097, -27.89999999999997371, -5.226184107212654695 ) ) ;
#3740 = CARTESIAN_POINT ( 'NONE',  ( -16.75000000000000711, 98.00000000000000000, -26.95000000000000284 ) ) ;
#3741 = DIRECTION ( 'NONE',  ( 0.000000000000000000, 0.000000000000000000, -1.000000000000000000 ) ) ;
#3742 = EDGE_LOOP ( 'NONE', ( #5152, #4337, #2363, #5300 ) ) ;
#3743 = CYLINDRICAL_SURFACE ( 'NONE', #3012, 7.230910042229491630 ) ;
#3744 = CARTESIAN_POINT ( 'NONE',  ( -16.75000000000000000, 0.000000000000000000, 25.25000000000000000 ) ) ;
#3745 = ORIENTED_EDGE ( 'NONE', *, *, #1981, .F. ) ;
#3746 = CARTESIAN_POINT ( 'NONE',  ( -4.340470396594395375, -23.39999999999997726, 2.481998536721367721 ) ) ;
#3747 = VERTEX_POINT ( 'NONE', #227 ) ;
#3748 = CARTESIAN_POINT ( 'NONE',  ( 3.701799997913059581, -31.19999999999997797, 3.361052926606474589 ) ) ;
#3749 = CARTESIAN_POINT ( 'NONE',  ( -0.8969327537763892577, -31.39999999999997726, -4.307610896448784921 ) ) ;
#3750 = CARTESIAN_POINT ( 'NONE',  ( -3.819613949003068498, -26.59999999999997300, 2.184158712314787198 ) ) ;
#3751 = CARTESIAN_POINT ( 'NONE',  ( 0.5540933463805154391, -35.91881114485865822, -1.923693844414213094 ) ) ;
#3752 = CARTESIAN_POINT ( 'NONE',  ( -4.963681949889802603, -21.84684776615085511, 0.9349452600284247072 ) ) ;
#3753 = CARTESIAN_POINT ( 'NONE',  ( 7.184590085721058551E-15, -40.80000000000006111, -2.807736141039155475E-14 ) ) ;
#3754 = CARTESIAN_POINT ( 'NONE',  ( 4.529290134332889295, -28.29999999999997584, -0.9430909082780156716 ) ) ;
#3755 = CARTESIAN_POINT ( 'NONE',  ( 1.446375135916918131, -33.51614110272317504, -4.370313204300683374 ) ) ;
#3756 = EDGE_CURVE ( 'NONE', #604, #2380, #546, .T. ) ;
#3757 = DIRECTION ( 'NONE',  ( -0.9377796628086615405, 0.000000000000000000, 0.3472309087948148298 ) ) ;
#3758 = ADVANCED_FACE ( 'NONE', ( #328 ), #6473, .F. ) ;
#3759 = CARTESIAN_POINT ( 'NONE',  ( -0.8499999999999923173, -41.30000000000006111, 3.575349633252641546 ) ) ;
#3760 = CARTESIAN_POINT ( 'NONE',  ( -0.8969327537763891467, -29.99999999999997513, -4.307610896448784921 ) ) ;
#3761 = ORIENTED_EDGE ( 'NONE', *, *, #1822, .F. ) ;
#3762 = CARTESIAN_POINT ( 'NONE',  ( -0.8499999999999934275, -39.40000000000006253, -8.991389646815644454 ) ) ;
#3763 = CARTESIAN_POINT ( 'NONE',  ( 2.609727701977319292, -30.49999999999997513, 4.563840657443357429 ) ) ;
#3764 = CARTESIAN_POINT ( 'NONE',  ( -1.183317821979255280, -25.98894561926857349, 1.612847942197579876 ) ) ;
#3765 = CARTESIAN_POINT ( 'NONE',  ( -2.296560377740040071, -24.89999999999997371, -4.016179778550416302 ) ) ;
#3766 = AXIS2_PLACEMENT_3D ( 'NONE', #5788, #5647, #79 ) ;
#3767 = CARTESIAN_POINT ( 'NONE',  ( -22.50000000000000000, 0.000000000000000000, 26.00000000000000355 ) ) ;
#3768 = ADVANCED_FACE ( 'NONE', ( #2563 ), #3583, .T. ) ;
#3769 = FACE_OUTER_BOUND ( 'NONE', #1072, .T. ) ;
#3770 = VERTEX_POINT ( 'NONE', #806 ) ;
#3771 = CARTESIAN_POINT ( 'NONE',  ( -1.019241765654987697, -27.99999999999997158, -4.895012382328145506 ) ) ;
#3772 = DIRECTION ( 'NONE',  ( -1.249000902703301108E-16, 9.293161478447176073E-16, -1.000000000000000000 ) ) ;
#3773 = CIRCLE ( 'NONE', #5192, 6.000000000000000888 ) ;
#3774 = CARTESIAN_POINT ( 'NONE',  ( 7.906789418138875320E-15, -40.20000000000005258, -2.794624569579629361E-14 ) ) ;
#3775 = ORIENTED_EDGE ( 'NONE', *, *, #6654, .T. ) ;
#3776 = CARTESIAN_POINT ( 'NONE',  ( 16.75000000000363798, 3.400000000000000355, -25.25000000004300915 ) ) ;
#3777 = CYLINDRICAL_SURFACE ( 'NONE', #4527, 3.249999999999996003 ) ;
#3778 = EDGE_LOOP ( 'NONE', ( #3640, #6809 ) ) ;
#3779 = CARTESIAN_POINT ( 'NONE',  ( 2.609727701977319736, -21.89999999999997016, 4.563840657443357429 ) ) ;
#3780 = EDGE_LOOP ( 'NONE', ( #1478, #7244, #2431, #1121 ) ) ;
#3781 = CARTESIAN_POINT ( 'NONE',  ( -4.970396450522633458, -28.39999999999997726, -0.5432854909089367412 ) ) ;
#3782 = CARTESIAN_POINT ( 'NONE',  ( -17.50000000000000000, 8.000000000000000000, -31.00000000000000000 ) ) ;
#3783 = CARTESIAN_POINT ( 'NONE',  ( -1.806316316930254073, -22.79999999999997584, 4.012134265349355466 ) ) ;
#3784 = DIRECTION ( 'NONE',  ( -1.883233150365925861E-16, 1.000000000000000000, 2.719624996528607520E-16 ) ) ;
#3785 = DIRECTION ( 'NONE',  ( 1.000000000000000000, 0.000000000000000000, 0.000000000000000000 ) ) ;
#3786 = CARTESIAN_POINT ( 'NONE',  ( 0.000000000000000000, 10.00000000000000000, -25.50000000000000000 ) ) ;
#3787 = CARTESIAN_POINT ( 'NONE',  ( 2.052632178329834023, -28.59999999999997655, -4.559243483351834492 ) ) ;
#3788 = CARTESIAN_POINT ( 'NONE',  ( 0.8969327537763894798, -22.39999999999997726, 4.307610896448506921 ) ) ;
#3789 = ORIENTED_EDGE ( 'NONE', *, *, #1510, .T. ) ;
#3790 = DIRECTION ( 'NONE',  ( 0.7071067811865474617, 0.000000000000000000, -0.7071067811865474617 ) ) ;
#3791 = VECTOR ( 'NONE', #324, 1000.000000000000000 ) ;
#3792 = CARTESIAN_POINT ( 'NONE',  ( 0.3315915669830357126, -27.60809034472202583, 1.974034081956949516 ) ) ;
#3793 = CARTESIAN_POINT ( 'NONE',  ( 4.218607618586946550, -29.29999999999997584, 1.899273372277221039 ) ) ;
#3794 = VERTEX_POINT ( 'NONE', #4782 ) ;
#3795 = EDGE_CURVE ( 'NONE', #797, #4332, #3045, .T. ) ;
#3796 = DIRECTION ( 'NONE',  ( -0.000000000000000000, 1.000000000000000000, -0.000000000000000000 ) ) ;
#3797 = CARTESIAN_POINT ( 'NONE',  ( 4.793872293848802535, -24.69999999999997442, 2.158265195769587752 ) ) ;
#3798 = CARTESIAN_POINT ( 'NONE',  ( -4.340470396594395375, -24.59999999999997300, 2.481998536721367721 ) ) ;
#3799 = DIRECTION ( 'NONE',  ( 1.000000000000000000, 0.000000000000000000, 0.000000000000000000 ) ) ;
#3800 = CARTESIAN_POINT ( 'NONE',  ( 3.109937763673246813, -26.49999999999997158, -3.425226516352113837 ) ) ;
#3801 = LINE ( 'NONE', #5051, #1217 ) ;
#3802 = DATE_AND_TIME ( #3306, #1978 ) ;
#3803 = AXIS2_PLACEMENT_3D ( 'NONE', #4466, #6700, #1688 ) ;
#3804 = CIRCLE ( 'NONE', #2420, 1.649999999999998579 ) ;
#3805 = EDGE_CURVE ( 'NONE', #5744, #5401, #3120, .T. ) ;
#3806 = PLANE ( 'NONE',  #76 ) ;
#3807 = VERTEX_POINT ( 'NONE', #260 ) ;
#3808 = CARTESIAN_POINT ( 'NONE',  ( 1.019241765654988363, -32.99999999999997158, 4.895012382327868394 ) ) ;
#3809 = CARTESIAN_POINT ( 'NONE',  ( 17.50000000000000000, 104.0000000000000142, 31.00000000000000000 ) ) ;
#3810 = TOROIDAL_SURFACE ( 'NONE', #1015, 6.299999999999999822, 0.5000000000000008882 ) ;
#3811 = AXIS2_PLACEMENT_3D ( 'NONE', #3601, #4079, #3059 ) ;
#3812 = DIRECTION ( 'NONE',  ( -1.249000902703301108E-16, 8.673617379884035472E-16, -1.000000000000000000 ) ) ;
#3813 = CIRCLE ( 'NONE', #1140, 14.00000000000000000 ) ;
#3814 = AXIS2_PLACEMENT_3D ( 'NONE', #4953, #6538, #6016 ) ;
#3815 = CARTESIAN_POINT ( 'NONE',  ( -0.5026948701872614444, -32.89999999999997016, 4.599042014346875540 ) ) ;
#3816 = VERTEX_POINT ( 'NONE', #4813 ) ;
#3817 = CARTESIAN_POINT ( 'NONE',  ( 0.8500000000000070832, -41.93334692694458710, -3.541073277345764492 ) ) ;
#3818 = CARTESIAN_POINT ( 'NONE',  ( -0.7737547690909507558, -27.39447971308638685, -1.848486809801098918 ) ) ;
#3819 = ORIENTED_EDGE ( 'NONE', *, *, #6998, .F. ) ;
#3820 = CARTESIAN_POINT ( 'NONE',  ( 4.970396450522633458, -26.19999999999997442, 0.5432854909086584083 ) ) ;
#3821 = ORIENTED_EDGE ( 'NONE', *, *, #953, .T. ) ;
#3822 = ADVANCED_FACE ( 'NONE', ( #4713 ), #3152, .F. ) ;
#3823 = CARTESIAN_POINT ( 'NONE',  ( -1.806316316930254073, -26.19999999999997797, 4.012134265349355466 ) ) ;
#3824 = CIRCLE ( 'NONE', #4991, 11.20000000000000639 ) ;
#3825 = CARTESIAN_POINT ( 'NONE',  ( 4.373948876459917479, -32.79999999999997584, 0.4780912319996028503 ) ) ;
#3826 = DIRECTION ( 'NONE',  ( -1.883233150365925861E-16, 1.000000000000000000, 2.719624996528607520E-16 ) ) ;
#3827 = FACE_BOUND ( 'NONE', #4095, .T. ) ;
#3828 = CIRCLE ( 'NONE', #6300, 7.800000000000000711 ) ;
#3829 = CARTESIAN_POINT ( 'NONE',  ( -1.748601263784621157E-15, 43.61806232061203303, -13.99999999999999822 ) ) ;
#3830 = CARTESIAN_POINT ( 'NONE',  ( -2.052632178329834023, -25.59999999999997655, 4.559243483351559156 ) ) ;
#3831 = CARTESIAN_POINT ( 'NONE',  ( -3.257583998163493533, -32.99999999999997158, -2.957726575413957892 ) ) ;
#3832 = ORIENTED_EDGE ( 'NONE', *, *, #5917, .T. ) ;
#3833 = FACE_OUTER_BOUND ( 'NONE', #4965, .T. ) ;
#3834 = CARTESIAN_POINT ( 'NONE',  ( 1.250061367757742348, -26.23103568044230371, 1.561200366076133994 ) ) ;
#3835 = CARTESIAN_POINT ( 'NONE',  ( -4.373948876459917479, -28.39999999999997726, -0.4780912319998809612 ) ) ;
#3836 = EDGE_LOOP ( 'NONE', ( #5108, #7198, #4198, #366 ) ) ;
#3837 = CARTESIAN_POINT ( 'NONE',  ( -17.50000000000000000, 98.00000000000000000, 31.00000000000000000 ) ) ;
#3838 = CARTESIAN_POINT ( 'NONE',  ( -1.019241765654987697, -23.39999999999997726, -4.895012382328145506 ) ) ;
#3839 = CARTESIAN_POINT ( 'NONE',  ( -4.793872293848801647, -24.29999999999997229, -2.158265195769866640 ) ) ;
#3840 = CARTESIAN_POINT ( 'NONE',  ( 2.571758278209440971E-16, 10.00000000000000000, 27.59999999999999432 ) ) ;
#3841 = CARTESIAN_POINT ( 'NONE',  ( 4.218607618586946550, -24.09999999999997300, 1.899273372277221039 ) ) ;
#3842 = DIRECTION ( 'NONE',  ( -0.9996314841802270701, 0.000000000000000000, -0.02714582538137666479 ) ) ;
#3843 = PERSON_AND_ORGANIZATION ( #960, #2371 ) ;
#3844 = CARTESIAN_POINT ( 'NONE',  ( -3.109937763673246813, -30.09999999999997655, 3.425226516351835393 ) ) ;
#3845 = ORIENTED_EDGE ( 'NONE', *, *, #1460, .F. ) ;
#3846 = CARTESIAN_POINT ( 'NONE',  ( 2.052632178329834023, -29.79999999999997229, -4.559243483351834492 ) ) ;
#3847 = FACE_OUTER_BOUND ( 'NONE', #4452, .T. ) ;
#3848 = EDGE_CURVE ( 'NONE', #810, #2391, #2424, .T. ) ;
#3849 = DIRECTION ( 'NONE',  ( 0.000000000000000000, 0.000000000000000000, 1.000000000000000000 ) ) ;
#3850 = VERTEX_POINT ( 'NONE', #836 ) ;
#3851 = CARTESIAN_POINT ( 'NONE',  ( -4.529290134332889295, -29.89999999999996660, 0.9430909082777386709 ) ) ;
#3852 = ADVANCED_FACE ( 'NONE', ( #3082 ), #1378, .T. ) ;
#3853 = DIRECTION ( 'NONE',  ( -1.249000902703301108E-16, 9.740822494929352309E-16, -1.000000000000000000 ) ) ;
#3854 = VERTEX_POINT ( 'NONE', #6659 ) ;
#3855 = CARTESIAN_POINT ( 'NONE',  ( -4.970396450522633458, -25.19999999999997797, -0.5432854909089367412 ) ) ;
#3856 = VERTEX_POINT ( 'NONE', #1651 ) ;
#3857 = CARTESIAN_POINT ( 'NONE',  ( 3.819613949003068498, -26.99999999999997513, -2.184158712315064310 ) ) ;
#3858 = CARTESIAN_POINT ( 'NONE',  ( -1.806316316930254073, -26.79999999999997584, 4.012134265349355466 ) ) ;
#3859 = PLANE ( 'NONE',  #6015 ) ;
#3860 = EDGE_CURVE ( 'NONE', #1777, #1865, #6672, .T. ) ;
#3861 = CARTESIAN_POINT ( 'NONE',  ( -3.918804606477843233, -21.89493224427212326, 2.067996874592708423 ) ) ;
#3862 = CARTESIAN_POINT ( 'NONE',  ( -16.75000000000000711, 100.5999999999999943, 28.50000000000000000 ) ) ;
#3863 = CARTESIAN_POINT ( 'NONE',  ( -3.109937763673246813, -31.49999999999997158, 3.425226516351835393 ) ) ;
#3864 = ORIENTED_EDGE ( 'NONE', *, *, #11, .T. ) ;
#3865 = DIRECTION ( 'NONE',  ( 0.000000000000000000, 0.000000000000000000, -1.000000000000000000 ) ) ;
#3866 = CARTESIAN_POINT ( 'NONE',  ( 0.4107829211874051700, -25.21651791943452992, 1.958941988728240879 ) ) ;
#3867 = CARTESIAN_POINT ( 'NONE',  ( 3.109937763673246813, -27.69999999999997442, -3.425226516352113837 ) ) ;
#3868 = DIRECTION ( 'NONE',  ( -0.9857564655421142685, -1.848553963265644675E-18, -0.1681790434088577535 ) ) ;
#3869 = CARTESIAN_POINT ( 'NONE',  ( 3.701799997913060025, -22.59999999999997300, 3.361052926606473257 ) ) ;
#3870 = CARTESIAN_POINT ( 'NONE',  ( 3.534020185992327256, -23.69999999999996732, -3.892302859491017397 ) ) ;
#3871 = CARTESIAN_POINT ( 'NONE',  ( 22.50000000000000000, 8.000000000000000000, -26.00000000000000355 ) ) ;
#3872 = CARTESIAN_POINT ( 'NONE',  ( 2.296560377740041403, -21.89999999999997016, 4.016179778550139190 ) ) ;
#3873 = CARTESIAN_POINT ( 'NONE',  ( -4.340470396594395375, -31.99999999999997158, 2.481998536721368165 ) ) ;
#3874 = DIRECTION ( 'NONE',  ( 1.883233150365978123E-16, -1.000000000000000000, -2.719624996528670136E-16 ) ) ;
#3875 = CARTESIAN_POINT ( 'NONE',  ( -4.218607618586946550, -29.69999999999997087, -1.899273372277498817 ) ) ;
#3876 = EDGE_LOOP ( 'NONE', ( #4734, #4731, #6971, #6599 ) ) ;
#3877 = CARTESIAN_POINT ( 'NONE',  ( -3.257583998163493533, -34.19999999999996732, -2.957726575413957892 ) ) ;
#3878 = FACE_OUTER_BOUND ( 'NONE', #2553, .T. ) ;
#3879 = AXIS2_PLACEMENT_3D ( 'NONE', #3555, #5755, #2904 ) ;
#3880 = CARTESIAN_POINT ( 'NONE',  ( -3.534020185992325924, -26.69999999999997442, 3.892302859490741618 ) ) ;
#3881 = CARTESIAN_POINT ( 'NONE',  ( -16.75000000000000711, 104.0000000000000142, -25.25000000000000000 ) ) ;
#3882 = ORIENTED_EDGE ( 'NONE', *, *, #5677, .F. ) ;
#3883 = EDGE_CURVE ( 'NONE', #2380, #604, #4628, .T. ) ;
#3884 = FACE_OUTER_BOUND ( 'NONE', #4494, .T. ) ;
#3885 = ADVANCED_FACE ( 'NONE', ( #6547 ), #1541, .F. ) ;
#3886 = VERTEX_POINT ( 'NONE', #3862 ) ;
#3887 = CARTESIAN_POINT ( 'NONE',  ( -1.019241765654987697, -31.39999999999997726, -4.895012382328145506 ) ) ;
#3888 = CARTESIAN_POINT ( 'NONE',  ( -1.925141027276612515, -33.63815140339232812, -4.021584533971362951 ) ) ;
#3889 = ORIENTED_EDGE ( 'NONE', *, *, #2571, .F. ) ;
#3890 = CARTESIAN_POINT ( 'NONE',  ( -3.257583998163493089, -23.59999999999997655, -2.957726575413957892 ) ) ;
#3891 = CARTESIAN_POINT ( 'NONE',  ( -4.218607618586946550, -27.69999999999996376, -1.899273372277498817 ) ) ;
#3892 = CARTESIAN_POINT ( 'NONE',  ( 0.1205429322965753947, -36.10000000000004405, -2.000000000000026201 ) ) ;
#3893 = DIRECTION ( 'NONE',  ( 0.000000000000000000, 0.000000000000000000, -1.000000000000000000 ) ) ;
#3894 = FACE_BOUND ( 'NONE', #107, .T. ) ;
#3895 = CARTESIAN_POINT ( 'NONE',  ( 4.340470396594395375, -26.39999999999997371, -2.481998536721644832 ) ) ;
#3896 = CARTESIAN_POINT ( 'NONE',  ( 3.257583998163493533, -29.99999999999997513, 2.957726575413679893 ) ) ;
#3897 = ORIENTED_EDGE ( 'NONE', *, *, #3707, .F. ) ;
#3898 = DIRECTION ( 'NONE',  ( -1.883233150365925861E-16, 1.000000000000000000, 2.719624996528607520E-16 ) ) ;
#3899 = EDGE_CURVE ( 'NONE', #314, #4670, #1261, .T. ) ;
#3900 = ADVANCED_FACE ( 'NONE', ( #5447 ), #4379, .F. ) ;
#3901 = LINE ( 'NONE', #2202, #5198 ) ;
#3902 = AXIS2_PLACEMENT_3D ( 'NONE', #1483, #2656, #463 ) ;
#3903 = CARTESIAN_POINT ( 'NONE',  ( -4.373948876459917479, -23.79999999999997229, -0.4780912319998809612 ) ) ;
#3904 = CARTESIAN_POINT ( 'NONE',  ( 5.997788905081364419, -2.077341958608788008, 0.1628749522882424194 ) ) ;
#3905 = VECTOR ( 'NONE', #473, 1000.000000000000000 ) ;
#3906 = CARTESIAN_POINT ( 'NONE',  ( 0.9978738756776317498, -27.16948709685873808, -1.737804445788448060 ) ) ;
#3907 = CARTESIAN_POINT ( 'NONE',  ( -0.8969327537763891467, -33.99999999999997158, -4.307610896448784921 ) ) ;
#3908 = CARTESIAN_POINT ( 'NONE',  ( -17.50000000000000000, 98.00000000000000000, -31.00000000000000000 ) ) ;
#3909 = EDGE_CURVE ( 'NONE', #3747, #3675, #433, .T. ) ;
#3910 = CARTESIAN_POINT ( 'NONE',  ( -4.793872293848801647, -33.09999999999997300, -2.158265195769866640 ) ) ;
#3911 = CARTESIAN_POINT ( 'NONE',  ( 16.75000000000363798, 100.5999999999999943, -25.25000000004300915 ) ) ;
#3912 = CIRCLE ( 'NONE', #7073, 0.5000000000000012212 ) ;
#3913 = CARTESIAN_POINT ( 'NONE',  ( -2.296560377740040071, -29.49999999999997513, -4.016179778550416302 ) ) ;
#3914 = ORIENTED_EDGE ( 'NONE', *, *, #1341, .F. ) ;
#3915 = CARTESIAN_POINT ( 'NONE',  ( 3.819613949003068054, -33.59999999999997300, -2.184158712315064310 ) ) ;
#3916 = FACE_OUTER_BOUND ( 'NONE', #6728, .T. ) ;
#3917 = ADVANCED_FACE ( 'NONE', ( #6580 ), #1840, .F. ) ;
#3918 = CIRCLE ( 'NONE', #3803, 3.249999999999996003 ) ;
#3919 = CIRCLE ( 'NONE', #424, 3.249999999999996003 ) ;
#3920 = CARTESIAN_POINT ( 'NONE',  ( 22.50000000000000000, 98.00000000000000000, 26.00000000000000355 ) ) ;
#3921 = CARTESIAN_POINT ( 'NONE',  ( 4.373948876459917479, -31.39999999999997016, 0.4780912319996027948 ) ) ;
#3922 = ORIENTED_EDGE ( 'NONE', *, *, #3687, .F. ) ;
#3923 = OPEN_SHELL ( 'NONE', ( #6419, #4467, #2524, #653, #518, #722, #1738, #3680, #3852, #5556, #6682, #7064, #6246, #3290, #6144, #6229, #5833, #5714, #2565, #5579, #2513, #3731, #5544, #4764, #4084, #2349, #3917, #5678, #5392, #2023, #4839, #988, #3602, #686, #5220 ) ) ;
#3924 = DIRECTION ( 'NONE',  ( -0.000000000000000000, -1.000000000000000000, -0.000000000000000000 ) ) ;
#3925 = EDGE_LOOP ( 'NONE', ( #1832, #1599, #3533, #3133 ) ) ;
#3926 = VECTOR ( 'NONE', #6839, 1000.000000000000000 ) ;
#3927 = TOROIDAL_SURFACE ( 'NONE', #431, 6.299999999999999822, 0.5000000000000008882 ) ;
#3928 = CARTESIAN_POINT ( 'NONE',  ( -1.019241765654987697, -29.39999999999997371, -4.895012382328145506 ) ) ;
#3929 = FACE_OUTER_BOUND ( 'NONE', #5663, .T. ) ;
#3930 = ORIENTED_EDGE ( 'NONE', *, *, #368, .F. ) ;
#3931 = CARTESIAN_POINT ( 'NONE',  ( 4.218607618586947439, -26.69999999999996376, 1.899273372277220817 ) ) ;
#3932 = CARTESIAN_POINT ( 'NONE',  ( 3.257583998163493533, -28.59999999999997655, 2.957726575413680337 ) ) ;
#3933 = CARTESIAN_POINT ( 'NONE',  ( 22.50000000000000000, 98.00000000000000000, -26.00000000000000355 ) ) ;
#3934 = AXIS2_PLACEMENT_3D ( 'NONE', #5627, #3967, #4768 ) ;
#3935 = VECTOR ( 'NONE', #4014, 1000.000000000000000 ) ;
#3936 = CIRCLE ( 'NONE', #6617, 0.1499999999999996059 ) ;
#3937 = CARTESIAN_POINT ( 'NONE',  ( -4.401441236934860335, -21.81667575401665360, -0.009267100006536761053 ) ) ;
#3938 = EDGE_LOOP ( 'NONE', ( #5826, #6622 ) ) ;
#3939 = CARTESIAN_POINT ( 'NONE',  ( 3.109937763673246813, -26.49999999999997158, -3.425226516352113837 ) ) ;
#3940 = EDGE_LOOP ( 'NONE', ( #2496, #7139 ) ) ;
#3941 = CIRCLE ( 'NONE', #2552, 5.799999999999999822 ) ;
#3942 = AXIS2_PLACEMENT_3D ( 'NONE', #1637, #7238, #3849 ) ;
#3943 = CARTESIAN_POINT ( 'NONE',  ( -16.75000000000000711, 98.00000000000000000, -25.25000000000000000 ) ) ;
#3944 = DIRECTION ( 'NONE',  ( 0.3472309087948249884, -9.688626205868644928E-17, 0.9377796628086577657 ) ) ;
#3945 = CIRCLE ( 'NONE', #2672, 13.19999999999999929 ) ;
#3946 = CARTESIAN_POINT ( 'NONE',  ( -1.806316316930254073, -24.19999999999997442, 4.012134265349355466 ) ) ;
#3947 = LINE ( 'NONE', #1255, #5571 ) ;
#3948 = CARTESIAN_POINT ( 'NONE',  ( 0.8292593770357719052, -27.33870631807628371, -1.821059588945076912 ) ) ;
#3949 = CARTESIAN_POINT ( 'NONE',  ( -0.8499999999999928724, -40.66719486776802484, -3.059105261346886540 ) ) ;
#3950 = VECTOR ( 'NONE', #4534, 1000.000000000000000 ) ;
#3951 = VECTOR ( 'NONE', #5877, 1000.000000000000114 ) ;
#3952 = CARTESIAN_POINT ( 'NONE',  ( -1.806316316930254073, -21.59999999999997300, 4.012134265349355466 ) ) ;
#3953 = CARTESIAN_POINT ( 'NONE',  ( -3.534020185992324148, -28.09999999999996589, 3.892302859490740286 ) ) ;
#3954 = DIRECTION ( 'NONE',  ( 0.000000000000000000, 0.000000000000000000, -1.000000000000000000 ) ) ;
#3955 = EDGE_CURVE ( 'NONE', #1109, #2877, #6148, .T. ) ;
#3956 = CARTESIAN_POINT ( 'NONE',  ( 3.819613949003068498, -32.99999999999997158, -2.184158712315064310 ) ) ;
#3957 = VERTEX_POINT ( 'NONE', #7206 ) ;
#3958 = CARTESIAN_POINT ( 'NONE',  ( -4.793872293848801647, -26.29999999999997229, -2.158265195769866640 ) ) ;
#3959 = DIRECTION ( 'NONE',  ( -0.000000000000000000, -1.000000000000000000, -0.000000000000000000 ) ) ;
#3960 = LINE ( 'NONE', #3920, #6151 ) ;
#3961 = CARTESIAN_POINT ( 'NONE',  ( -3.109937763673246813, -30.69999999999997442, 3.425226516351835393 ) ) ;
#3962 = VERTEX_POINT ( 'NONE', #3325 ) ;
#3963 = EDGE_CURVE ( 'NONE', #7242, #2196, #1610, .T. ) ;
#3964 = DIRECTION ( 'NONE',  ( -0.9377796628086615405, 0.000000000000000000, 0.3472309087948147743 ) ) ;
#3965 = ORIENTED_EDGE ( 'NONE', *, *, #632, .F. ) ;
#3966 = CARTESIAN_POINT ( 'NONE',  ( -2.609727701977318404, -27.49999999999997868, -4.563840657443635429 ) ) ;
#3967 = DIRECTION ( 'NONE',  ( -1.883233150365978123E-16, 1.000000000000000000, 2.719624996528670136E-16 ) ) ;
#3968 = EDGE_LOOP ( 'NONE', ( #929, #5200, #599, #3578 ) ) ;
#3969 = CARTESIAN_POINT ( 'NONE',  ( -0.5026948701872614444, -26.29999999999997229, 4.599042014346876428 ) ) ;
#3970 = CARTESIAN_POINT ( 'NONE',  ( 4.218607618586947439, -26.69999999999996376, 1.899273372277220817 ) ) ;
#3971 = CARTESIAN_POINT ( 'NONE',  ( -0.1189195395771705382, -34.30000000000006111, -2.000000000000025313 ) ) ;
#3972 = EDGE_LOOP ( 'NONE', ( #2410, #581, #5814, #3419 ) ) ;
#3973 = CARTESIAN_POINT ( 'NONE',  ( -4.291555014184623040, -21.85418535302505205, 1.009912265740518400 ) ) ;
#3974 = DIRECTION ( 'NONE',  ( -0.02714582538137666826, -2.769744689945855113E-16, 0.9996314841802272921 ) ) ;
#3975 = VERTEX_POINT ( 'NONE', #5990 ) ;
#3976 = CARTESIAN_POINT ( 'NONE',  ( -4.373948876459917479, -25.19999999999997797, -0.4780912319998809612 ) ) ;
#3977 = ORIENTED_EDGE ( 'NONE', *, *, #4209, .F. ) ;
#3978 = CARTESIAN_POINT ( 'NONE',  ( -4.448502578066734571E-15, 20.26087079120528145, 1.999999999999988010 ) ) ;
#3979 = LINE ( 'NONE', #4601, #297 ) ;
#3980 = CARTESIAN_POINT ( 'NONE',  ( 3.819613949003068498, -22.99999999999997513, -2.184158712315064310 ) ) ;
#3981 = CARTESIAN_POINT ( 'NONE',  ( 4.828467910922313813E-15, -16.00000000000005684, 1.999999999999976685 ) ) ;
#3982 = EDGE_CURVE ( 'NONE', #5909, #1565, #5560, .T. ) ;
#3983 = EDGE_CURVE ( 'NONE', #6428, #5265, #5011, .T. ) ;
#3984 = CARTESIAN_POINT ( 'NONE',  ( 1.019241765654988141, -24.39999999999997726, 4.895012382327868394 ) ) ;
#3985 = CARTESIAN_POINT ( 'NONE',  ( -1.019241765654987697, -33.99999999999997158, -4.895012382328145506 ) ) ;
#3986 = CARTESIAN_POINT ( 'NONE',  ( -22.50000000000000000, 98.00000000000000000, 26.00000000000000355 ) ) ;
#3987 = CARTESIAN_POINT ( 'NONE',  ( 3.534020185992327256, -32.49999999999997158, -3.892302859491017397 ) ) ;
#3988 = CARTESIAN_POINT ( 'NONE',  ( -4.793872293848800759, -27.69999999999996376, -2.158265195769866640 ) ) ;
#3989 = CARTESIAN_POINT ( 'NONE',  ( 6.927508179948566233E-15, -35.00000000000004974, -2.653204069760138340E-14 ) ) ;
#3990 = EDGE_CURVE ( 'NONE', #2444, #5176, #6025, .T. ) ;
#3991 = ORIENTED_EDGE ( 'NONE', *, *, #120, .T. ) ;
#3992 = CARTESIAN_POINT ( 'NONE',  ( -4.793872293848800759, -25.69999999999996732, -2.158265195769866640 ) ) ;
#3993 = CARTESIAN_POINT ( 'NONE',  ( -2.296560377740040515, -27.49999999999997158, -4.016179778550417190 ) ) ;
#3994 = CARTESIAN_POINT ( 'NONE',  ( -2.296560377740040071, -33.49999999999997868, -4.016179778550416302 ) ) ;
#3995 = EDGE_LOOP ( 'NONE', ( #5326, #7148 ) ) ;
#3996 = CARTESIAN_POINT ( 'NONE',  ( 4.793872293848802535, -25.29999999999997229, 2.158265195769588196 ) ) ;
#3997 = CYLINDRICAL_SURFACE ( 'NONE', #2778, 7.800000000000000711 ) ;
#3998 = EDGE_CURVE ( 'NONE', #2931, #5659, #1482, .T. ) ;
#3999 = DIRECTION ( 'NONE',  ( -0.000000000000000000, 1.000000000000000000, -0.000000000000000000 ) ) ;
#4000 = EDGE_LOOP ( 'NONE', ( #1177, #1622 ) ) ;
#4001 = VECTOR ( 'NONE', #4394, 1000.000000000000000 ) ;
#4002 = CARTESIAN_POINT ( 'NONE',  ( 17.50000000000000000, 104.0000000000000142, -31.00000000000000000 ) ) ;
#4003 = VERTEX_POINT ( 'NONE', #6066 ) ;
#4004 = CARTESIAN_POINT ( 'NONE',  ( 1.019241765654988141, -30.39999999999997726, 4.895012382327868394 ) ) ;
#4005 = CARTESIAN_POINT ( 'NONE',  ( -4.299483565016975817, -33.78331908728554112, -0.9419247300595775529 ) ) ;
#4006 = VERTEX_POINT ( 'NONE', #4890 ) ;
#4007 = CARTESIAN_POINT ( 'NONE',  ( 4.529290134332889295, -30.29999999999997229, -0.9430909082780156716 ) ) ;
#4008 = CARTESIAN_POINT ( 'NONE',  ( 3.819613949003068498, -30.99999999999997513, -2.184158712315064310 ) ) ;
#4009 = EDGE_CURVE ( 'NONE', #708, #6403, #3185, .T. ) ;
#4010 = FACE_OUTER_BOUND ( 'NONE', #3876, .T. ) ;
#4011 = AXIS2_PLACEMENT_3D ( 'NONE', #6818, #1259, #5087 ) ;
#4012 = EDGE_LOOP ( 'NONE', ( #2323, #4694, #5166, #964 ) ) ;
#4013 = FACE_OUTER_BOUND ( 'NONE', #2289, .T. ) ;
#4014 = DIRECTION ( 'NONE',  ( 2.081668171172362031E-17, -1.000000000000000000, -1.110223024625137558E-16 ) ) ;
#4015 = EDGE_LOOP ( 'NONE', ( #1044, #3897, #5212, #483 ) ) ;
#4016 = CARTESIAN_POINT ( 'NONE',  ( 4.218607618586946550, -26.09999999999996945, 1.899273372277221039 ) ) ;
#4017 = EDGE_LOOP ( 'NONE', ( #4808, #1161, #2983, #4705 ) ) ;
#4018 = CARTESIAN_POINT ( 'NONE',  ( 0.7025305800565516678, -39.20000000000005258, 3.607620317969858714 ) ) ;
#4019 = EDGE_CURVE ( 'NONE', #4766, #3145, #396, .T. ) ;
#4020 = DIRECTION ( 'NONE',  ( -5.551115123125782702E-17, 2.719624996528607027E-16, -1.000000000000000000 ) ) ;
#4021 = CARTESIAN_POINT ( 'NONE',  ( 4.373948876459917479, -26.79999999999997584, 0.4780912319996028503 ) ) ;
#4022 = FACE_OUTER_BOUND ( 'NONE', #4566, .T. ) ;
#4023 = LINE ( 'NONE', #5822, #5462 ) ;
#4024 = CARTESIAN_POINT ( 'NONE',  ( -4.340470396594395375, -22.59999999999997655, 2.481998536721367721 ) ) ;
#4025 = CARTESIAN_POINT ( 'NONE',  ( 7.869124755131554678E-15, -40.00000000000004974, -2.789185319586571808E-14 ) ) ;
#4026 = CARTESIAN_POINT ( 'NONE',  ( 4.970396450522633458, -28.79999999999997939, 0.5432854909086584083 ) ) ;
#4027 = DIRECTION ( 'NONE',  ( -1.249000902703301354E-16, 8.673617379884035472E-16, -1.000000000000000000 ) ) ;
#4028 = EDGE_CURVE ( 'NONE', #2415, #3816, #67, .T. ) ;
#4029 = ADVANCED_FACE ( 'NONE', ( #1794, #3894, #1829, #2928, #4054, #580 ), #5006, .T. ) ;
#4030 = EDGE_LOOP ( 'NONE', ( #5779, #4156 ) ) ;
#4031 = CARTESIAN_POINT ( 'NONE',  ( 3.534020185992324592, -23.09999999999996589, -3.892302859491016953 ) ) ;
#4032 = CARTESIAN_POINT ( 'NONE',  ( 3.109937763673247257, -29.09999999999997300, -3.425226516352112505 ) ) ;
#4033 = CARTESIAN_POINT ( 'NONE',  ( 4.218607618586947439, -22.69999999999997442, 1.899273372277220817 ) ) ;
#4034 = VERTEX_POINT ( 'NONE', #5669 ) ;
#4035 = CYLINDRICAL_SURFACE ( 'NONE', #4642, 1.700000000000007061 ) ;
#4036 = AXIS2_PLACEMENT_3D ( 'NONE', #5557, #1014, #7164 ) ;
#4037 = EDGE_CURVE ( 'NONE', #863, #2960, #2653, .T. ) ;
#4038 = PLANE ( 'NONE',  #4562 ) ;
#4039 = B_SPLINE_CURVE_WITH_KNOTS ( 'NONE', 3,
 ( #4343, #6065, #3752, #7091, #395, #1056, #3291, #4420, #4846, #2085, #361, #2594, #4812, #5989, #7048, #980, #3217, #5446, #2043, #432, #4267, #2671, #4889, #5072, #4529, #1128, #28, #2816, #5706, #2266, #6768, #66, #5668, #5598, #2848, #6174, #5117, #4490, #3441, #2299, #1756, #6726, #1711, #6212, #579, #1650, #108, #3861, #5039, #646, #3973, #2376, #2343, #2885, #3937, #6098, #3476, #1173, #3404 ),
 .UNSPECIFIED., .F., .F.,
 ( 4, 2, 2, 2, 2, 2, 2, 2, 2, 2, 2, 2, 2, 2, 2, 2, 2, 2, 2, 2, 2, 1, 2, 2, 2, 2, 2, 2, 2, 4 ),
 ( -1.417901769201543412E-05, 0.002188135530817291938, 0.003289292805071945824, 0.004390450079326598844, 0.006592764627835908352, 0.007693921902090563106, 0.008244500539217890916, 0.008795079176345218727, 0.009070368494908881765, 0.009208013154190713284, 0.009276835483831629911, 0.009311246648652087357, 0.009328452231062317815, 0.009345657813472548273, 0.009414480143113470104, 0.009483302472754393669, 0.009620947132036237331, 0.009896236450599922921, 0.01099739372485467222, 0.01209855099910942325, 0.01264912963623679616, 0.01319970827336416908, 0.01375028691049154372, 0.01430086554761891664, 0.01540202282187366593, 0.01595260145900104579, 0.01650318009612842043, 0.01705375873325579508, 0.01732904805181948241, 0.01760433737038316973 ),
 .UNSPECIFIED. ) ;
#4040 = FACE_OUTER_BOUND ( 'NONE', #5481, .T. ) ;
#4041 = ORIENTED_EDGE ( 'NONE', *, *, #6644, .T. ) ;
#4042 = CARTESIAN_POINT ( 'NONE',  ( 4.340470396594395375, -30.99999999999997513, -2.481998536721644832 ) ) ;
#4043 = DIRECTION ( 'NONE',  ( -0.000000000000000000, -1.000000000000000000, -0.000000000000000000 ) ) ;
#4044 = ORIENTED_EDGE ( 'NONE', *, *, #5888, .F. ) ;
#4045 = AXIS2_PLACEMENT_3D ( 'NONE', #2313, #5080, #726 ) ;
#4046 = CARTESIAN_POINT ( 'NONE',  ( -0.5026948701872614444, -29.69999999999997797, 4.599042014346875540 ) ) ;
#4047 = CARTESIAN_POINT ( 'NONE',  ( 1.806316316930254517, -31.19999999999997797, -4.012134265349633466 ) ) ;
#4048 = CARTESIAN_POINT ( 'NONE',  ( 7.831460092124234036E-15, -39.80000000000005400, -2.783746069593514254E-14 ) ) ;
#4049 = OPEN_SHELL ( 'NONE', ( #6679, #1982, #4359, #6881, #5536, #1234, #1041, #3124 ) ) ;
#4050 = AXIS2_PLACEMENT_3D ( 'NONE', #2631, #2118, #5956 ) ;
#4051 = VERTEX_POINT ( 'NONE', #1247 ) ;
#4052 = CARTESIAN_POINT ( 'NONE',  ( 16.26345596729054677, 0.000000000000000000, -17.91345596729059864 ) ) ;
#4053 = AXIS2_PLACEMENT_3D ( 'NONE', #5771, #747, #4506 ) ;
#4054 = FACE_BOUND ( 'NONE', #4956, .T. ) ;
#4055 = ORIENTED_EDGE ( 'NONE', *, *, #7127, .T. ) ;
#4056 = ADVANCED_FACE ( 'NONE', ( #6806 ), #5707, .T. ) ;
#4057 = CARTESIAN_POINT ( 'NONE',  ( 0.5026948701872618885, -22.69999999999997442, -4.599042014347152652 ) ) ;
#4058 = ORIENTED_EDGE ( 'NONE', *, *, #4091, .F. ) ;
#4059 = DIRECTION ( 'NONE',  ( -1.883233150365978123E-16, 1.000000000000000000, 2.719624996528670136E-16 ) ) ;
#4060 = CIRCLE ( 'NONE', #4526, 3.249999999999996003 ) ;
#4061 = AXIS2_PLACEMENT_3D ( 'NONE', #7120, #7078, #1564 ) ;
#4062 = LINE ( 'NONE', #694, #1465 ) ;
#4063 = CARTESIAN_POINT ( 'NONE',  ( -0.8969327537763892577, -25.39999999999997371, -4.307610896448784921 ) ) ;
#4064 = VECTOR ( 'NONE', #3459, 1000.000000000000000 ) ;
#4065 = LINE ( 'NONE', #2967, #4622 ) ;
#4066 = VECTOR ( 'NONE', #2334, 1000.000000000000000 ) ;
#4067 = VECTOR ( 'NONE', #4368, 1000.000000000000000 ) ;
#4068 = CARTESIAN_POINT ( 'NONE',  ( 7.391745732261314195E-15, -41.90000000000007674, -2.837652016000970598E-14 ) ) ;
#4069 = PLANE ( 'NONE',  #4883 ) ;
#4070 = VECTOR ( 'NONE', #4504, 1000.000000000000000 ) ;
#4071 = PLANE ( 'NONE',  #4814 ) ;
#4072 = ORIENTED_EDGE ( 'NONE', *, *, #4308, .F. ) ;
#4073 = CARTESIAN_POINT ( 'NONE',  ( 0.8969327537763894798, -26.39999999999997726, 4.307610896448506921 ) ) ;
#4074 = VECTOR ( 'NONE', #4605, 1000.000000000000000 ) ;
#4075 = CARTESIAN_POINT ( 'NONE',  ( -1.806316316930254073, -26.19999999999997797, 4.012134265349355466 ) ) ;
#4076 = CIRCLE ( 'NONE', #6529, 3.249999999999996003 ) ;
#4077 = CARTESIAN_POINT ( 'NONE',  ( -2.609727701977318848, -31.49999999999997158, -4.563840657443635429 ) ) ;
#4078 = CARTESIAN_POINT ( 'NONE',  ( 16.75000000000363798, 104.0000000000000142, -25.25000000004300915 ) ) ;
#4079 = DIRECTION ( 'NONE',  ( 0.000000000000000000, 0.000000000000000000, 1.000000000000000000 ) ) ;
#4080 = AXIS2_PLACEMENT_3D ( 'NONE', #5781, #800, #1252 ) ;
#4081 = FACE_OUTER_BOUND ( 'NONE', #6531, .T. ) ;
#4082 = VERTEX_POINT ( 'NONE', #647 ) ;
#4083 = CARTESIAN_POINT ( 'NONE',  ( 4.970396450522633458, -24.79999999999997584, 0.5432854909086584083 ) ) ;
#4084 = ADVANCED_FACE ( 'NONE', ( #1713 ), #2307, .F. ) ;
#4085 = LINE ( 'NONE', #640, #3241 ) ;
#4086 = ORIENTED_EDGE ( 'NONE', *, *, #2602, .F. ) ;
#4087 = EDGE_CURVE ( 'NONE', #7050, #2112, #2887, .T. ) ;
#4088 = CARTESIAN_POINT ( 'NONE',  ( 3.109937763673247257, -23.09999999999996589, -3.425226516352112061 ) ) ;
#4089 = CARTESIAN_POINT ( 'NONE',  ( -5.797862608245310412, -35.00000000000004974, -0.1574457872120119117 ) ) ;
#4090 = CARTESIAN_POINT ( 'NONE',  ( -8.383987937862535547E-29, -33.99999999999997158, -7.463184174874649168E-14 ) ) ;
#4091 = EDGE_CURVE ( 'NONE', #5259, #1084, #6176, .T. ) ;
#4092 = VERTEX_POINT ( 'NONE', #3366 ) ;
#4093 = DIRECTION ( 'NONE',  ( -0.7071067811865475727, 0.000000000000000000, 0.7071067811865475727 ) ) ;
#4094 = CARTESIAN_POINT ( 'NONE',  ( 6.927508179948566233E-15, -35.00000000000004974, -2.653204069760138340E-14 ) ) ;
#4095 = EDGE_LOOP ( 'NONE', ( #6943, #5187 ) ) ;
#4096 = CARTESIAN_POINT ( 'NONE',  ( -1.806316316930254073, -25.59999999999997655, 4.012134265349355466 ) ) ;
#4097 = ORIENTED_EDGE ( 'NONE', *, *, #4907, .F. ) ;
#4098 = CARTESIAN_POINT ( 'NONE',  ( -16.75000000000000000, 3.400000000000000355, 25.25000000000000000 ) ) ;
#4099 = CARTESIAN_POINT ( 'NONE',  ( 4.410424890600284975, 104.0000000000000000, 11.91140149678903626 ) ) ;
#4100 = EDGE_CURVE ( 'NONE', #5915, #1808, #142, .T. ) ;
#4101 = CARTESIAN_POINT ( 'NONE',  ( 0.8265444368740337833, -39.29258338416376972, -1.821668796334219076 ) ) ;
#4102 = CARTESIAN_POINT ( 'NONE',  ( 0.8499999999999956479, 20.26087079120528145, -1.810386699023177837 ) ) ;
#4103 = CARTESIAN_POINT ( 'NONE',  ( -22.50000000000000000, 0.000000000000000000, 26.00000000000000355 ) ) ;
#4104 = LINE ( 'NONE', #3048, #5599 ) ;
#4105 = DIRECTION ( 'NONE',  ( -1.883233150365925861E-16, 1.000000000000000000, 2.719624996528607520E-16 ) ) ;
#4106 = CARTESIAN_POINT ( 'NONE',  ( 5.146920607196465269, -25.49999999999997158, -1.071694213952271379 ) ) ;
#4107 = EDGE_CURVE ( 'NONE', #4120, #3854, #90, .T. ) ;
#4108 = ORIENTED_EDGE ( 'NONE', *, *, #4340, .T. ) ;
#4109 = CARTESIAN_POINT ( 'NONE',  ( 3.701799997913060025, -24.59999999999997655, 3.361052926606473257 ) ) ;
#4110 = CARTESIAN_POINT ( 'NONE',  ( -0.5026948701872614444, -28.29999999999996874, 4.599042014346876428 ) ) ;
#4111 = CARTESIAN_POINT ( 'NONE',  ( -0.5026948701872614444, -26.29999999999997229, 4.599042014346876428 ) ) ;
#4112 = CARTESIAN_POINT ( 'NONE',  ( -4.793872293848801647, -31.69999999999997087, -2.158265195769866196 ) ) ;
#4113 = FACE_OUTER_BOUND ( 'NONE', #3573, .T. ) ;
#4114 = CARTESIAN_POINT ( 'NONE',  ( -4.793872293848800759, -33.69999999999996021, -2.158265195769866640 ) ) ;
#4115 = LINE ( 'NONE', #4183, #6220 ) ;
#4116 = CARTESIAN_POINT ( 'NONE',  ( -3.298693633550767501, 115.5999999999999801, -8.908906796682346751 ) ) ;
#4117 = ORIENTED_EDGE ( 'NONE', *, *, #4019, .T. ) ;
#4118 = CARTESIAN_POINT ( 'NONE',  ( -3.534020185992324148, -22.09999999999996945, 3.892302859490740286 ) ) ;
#4119 = DIRECTION ( 'NONE',  ( -1.883233150365978123E-16, 1.000000000000000000, 2.719624996528670136E-16 ) ) ;
#4120 = VERTEX_POINT ( 'NONE', #5635 ) ;
#4121 = CARTESIAN_POINT ( 'NONE',  ( -4.373948876459917479, -21.79999999999997584, -0.4780912319998809612 ) ) ;
#4122 = CARTESIAN_POINT ( 'NONE',  ( 0.8969327537763894798, -22.39999999999997726, 4.307610896448506921 ) ) ;
#4123 = CARTESIAN_POINT ( 'NONE',  ( -15.04999999999998828, 3.400000000000000355, 25.25000000000000000 ) ) ;
#4124 = EDGE_CURVE ( 'NONE', #3957, #1900, #5464, .T. ) ;
#4125 = EDGE_CURVE ( 'NONE', #6708, #6136, #5600, .T. ) ;
#4126 = EDGE_LOOP ( 'NONE', ( #6823, #4304, #350, #1164 ) ) ;
#4127 = CARTESIAN_POINT ( 'NONE',  ( -0.8499999999999927613, -41.30000000000006111, -3.575349633252697945 ) ) ;
#4128 = DIRECTION ( 'NONE',  ( -0.000000000000000000, -1.000000000000000000, -0.000000000000000000 ) ) ;
#4129 = CARTESIAN_POINT ( 'NONE',  ( 4.970396450522633458, -30.19999999999997442, 0.5432854909086584083 ) ) ;
#4130 = ORIENTED_EDGE ( 'NONE', *, *, #632, .T. ) ;
#4131 = CARTESIAN_POINT ( 'NONE',  ( 0.8500000000000069722, -39.34661890167286202, -3.575349633252697057 ) ) ;
#4132 = CARTESIAN_POINT ( 'NONE',  ( -0.8499999999999926503, -39.40000000000006253, 3.575349633252641990 ) ) ;
#4133 = CARTESIAN_POINT ( 'NONE',  ( -17.50000000000000000, 98.00000000000000000, -31.00000000000000000 ) ) ;
#4134 = DIRECTION ( 'NONE',  ( 0.000000000000000000, 0.000000000000000000, 1.000000000000000000 ) ) ;
#4135 = CARTESIAN_POINT ( 'NONE',  ( -1.806316316930254073, -26.79999999999997584, 4.012134265349355466 ) ) ;
#4136 = CARTESIAN_POINT ( 'NONE',  ( -6.245004513516469795E-17, 107.0000000000000000, 3.802513859341206116E-15 ) ) ;
#4137 = DIRECTION ( 'NONE',  ( 0.1681790434088577535, 1.129418820890224734E-16, -0.9857564655421142685 ) ) ;
#4138 = AXIS2_PLACEMENT_3D ( 'NONE', #2618, #4365, #3812 ) ;
#4139 = FACE_OUTER_BOUND ( 'NONE', #4152, .T. ) ;
#4140 = ORIENTED_EDGE ( 'NONE', *, *, #4657, .F. ) ;
#4141 = CARTESIAN_POINT ( 'NONE',  ( 5.146920607196465269, -26.89999999999997016, -1.071694213952270935 ) ) ;
#4142 = DIRECTION ( 'NONE',  ( 0.000000000000000000, 0.000000000000000000, -1.000000000000000000 ) ) ;
#4143 = CARTESIAN_POINT ( 'NONE',  ( 0.8969327537763894798, -28.39999999999997726, 4.307610896448506921 ) ) ;
#4144 = DIRECTION ( 'NONE',  ( 0.000000000000000000, 0.000000000000000000, 1.000000000000000000 ) ) ;
#4145 = EDGE_CURVE ( 'NONE', #1774, #6901, #1617, .T. ) ;
#4146 = CARTESIAN_POINT ( 'NONE',  ( 22.50000000000000000, 104.0000000000000142, 26.00000000000000355 ) ) ;
#4147 = CARTESIAN_POINT ( 'NONE',  ( 7.925621749642534064E-15, -40.30000000000006111, -2.797344194576157980E-14 ) ) ;
#4148 = CARTESIAN_POINT ( 'NONE',  ( 4.298415381974985294, -41.85000000000005116, 0.1167270491398912785 ) ) ;
#4149 = EDGE_LOOP ( 'NONE', ( #1226, #5511, #6926, #6055 ) ) ;
#4150 = CARTESIAN_POINT ( 'NONE',  ( 2.052632178329834467, -25.19999999999997442, -4.559243483351837156 ) ) ;
#4151 = CARTESIAN_POINT ( 'NONE',  ( -5.834981137867143393E-29, -10.49999999999998934, -5.174090888566251563E-14 ) ) ;
#4152 = EDGE_LOOP ( 'NONE', ( #136, #6359, #2127, #7057 ) ) ;
#4153 = VECTOR ( 'NONE', #3826, 1000.000000000000000 ) ;
#4154 = CARTESIAN_POINT ( 'NONE',  ( 16.75000000000363798, 8.000000000000000000, -26.95000000004301555 ) ) ;
#4155 = DIRECTION ( 'NONE',  ( -0.000000000000000000, -1.000000000000000000, -0.000000000000000000 ) ) ;
#4156 = ORIENTED_EDGE ( 'NONE', *, *, #56, .T. ) ;
#4157 = CYLINDRICAL_SURFACE ( 'NONE', #1725, 0.1999999999999987899 ) ;
#4158 = CARTESIAN_POINT ( 'NONE',  ( 8.500000000000001776, 104.0000000000000142, -3.841510274385199875 ) ) ;
#4159 = ORIENTED_EDGE ( 'NONE', *, *, #4125, .F. ) ;
#4160 = CARTESIAN_POINT ( 'NONE',  ( -4.970396450522633458, -29.19999999999997797, -0.5432854909089367412 ) ) ;
#4161 = ORIENTED_EDGE ( 'NONE', *, *, #31, .T. ) ;
#4162 = CARTESIAN_POINT ( 'NONE',  ( 4.340470396594395375, -31.59999999999997655, -2.481998536721644832 ) ) ;
#4163 = DIRECTION ( 'NONE',  ( -1.883233150365978123E-16, 1.000000000000000000, 2.719624996528670136E-16 ) ) ;
#4164 = DIRECTION ( 'NONE',  ( -1.883233150365978123E-16, 1.000000000000000000, 2.719624996528670136E-16 ) ) ;
#4165 = AXIS2_PLACEMENT_3D ( 'NONE', #5246, #2603, #234 ) ;
#4166 = CIRCLE ( 'NONE', #1949, 6.000000000000000888 ) ;
#4167 = CARTESIAN_POINT ( 'NONE',  ( 0.000000000000000000, 1.040949779275251742E-16, -25.50000000000000000 ) ) ;
#4168 = DIRECTION ( 'NONE',  ( 0.000000000000000000, 0.000000000000000000, 1.000000000000000000 ) ) ;
#4169 = DIRECTION ( 'NONE',  ( 0.000000000000000000, 0.000000000000000000, 1.000000000000000000 ) ) ;
#4170 = EDGE_CURVE ( 'NONE', #1457, #4838, #670, .T. ) ;
#4171 = CARTESIAN_POINT ( 'NONE',  ( 8.110363845595077947, 107.0000000000000284, -9.775240745137580234 ) ) ;
#4172 = DIRECTION ( 'NONE',  ( 0.02714582538137678969, 2.769744689945855113E-16, -0.9996314841802272921 ) ) ;
#4173 = VECTOR ( 'NONE', #4665, 1000.000000000000114 ) ;
#4174 = AXIS2_PLACEMENT_3D ( 'NONE', #4596, #1680, #6466 ) ;
#4175 = VECTOR ( 'NONE', #4701, 1000.000000000000000 ) ;
#4176 = EDGE_LOOP ( 'NONE', ( #2585, #6251, #3344, #2222 ) ) ;
#4177 = ADVANCED_FACE ( 'NONE', ( #688 ), #2377, .F. ) ;
#4178 = LINE ( 'NONE', #3690, #4851 ) ;
#4179 = CONICAL_SURFACE ( 'NONE', #215, 14.00000000000000000, 0.7853981633974516097 ) ;
#4180 = CARTESIAN_POINT ( 'NONE',  ( 4.218607618586947439, -28.69999999999996732, 1.899273372277220817 ) ) ;
#4181 = LINE ( 'NONE', #2501, #6858 ) ;
#4182 = DIRECTION ( 'NONE',  ( -0.000000000000000000, 1.000000000000000000, -0.000000000000000000 ) ) ;
#4183 = CARTESIAN_POINT ( 'NONE',  ( -22.50000000000000000, 8.000000000000003553, 26.00000000000000355 ) ) ;
#4184 = EDGE_CURVE ( 'NONE', #3672, #2444, #1611, .T. ) ;
#4185 = VECTOR ( 'NONE', #4469, 1000.000000000000000 ) ;
#4186 = DIRECTION ( 'NONE',  ( 2.081668171172178374E-17, -1.000000000000000000, -1.110223024625130533E-16 ) ) ;
#4187 = EDGE_LOOP ( 'NONE', ( #4117, #2226, #1395, #1934 ) ) ;
#4188 = CARTESIAN_POINT ( 'NONE',  ( -4.793872293848801647, -34.29999999999997584, -2.158265195769866640 ) ) ;
#4189 = CARTESIAN_POINT ( 'NONE',  ( -22.50000000000000000, 104.0000000000000142, 26.00000000000000355 ) ) ;
#4190 = VERTEX_POINT ( 'NONE', #4674 ) ;
#4191 = CIRCLE ( 'NONE', #3032, 1.700000000000000178 ) ;
#4192 = DIRECTION ( 'NONE',  ( 1.084683744678891232E-30, 1.000000000000000000, 9.740822494929354281E-16 ) ) ;
#4193 = ORIENTED_EDGE ( 'NONE', *, *, #7179, .T. ) ;
#4194 = CARTESIAN_POINT ( 'NONE',  ( 0.8500000000000064171, -39.40000000000006253, -8.991389646815644454 ) ) ;
#4195 = DIRECTION ( 'NONE',  ( -0.000000000000000000, -1.000000000000000000, -0.000000000000000000 ) ) ;
#4196 = ORIENTED_EDGE ( 'NONE', *, *, #1727, .T. ) ;
#4197 = CARTESIAN_POINT ( 'NONE',  ( -4.793872293848801647, -29.09999999999997655, -2.158265195769866640 ) ) ;
#4198 = ORIENTED_EDGE ( 'NONE', *, *, #6906, .F. ) ;
#4199 = CARTESIAN_POINT ( 'NONE',  ( 0.8969327537763894798, -32.39999999999997726, 4.307610896448506921 ) ) ;
#4200 = CARTESIAN_POINT ( 'NONE',  ( -0.6499999999999928058, -39.20000000000005969, 3.617060270440596081 ) ) ;
#4201 = CARTESIAN_POINT ( 'NONE',  ( -1.806316316930254073, -32.19999999999998153, 4.012134265349355466 ) ) ;
#4202 = DIRECTION ( 'NONE',  ( -0.7071067811865474617, 0.000000000000000000, 0.7071067811865474617 ) ) ;
#4203 = CARTESIAN_POINT ( 'NONE',  ( -17.50000000000000000, 98.00000000000000000, 31.00000000000000000 ) ) ;
#4204 = CARTESIAN_POINT ( 'NONE',  ( 0.8969327537763897018, -26.99999999999997513, 4.307610896448506921 ) ) ;
#4205 = CARTESIAN_POINT ( 'NONE',  ( 0.6183316190302431403, -33.54551555694720832, -4.512928382026257346 ) ) ;
#4206 = DIRECTION ( 'NONE',  ( -1.249000902703301108E-16, 1.156482317317871331E-15, -1.000000000000000000 ) ) ;
#4207 = DIRECTION ( 'NONE',  ( 0.9996314841802272921, 1.808712683899153303E-16, 0.02714582538137666826 ) ) ;
#4208 = ORIENTED_EDGE ( 'NONE', *, *, #3285, .T. ) ;
#4209 = EDGE_CURVE ( 'NONE', #1457, #279, #6329, .T. ) ;
#4210 = EDGE_CURVE ( 'NONE', #5292, #5074, #2429, .T. ) ;
#4211 = AXIS2_PLACEMENT_3D ( 'NONE', #4552, #1114, #6680 ) ;
#4212 = CARTESIAN_POINT ( 'NONE',  ( -4.373948876459917479, -23.79999999999997229, -0.4780912319998809612 ) ) ;
#4213 = CARTESIAN_POINT ( 'NONE',  ( 3.701799997913060025, -32.59999999999997300, 3.361052926606473257 ) ) ;
#4214 = CARTESIAN_POINT ( 'NONE',  ( 17.50000000000000000, 98.00000000000000000, 31.00000000000000000 ) ) ;
#4215 = CARTESIAN_POINT ( 'NONE',  ( 4.970396450522633458, -22.19999999999997087, 0.5432854909086584083 ) ) ;
#4216 = B_SPLINE_CURVE_WITH_KNOTS ( 'NONE', 3,
 ( #3268, #989, #1549, #6629, #4388, #3226 ),
 .UNSPECIFIED., .F., .F.,
 ( 4, 2, 4 ),
 ( 0.002968278441955208083, 0.003364974057533718418, 0.003761669673112228753 ),
 .UNSPECIFIED. ) ;
#4217 = CARTESIAN_POINT ( 'NONE',  ( -16.75000000000000711, 100.5999999999999943, -25.25000000000000000 ) ) ;
#4218 = ORIENTED_EDGE ( 'NONE', *, *, #1195, .F. ) ;
#4219 = CARTESIAN_POINT ( 'NONE',  ( 2.609727701977318848, -26.49999999999997868, 4.563840657443356541 ) ) ;
#4220 = LINE ( 'NONE', #3029, #4173 ) ;
#4221 = ORIENTED_EDGE ( 'NONE', *, *, #724, .F. ) ;
#4222 = EDGE_CURVE ( 'NONE', #6214, #5581, #5231, .T. ) ;
#4223 = CARTESIAN_POINT ( 'NONE',  ( -7.733177691055203050E-29, -27.99999999999998224, -6.878734825178887674E-14 ) ) ;
#4224 = ORIENTED_EDGE ( 'NONE', *, *, #5399, .F. ) ;
#4225 = CARTESIAN_POINT ( 'NONE',  ( 1.806316316930254517, -33.19999999999998153, -4.012134265349633466 ) ) ;
#4226 = CARTESIAN_POINT ( 'NONE',  ( 0.1205429322965750893, -34.30000000000006821, 1.999999999999973133 ) ) ;
#4227 = ORIENTED_EDGE ( 'NONE', *, *, #2616, .T. ) ;
#4228 = CARTESIAN_POINT ( 'NONE',  ( -4.793872293848801647, -31.09999999999996945, -2.158265195769866640 ) ) ;
#4229 = EDGE_LOOP ( 'NONE', ( #4841, #5483, #1827, #6647 ) ) ;
#4230 = CARTESIAN_POINT ( 'NONE',  ( -4.970396450522633458, -32.39999999999997016, -0.5432854909089367412 ) ) ;
#4231 = EDGE_CURVE ( 'NONE', #583, #1797, #6914, .T. ) ;
#4232 = CARTESIAN_POINT ( 'NONE',  ( -3.257583998163493089, -33.59999999999998010, -2.957726575413957892 ) ) ;
#4233 = CARTESIAN_POINT ( 'NONE',  ( 0.8499999999999955369, 20.26087079120528145, -3.575349633252681514 ) ) ;
#4234 = CARTESIAN_POINT ( 'NONE',  ( 4.218607618586947439, -32.69999999999997442, 1.899273372277220817 ) ) ;
#4235 = LINE ( 'NONE', #4133, #2308 ) ;
#4236 = CARTESIAN_POINT ( 'NONE',  ( 0.000000000000000000, 10.00000000000000000, -25.50000000000000000 ) ) ;
#4237 = B_SPLINE_CURVE_WITH_KNOTS ( 'NONE', 3,
 ( #3732, #7143, #6039, #7106, #5423, #3693 ),
 .UNSPECIFIED., .F., .F.,
 ( 4, 2, 4 ),
 ( 0.002174296761993708190, 0.002571287601974458353, 0.002968278441955208083 ),
 .UNSPECIFIED. ) ;
#4238 = AXIS2_PLACEMENT_3D ( 'NONE', #6115, #1333, #5722 ) ;
#4239 = CARTESIAN_POINT ( 'NONE',  ( 1.927283484615892828, -33.50000760214601314, -4.281398125363671703 ) ) ;
#4240 = EDGE_CURVE ( 'NONE', #2890, #7039, #6155, .T. ) ;
#4241 = CARTESIAN_POINT ( 'NONE',  ( 17.50000000000000000, 98.00000000000000000, 31.00000000000000000 ) ) ;
#4242 = CARTESIAN_POINT ( 'NONE',  ( -5.997788905081362643, -2.077341958608790673, -0.1628749522882783352 ) ) ;
#4243 = ORIENTED_EDGE ( 'NONE', *, *, #106, .T. ) ;
#4244 = CARTESIAN_POINT ( 'NONE',  ( -3.257583998163493089, -23.59999999999997655, -2.957726575413957892 ) ) ;
#4245 = CARTESIAN_POINT ( 'NONE',  ( -4.793872293848801647, -29.69999999999997442, -2.158265195769866196 ) ) ;
#4246 = DIRECTION ( 'NONE',  ( 0.000000000000000000, 0.000000000000000000, -1.000000000000000000 ) ) ;
#4247 = CARTESIAN_POINT ( 'NONE',  ( 3.819613949003068054, -30.39999999999997371, -2.184158712315064310 ) ) ;
#4248 = EDGE_CURVE ( 'NONE', #7209, #863, #2516, .T. ) ;
#4249 = DIRECTION ( 'NONE',  ( 0.9996314841802272921, 0.000000000000000000, 0.02714582538137666132 ) ) ;
#4250 = EDGE_LOOP ( 'NONE', ( #1999, #2600, #6979, #3262, #2888, #6352, #860, #5766 ) ) ;
#4251 = CARTESIAN_POINT ( 'NONE',  ( 4.970396450522633458, -31.39999999999997016, 0.5432854909086584083 ) ) ;
#4252 = ADVANCED_FACE ( 'NONE', ( #4702 ), #252, .F. ) ;
#4253 = AXIS2_PLACEMENT_3D ( 'NONE', #3298, #481, #4464 ) ;
#4254 = DIRECTION ( 'NONE',  ( 0.000000000000000000, 0.000000000000000000, -1.000000000000000000 ) ) ;
#4255 = ORIENTED_EDGE ( 'NONE', *, *, #674, .F. ) ;
#4256 = CARTESIAN_POINT ( 'NONE',  ( 4.373948876459917479, -32.79999999999997584, 0.4780912319996028503 ) ) ;
#4257 = EDGE_CURVE ( 'NONE', #1774, #5138, #205, .T. ) ;
#4258 = VECTOR ( 'NONE', #723, 1000.000000000000114 ) ;
#4259 = DIRECTION ( 'NONE',  ( 1.000000000000000000, 1.883233150365925861E-16, -5.551115123125777772E-17 ) ) ;
#4260 = EDGE_LOOP ( 'NONE', ( #2260, #20 ) ) ;
#4261 = CARTESIAN_POINT ( 'NONE',  ( -2.052632178329834023, -23.59999999999997655, 4.559243483351559156 ) ) ;
#4262 = VERTEX_POINT ( 'NONE', #4158 ) ;
#4263 = CARTESIAN_POINT ( 'NONE',  ( 2.052632178329834023, -33.79999999999996874, -4.559243483351834492 ) ) ;
#4264 = CARTESIAN_POINT ( 'NONE',  ( -0.5026948701872614444, -32.29999999999997584, 4.599042014346876428 ) ) ;
#4265 = CARTESIAN_POINT ( 'NONE',  ( 3.257583998163493533, -23.19999999999997442, 2.957726575413679893 ) ) ;
#4266 = CYLINDRICAL_SURFACE ( 'NONE', #5558, 6.000000000000000888 ) ;
#4267 = CARTESIAN_POINT ( 'NONE',  ( 0.9157286011237427692, -22.09837109281253831, 4.643081922188840416 ) ) ;
#4268 = DIRECTION ( 'NONE',  ( 0.9996314841802272921, 1.808712683899153303E-16, 0.02714582538137666826 ) ) ;
#4269 = ORIENTED_EDGE ( 'NONE', *, *, #4009, .T. ) ;
#4270 = CARTESIAN_POINT ( 'NONE',  ( -3.869189435254835718, -33.70601390058732960, -3.229326944508791541 ) ) ;
#4271 = CARTESIAN_POINT ( 'NONE',  ( -1.498801083244036271E-15, -25.69999999999997797, -12.00000000000006573 ) ) ;
#4272 = VECTOR ( 'NONE', #6377, 1000.000000000000000 ) ;
#4273 = AXIS2_PLACEMENT_3D ( 'NONE', #3911, #1106, #4978 ) ;
#4274 = DIRECTION ( 'NONE',  ( 1.084683744678891232E-30, 1.000000000000000000, 9.740822494929354281E-16 ) ) ;
#4275 = EDGE_CURVE ( 'NONE', #1384, #2761, #1899, .T. ) ;
#4276 = CARTESIAN_POINT ( 'NONE',  ( 2.296560377740041403, -33.09999999999997300, 4.016179778550139190 ) ) ;
#4277 = EDGE_LOOP ( 'NONE', ( #2768, #390, #6013, #6684 ) ) ;
#4278 = CARTESIAN_POINT ( 'NONE',  ( 3.257583998163493533, -22.59999999999997300, 2.957726575413680337 ) ) ;
#4279 = AXIS2_PLACEMENT_3D ( 'NONE', #3257, #2150, #1017 ) ;
#4280 = CARTESIAN_POINT ( 'NONE',  ( -2.052632178329834023, -26.19999999999997797, 4.559243483351559156 ) ) ;
#4281 = DIRECTION ( 'NONE',  ( 0.000000000000000000, 0.000000000000000000, -1.000000000000000000 ) ) ;
#4282 = CARTESIAN_POINT ( 'NONE',  ( 3.257583998163493533, -23.99999999999997513, 2.957726575413679893 ) ) ;
#4283 = CIRCLE ( 'NONE', #669, 3.674999999999999822 ) ;
#4284 = CARTESIAN_POINT ( 'NONE',  ( 2.296560377740040515, -22.49999999999996447, 4.016179778550139190 ) ) ;
#4285 = CIRCLE ( 'NONE', #322, 0.5000000000000012212 ) ;
#4286 = AXIS2_PLACEMENT_3D ( 'NONE', #3776, #6056, #3281 ) ;
#4287 = COORDINATED_UNIVERSAL_TIME_OFFSET ( 8, 0, .AHEAD. ) ;
#4288 = EDGE_CURVE ( 'NONE', #4670, #5518, #5226, .T. ) ;
#4289 = AXIS2_PLACEMENT_3D ( 'NONE', #1040, #967, #2652 ) ;
#4290 = DIRECTION ( 'NONE',  ( 0.000000000000000000, -0.000000000000000000, 1.000000000000000000 ) ) ;
#4291 = ORIENTED_EDGE ( 'NONE', *, *, #6338, .T. ) ;
#4292 = AXIS2_PLACEMENT_3D ( 'NONE', #6202, #3352, #1198 ) ;
#4293 = CARTESIAN_POINT ( 'NONE',  ( 4.340470396594395375, -29.59999999999997300, -2.481998536721644832 ) ) ;
#4294 = DIRECTION ( 'NONE',  ( -0.000000000000000000, 1.000000000000000000, -0.000000000000000000 ) ) ;
#4295 = CARTESIAN_POINT ( 'NONE',  ( -7.375232055311169391E-29, -24.69999999999998508, -6.557287682846219421E-14 ) ) ;
#4296 = CIRCLE ( 'NONE', #3603, 0.1499999999999996059 ) ;
#4297 = ORIENTED_EDGE ( 'NONE', *, *, #896, .F. ) ;
#4298 = CARTESIAN_POINT ( 'NONE',  ( 4.529290134332889295, -32.89999999999997016, -0.9430909082780154495 ) ) ;
#4299 = FACE_OUTER_BOUND ( 'NONE', #6203, .T. ) ;
#4300 = ADVANCED_FACE ( 'NONE', ( #1355 ), #6400, .F. ) ;
#4301 = ORIENTED_EDGE ( 'NONE', *, *, #5293, .T. ) ;
#4302 = CARTESIAN_POINT ( 'NONE',  ( 3.534020185992327256, -29.69999999999997797, -3.892302859491017397 ) ) ;
#4303 = CARTESIAN_POINT ( 'NONE',  ( 4.340470396594395375, -22.39999999999997016, -2.481998536721644832 ) ) ;
#4304 = ORIENTED_EDGE ( 'NONE', *, *, #1763, .T. ) ;
#4305 = CARTESIAN_POINT ( 'NONE',  ( -5.146920607196465269, -32.49999999999997158, 1.071694213951994712 ) ) ;
#4306 = CARTESIAN_POINT ( 'NONE',  ( -3.257583998163493089, -31.59999999999997655, -2.957726575413957892 ) ) ;
#4307 = CARTESIAN_POINT ( 'NONE',  ( -3.109937763673246813, -22.69999999999997442, 3.425226516351835393 ) ) ;
#4308 = EDGE_CURVE ( 'NONE', #6082, #5070, #1961, .T. ) ;
#4309 = DIRECTION ( 'NONE',  ( -0.000000000000000000, 1.000000000000000000, -0.000000000000000000 ) ) ;
#4310 = AXIS2_PLACEMENT_3D ( 'NONE', #6298, #1798, #1325 ) ;
#4311 = PLANE ( 'NONE',  #3355 ) ;
#4312 = CARTESIAN_POINT ( 'NONE',  ( 0.8500000000000075273, -41.96668053050994729, 3.506784269698569823 ) ) ;
#4313 = CARTESIAN_POINT ( 'NONE',  ( -4.529290134332889295, -31.29999999999997229, 0.9430909082777385599 ) ) ;
#4314 = CARTESIAN_POINT ( 'NONE',  ( -1.378809302668095205, -33.61192064797168655, -4.751801286932550994 ) ) ;
#4315 = LINE ( 'NONE', #948, #3501 ) ;
#4316 = EDGE_CURVE ( 'NONE', #6773, #1274, #4285, .T. ) ;
#4317 = DIRECTION ( 'NONE',  ( -0.000000000000000000, -1.000000000000000000, -0.000000000000000000 ) ) ;
#4318 = CARTESIAN_POINT ( 'NONE',  ( -4.373948876459917479, -30.39999999999997371, -0.4780912319998809612 ) ) ;
#4319 = ORIENTED_EDGE ( 'NONE', *, *, #3337, .T. ) ;
#4320 = DIRECTION ( 'NONE',  ( 0.9996314841802272921, 0.000000000000000000, 0.02714582538137663703 ) ) ;
#4321 = CARTESIAN_POINT ( 'NONE',  ( -2.052632178329834023, -28.19999999999997442, 4.559243483351559156 ) ) ;
#4322 = DIRECTION ( 'NONE',  ( -1.883233150365925861E-16, 1.000000000000000000, 2.719624996528607520E-16 ) ) ;
#4323 = CARTESIAN_POINT ( 'NONE',  ( -3.819613949003068498, -25.39999999999997726, 2.184158712314787198 ) ) ;
#4324 = CARTESIAN_POINT ( 'NONE',  ( -2.609727701977318404, -31.49999999999997513, -4.563840657443635429 ) ) ;
#4325 = EDGE_CURVE ( 'NONE', #2761, #4440, #1142, .T. ) ;
#4326 = CARTESIAN_POINT ( 'NONE',  ( -4.218607618586946550, -23.69999999999997087, -1.899273372277498817 ) ) ;
#4327 = CYLINDRICAL_SURFACE ( 'NONE', #4398, 2.099999999999997868 ) ;
#4328 = ORIENTED_EDGE ( 'NONE', *, *, #4100, .F. ) ;
#4329 = CARTESIAN_POINT ( 'NONE',  ( 2.052632178329834023, -31.79999999999997584, -4.559243483351834492 ) ) ;
#4330 = FACE_OUTER_BOUND ( 'NONE', #4492, .T. ) ;
#4331 = CARTESIAN_POINT ( 'NONE',  ( -0.6499999999999931388, -39.20000000000005969, -1.891428031937800514 ) ) ;
#4332 = VERTEX_POINT ( 'NONE', #936 ) ;
#4333 = CARTESIAN_POINT ( 'NONE',  ( -0.8969327537763892577, -31.39999999999997726, -4.307610896448784921 ) ) ;
#4334 = DIRECTION ( 'NONE',  ( 0.000000000000000000, 0.000000000000000000, -1.000000000000000000 ) ) ;
#4335 = ORIENTED_EDGE ( 'NONE', *, *, #2065, .F. ) ;
#4336 = CARTESIAN_POINT ( 'NONE',  ( -5.146920607196465269, -21.29999999999997229, 1.071694213951994712 ) ) ;
#4337 = ORIENTED_EDGE ( 'NONE', *, *, #3285, .F. ) ;
#4338 = CARTESIAN_POINT ( 'NONE',  ( 16.74999999999999289, 100.5999999999999943, 25.25000000000000000 ) ) ;
#4339 = CARTESIAN_POINT ( 'NONE',  ( 0.5026948701872618885, -23.89999999999997016, -4.599042014347152652 ) ) ;
#4340 = EDGE_CURVE ( 'NONE', #98, #2918, #6636, .T. ) ;
#4341 = FACE_OUTER_BOUND ( 'NONE', #5149, .T. ) ;
#4342 = EDGE_CURVE ( 'NONE', #2623, #2884, #2069, .T. ) ;
#4343 = CARTESIAN_POINT ( 'NONE',  ( -4.970396450522636123, -21.79999999999600746, -0.5432854909089368523 ) ) ;
#4344 = DIRECTION ( 'NONE',  ( 0.000000000000000000, 0.000000000000000000, 1.000000000000000000 ) ) ;
#4345 = CARTESIAN_POINT ( 'NONE',  ( 3.701799997913059581, -25.99999999999997513, 3.361052926606474589 ) ) ;
#4346 = CARTESIAN_POINT ( 'NONE',  ( -4.218607618586945662, -29.09999999999997655, -1.899273372277499039 ) ) ;
#4347 = ORIENTED_EDGE ( 'NONE', *, *, #5895, .T. ) ;
#4348 = CARTESIAN_POINT ( 'NONE',  ( -22.50000000000000000, 98.00000000000000000, 26.00000000000000355 ) ) ;
#4349 = CARTESIAN_POINT ( 'NONE',  ( 1.214974531803701963, -26.06419445954938041, 1.590536037361852673 ) ) ;
#4350 = CARTESIAN_POINT ( 'NONE',  ( -1.806316316930254073, -28.79999999999997584, 4.012134265349355466 ) ) ;
#4351 = ORIENTED_EDGE ( 'NONE', *, *, #7036, .T. ) ;
#4352 = CARTESIAN_POINT ( 'NONE',  ( 0.000000000000000000, 10.00000000000000000, 25.50000000000000000 ) ) ;
#4353 = CARTESIAN_POINT ( 'NONE',  ( 2.052632178329834467, -25.19999999999997442, -4.559243483351837156 ) ) ;
#4354 = LINE ( 'NONE', #1587, #5126 ) ;
#4355 = CARTESIAN_POINT ( 'NONE',  ( 4.218607618586946550, -28.09999999999997655, 1.899273372277221039 ) ) ;
#4356 = CARTESIAN_POINT ( 'NONE',  ( 4.793872293848801647, -30.69999999999996376, 2.158265195769587308 ) ) ;
#4357 = AXIS2_PLACEMENT_3D ( 'NONE', #188, #5243, #6373 ) ;
#4358 = DIRECTION ( 'NONE',  ( 0.9996314841802270701, 0.000000000000000000, 0.02714582538137666479 ) ) ;
#4359 = ADVANCED_FACE ( 'NONE', ( #4299 ), #6649, .F. ) ;
#4360 = CARTESIAN_POINT ( 'NONE',  ( -0.8754580966524652119, -34.96071679427419099, 1.798897910122971400 ) ) ;
#4361 = EDGE_LOOP ( 'NONE', ( #1889, #1192 ) ) ;
#4362 = CARTESIAN_POINT ( 'NONE',  ( -3.701799997913059581, -30.19999999999997442, -3.361052926606751701 ) ) ;
#4364 = CARTESIAN_POINT ( 'NONE',  ( -8.362294262968959516E-29, -33.79999999999998295, -7.443702529884789568E-14 ) ) ;
#4363 = CARTESIAN_POINT ( 'NONE',  ( -4.218607618586946550, -33.69999999999996021, -1.899273372277498817 ) ) ;
#4365 = DIRECTION ( 'NONE',  ( 1.084683744678891232E-30, 1.000000000000000000, 9.740822494929354281E-16 ) ) ;
#4366 = ORIENTED_EDGE ( 'NONE', *, *, #5173, .F. ) ;
#4367 = ADVANCED_FACE ( 'NONE', ( #467, #2731 ), #1531, .F. ) ;
#4368 = DIRECTION ( 'NONE',  ( -1.883233150365978123E-16, 1.000000000000000000, 2.719624996528670136E-16 ) ) ;
#4369 = ADVANCED_FACE ( 'NONE', ( #5480 ), #2178, .F. ) ;
#4370 = DIRECTION ( 'NONE',  ( -0.000000000000000000, 1.000000000000000000, -0.000000000000000000 ) ) ;
#4371 = VERTEX_POINT ( 'NONE', #902 ) ;
#4372 = CARTESIAN_POINT ( 'NONE',  ( 0.5712441706673430097, -33.29999999999997584, -5.226184107212652918 ) ) ;
#4373 = VERTEX_POINT ( 'NONE', #387 ) ;
#4374 = CARTESIAN_POINT ( 'NONE',  ( -2.052632178329834023, -28.79999999999997584, 4.559243483351559156 ) ) ;
#4375 = CARTESIAN_POINT ( 'NONE',  ( -3.109937763673246813, -28.09999999999996589, 3.425226516351835393 ) ) ;
#4376 = CARTESIAN_POINT ( 'NONE',  ( -0.5026948701872614444, -24.89999999999997371, 4.599042014346875540 ) ) ;
#4377 = CARTESIAN_POINT ( 'NONE',  ( 0.2383593244029457159, -36.07588992305315401, -1.988835604574388904 ) ) ;
#4378 = PLANE ( 'NONE',  #5810 ) ;
#4379 = PLANE ( 'NONE',  #5577 ) ;
#4380 = CARTESIAN_POINT ( 'NONE',  ( 3.534020185992327256, -28.49999999999997868, -3.892302859491017397 ) ) ;
#4381 = CARTESIAN_POINT ( 'NONE',  ( -2.296560377740040071, -32.89999999999997016, -4.016179778550416302 ) ) ;
#4382 = EDGE_LOOP ( 'NONE', ( #2401, #715, #3157, #3430 ) ) ;
#4383 = DIRECTION ( 'NONE',  ( 0.9996314841802270701, 0.000000000000000000, 0.02714582538137666479 ) ) ;
#4384 = VECTOR ( 'NONE', #6733, 1000.000000000000000 ) ;
#4385 = DIRECTION ( 'NONE',  ( 0.000000000000000000, -0.000000000000000000, 1.000000000000000000 ) ) ;
#4386 = CARTESIAN_POINT ( 'NONE',  ( -0.5026948701872614444, -28.89999999999997371, 4.599042014346875540 ) ) ;
#4387 = EDGE_LOOP ( 'NONE', ( #5931, #1021, #2690, #1821 ) ) ;
#4388 = CARTESIAN_POINT ( 'NONE',  ( 0.8500000000000069722, -40.30000000000006111, -3.443125683672914494 ) ) ;
#4389 = CARTESIAN_POINT ( 'NONE',  ( 4.340470396594395375, -22.99999999999997513, -2.481998536721644832 ) ) ;
#4390 = CIRCLE ( 'NONE', #6268, 2.099999999999997868 ) ;
#4391 = CARTESIAN_POINT ( 'NONE',  ( 2.052632178329834023, -23.79999999999997584, -4.559243483351834492 ) ) ;
#4392 = DIRECTION ( 'NONE',  ( -1.249000902703301108E-16, 8.896017825522087613E-16, -1.000000000000000000 ) ) ;
#4393 = CARTESIAN_POINT ( 'NONE',  ( -3.257583998163493533, -26.99999999999997513, -2.957726575413957892 ) ) ;
#4394 = DIRECTION ( 'NONE',  ( -0.000000000000000000, -1.000000000000000000, -0.000000000000000000 ) ) ;
#4395 = PERSON_AND_ORGANIZATION_ROLE ( 'creator' ) ;
#4396 = EDGE_CURVE ( 'NONE', #2960, #378, #1724, .T. ) ;
#4397 = VECTOR ( 'NONE', #2716, 1000.000000000000000 ) ;
#4398 = AXIS2_PLACEMENT_3D ( 'NONE', #5468, #3736, #7031 ) ;
#4399 = CARTESIAN_POINT ( 'NONE',  ( 2.296560377740040515, -30.49999999999997868, 4.016179778550139190 ) ) ;
#4400 = ORIENTED_EDGE ( 'NONE', *, *, #7025, .T. ) ;
#4401 = CARTESIAN_POINT ( 'NONE',  ( 4.340470396594395375, -31.59999999999997655, -2.481998536721644832 ) ) ;
#4402 = LINE ( 'NONE', #494, #1026 ) ;
#4403 = AXIS2_PLACEMENT_3D ( 'NONE', #710, #5696, #6244 ) ;
#4404 = VECTOR ( 'NONE', #6445, 1000.000000000000000 ) ;
#4405 = CARTESIAN_POINT ( 'NONE',  ( 4.970396450522633458, -27.39999999999997371, 0.5432854909086584083 ) ) ;
#4406 = AXIS2_PLACEMENT_3D ( 'NONE', #5819, #1461, #6887 ) ;
#4407 = DIRECTION ( 'NONE',  ( 0.000000000000000000, -1.000000000000000000, -0.000000000000000000 ) ) ;
#4408 = AXIS2_PLACEMENT_3D ( 'NONE', #1804, #2354, #6889 ) ;
#4409 = VECTOR ( 'NONE', #1757, 1000.000000000000000 ) ;
#4410 = ORIENTED_EDGE ( 'NONE', *, *, #6399, .T. ) ;
#4411 = CARTESIAN_POINT ( 'NONE',  ( 2.296560377740040959, -30.49999999999997513, 4.016179778550139190 ) ) ;
#4412 = FACE_OUTER_BOUND ( 'NONE', #6355, .T. ) ;
#4413 = EDGE_LOOP ( 'NONE', ( #128, #2107, #6321, #4772 ) ) ;
#4414 = CARTESIAN_POINT ( 'NONE',  ( 4.793872293848802535, -26.09999999999996945, 2.158265195769588196 ) ) ;
#4415 = EDGE_LOOP ( 'NONE', ( #5769, #2029, #2590, #95 ) ) ;
#4416 = CARTESIAN_POINT ( 'NONE',  ( 4.529290134332890183, -24.89999999999997371, -0.9430909082780154495 ) ) ;
#4417 = VECTOR ( 'NONE', #2396, 1000.000000000000000 ) ;
#4418 = CARTESIAN_POINT ( 'NONE',  ( -4.373948876459917479, -33.79999999999997584, -0.4780912319998809612 ) ) ;
#4419 = CARTESIAN_POINT ( 'NONE',  ( 0.1187838046998076769, -34.30000000000006111, -2.000000000000025313 ) ) ;
#4420 = CARTESIAN_POINT ( 'NONE',  ( -3.030857606745746224, -21.96415031875006107, 3.985230580745948270 ) ) ;
#4421 = VECTOR ( 'NONE', #5573, 1000.000000000000114 ) ;
#4422 = CARTESIAN_POINT ( 'NONE',  ( 0.7018188879330279351, -39.20000000000005969, 1.873620176398057113 ) ) ;
#4423 = CARTESIAN_POINT ( 'NONE',  ( -2.052632178329834023, -27.59999999999997300, 4.559243483351559156 ) ) ;
#4424 = CARTESIAN_POINT ( 'NONE',  ( 3.109937763673246813, -30.49999999999997158, -3.425226516352113837 ) ) ;
#4425 = ORIENTED_EDGE ( 'NONE', *, *, #2353, .F. ) ;
#4426 = CARTESIAN_POINT ( 'NONE',  ( 16.75000000000363798, 100.5999999999999943, -22.00000000004300915 ) ) ;
#4427 = CARTESIAN_POINT ( 'NONE',  ( 1.019241765654988363, -23.79999999999997584, 4.895012382327868394 ) ) ;
#4428 = TOROIDAL_SURFACE ( 'NONE', #3146, 6.299999999999999822, 0.5000000000000008882 ) ;
#4429 = CARTESIAN_POINT ( 'NONE',  ( 0.7722785993134582139, -25.40416189640114908, 1.849178164776256406 ) ) ;
#4430 = CARTESIAN_POINT ( 'NONE',  ( 1.806316316930254740, -27.79999999999997229, -4.012134265349632578 ) ) ;
#4431 = DIRECTION ( 'NONE',  ( 0.02714582538137678969, 2.769744689945855113E-16, -0.9996314841802272921 ) ) ;
#4432 = CARTESIAN_POINT ( 'NONE',  ( 1.250087534711868731, -26.56699005180337991, -1.561179415756353883 ) ) ;
#4433 = LINE ( 'NONE', #121, #4421 ) ;
#4434 = CARTESIAN_POINT ( 'NONE',  ( -1.806316316930254073, -25.59999999999997655, 4.012134265349355466 ) ) ;
#4435 = CARTESIAN_POINT ( 'NONE',  ( 2.052632178329834467, -31.19999999999997797, -4.559243483351837156 ) ) ;
#4436 = CARTESIAN_POINT ( 'NONE',  ( 7.906789418138875320E-15, -40.20000000000005258, -2.794624569579629361E-14 ) ) ;
#4437 = EDGE_CURVE ( 'NONE', #3030, #5812, #3134, .T. ) ;
#4438 = ADVANCED_FACE ( 'NONE', ( #4412 ), #3777, .F. ) ;
#4439 = CARTESIAN_POINT ( 'NONE',  ( -4.529290134332890183, -31.89999999999997726, 0.9430909082777386709 ) ) ;
#4440 = VERTEX_POINT ( 'NONE', #4837 ) ;
#4441 = CARTESIAN_POINT ( 'NONE',  ( -5.146920607196465269, -22.49999999999997513, 1.071694213951994712 ) ) ;
#4442 = DIRECTION ( 'NONE',  ( 1.084683744678891232E-30, 1.000000000000000000, 9.740822494929354281E-16 ) ) ;
#4443 = DIRECTION ( 'NONE',  ( 0.000000000000000000, 0.000000000000000000, -1.000000000000000000 ) ) ;
#4444 = CARTESIAN_POINT ( 'NONE',  ( -3.819613949003068498, -30.59999999999997300, 2.184158712314787198 ) ) ;
#4445 = ORIENTED_EDGE ( 'NONE', *, *, #6462, .T. ) ;
#4446 = DIRECTION ( 'NONE',  ( 0.000000000000000000, 0.000000000000000000, -1.000000000000000000 ) ) ;
#4447 = CIRCLE ( 'NONE', #4211, 14.00000000000000000 ) ;
#4448 = EDGE_LOOP ( 'NONE', ( #68, #4703, #2281, #4531 ) ) ;
#4449 = EDGE_CURVE ( 'NONE', #4373, #4558, #2073, .T. ) ;
#4450 = CARTESIAN_POINT ( 'NONE',  ( -3.701799997913060025, -31.59999999999997655, -3.361052926606751257 ) ) ;
#4451 = CARTESIAN_POINT ( 'NONE',  ( -0.2924862592651660820, -33.57716964230240109, -4.895771141868614507 ) ) ;
#4452 = EDGE_LOOP ( 'NONE', ( #6283, #6161, #7233, #745 ) ) ;
#4453 = CARTESIAN_POINT ( 'NONE',  ( 3.257583998163493533, -28.59999999999997655, 2.957726575413680337 ) ) ;
#4454 = CARTESIAN_POINT ( 'NONE',  ( 0.8969327537763894798, -28.39999999999997726, 4.307610896448506921 ) ) ;
#4455 = CARTESIAN_POINT ( 'NONE',  ( 0.7193756434185234472, -34.64676391954913726, -1.868163338383045158 ) ) ;
#4456 = LINE ( 'NONE', #5559, #3703 ) ;
#4457 = CARTESIAN_POINT ( 'NONE',  ( 17.50000000000000000, 98.00000000000000000, 31.00000000000000000 ) ) ;
#4458 = CARTESIAN_POINT ( 'NONE',  ( 2.609727701977319736, -29.89999999999998082, 4.563840657443357429 ) ) ;
#4459 = EDGE_CURVE ( 'NONE', #5138, #1774, #3696, .T. ) ;
#4460 = CARTESIAN_POINT ( 'NONE',  ( 4.218607618586946550, -32.09999999999997300, 1.899273372277221039 ) ) ;
#4461 = ORIENTED_EDGE ( 'NONE', *, *, #3426, .F. ) ;
#4462 = CARTESIAN_POINT ( 'NONE',  ( -4.529290134332889295, -26.49999999999997158, 0.9430909082777385599 ) ) ;
#4463 = CARTESIAN_POINT ( 'NONE',  ( 22.50000000000000000, 8.000000000000003553, -26.00000000000000355 ) ) ;
#4464 = DIRECTION ( 'NONE',  ( 0.9996314841802270701, 2.168404344971008621E-16, 0.02714582538137666479 ) ) ;
#4465 = CARTESIAN_POINT ( 'NONE',  ( 4.529290134332890183, -24.89999999999997371, -0.9430909082780154495 ) ) ;
#4466 = CARTESIAN_POINT ( 'NONE',  ( 16.75000000000363798, 3.400000000000000355, -25.25000000004300915 ) ) ;
#4467 = ADVANCED_FACE ( 'NONE', ( #1641 ), #1486, .F. ) ;
#4468 = DIRECTION ( 'NONE',  ( -1.249000902703301108E-16, 1.067522139062649685E-15, -1.000000000000000000 ) ) ;
#4469 = DIRECTION ( 'NONE',  ( -1.883233150365925861E-16, 1.000000000000000000, 2.719624996528607520E-16 ) ) ;
#4470 = CARTESIAN_POINT ( 'NONE',  ( 2.052632178329834023, -30.59999999999997300, -4.559243483351834492 ) ) ;
#4471 = DIRECTION ( 'NONE',  ( -0.000000000000000000, -1.000000000000000000, -0.000000000000000000 ) ) ;
#4472 = ORIENTED_EDGE ( 'NONE', *, *, #4257, .F. ) ;
#4473 = CARTESIAN_POINT ( 'NONE',  ( 3.109937763673247257, -31.09999999999997655, -3.425226516352112061 ) ) ;
#4474 = EDGE_LOOP ( 'NONE', ( #6090, #178 ) ) ;
#4475 = CARTESIAN_POINT ( 'NONE',  ( -2.052632178329834023, -24.79999999999997229, 4.559243483351559156 ) ) ;
#4476 = LINE ( 'NONE', #4511, #6047 ) ;
#4477 = CIRCLE ( 'NONE', #6350, 1.999999999999999112 ) ;
#4478 = DIRECTION ( 'NONE',  ( -1.249000902703301354E-16, 8.673617379884035472E-16, -1.000000000000000000 ) ) ;
#4479 = CARTESIAN_POINT ( 'NONE',  ( -4.218607618586945662, -32.29999999999996874, -1.899273372277499039 ) ) ;
#4480 = ORIENTED_EDGE ( 'NONE', *, *, #1522, .F. ) ;
#4481 = DIRECTION ( 'NONE',  ( -1.749133064245158895E-16, -0.7071067811865330288, -0.7071067811865621167 ) ) ;
#4482 = ORIENTED_EDGE ( 'NONE', *, *, #2881, .F. ) ;
#4483 = CARTESIAN_POINT ( 'NONE',  ( 3.534020185992324592, -33.09999999999995879, -3.892302859491016953 ) ) ;
#4484 = EDGE_CURVE ( 'NONE', #3975, #6476, #6752, .T. ) ;
#4485 = CARTESIAN_POINT ( 'NONE',  ( -22.50000000000000000, 10.00000000000000000, 26.00000000000000355 ) ) ;
#4486 = ORIENTED_EDGE ( 'NONE', *, *, #3963, .F. ) ;
#4487 = CARTESIAN_POINT ( 'NONE',  ( -4.218607618586946550, -29.69999999999997087, -1.899273372277498817 ) ) ;
#4488 = CARTESIAN_POINT ( 'NONE',  ( 3.257583998163493533, -26.59999999999997655, 2.957726575413680337 ) ) ;
#4489 = CARTESIAN_POINT ( 'NONE',  ( -0.9000890909449680288, -35.08139467906621434, -1.786012216747417947 ) ) ;
#4490 = CARTESIAN_POINT ( 'NONE',  ( -1.109961787397700572, -22.02750972684240338, 4.380379046462717696 ) ) ;
#4491 = CARTESIAN_POINT ( 'NONE',  ( 0.8500000000000073053, -40.35170649694827461, 3.310196984805346521 ) ) ;
#4492 = EDGE_LOOP ( 'NONE', ( #1210, #1175, #2734, #2179 ) ) ;
#4493 = CARTESIAN_POINT ( 'NONE',  ( 0.5026948701872618885, -24.69999999999997442, -4.599042014347152652 ) ) ;
#4494 = EDGE_LOOP ( 'NONE', ( #5031, #865, #2224, #2950 ) ) ;
#4495 = DIRECTION ( 'NONE',  ( 0.9996314841802270701, 2.168404344971008621E-16, 0.02714582538137666479 ) ) ;
#4496 = LINE ( 'NONE', #1326, #4836 ) ;
#4497 = AXIS2_PLACEMENT_3D ( 'NONE', #5773, #6358, #3571 ) ;
#4498 = ADVANCED_FACE ( 'NONE', ( #5548 ), #3591, .T. ) ;
#4499 = CARTESIAN_POINT ( 'NONE',  ( 3.819613949003068498, -26.99999999999997513, -2.184158712315064310 ) ) ;
#4500 = FACE_OUTER_BOUND ( 'NONE', #5102, .T. ) ;
#4501 = AXIS2_PLACEMENT_3D ( 'NONE', #979, #3216, #4923 ) ;
#4502 = CARTESIAN_POINT ( 'NONE',  ( 0.4124200630749221275, -27.58282718253232346, -1.958551118202470631 ) ) ;
#4503 = CARTESIAN_POINT ( 'NONE',  ( -4.970396450522633458, -22.39999999999997016, -0.5432854909089367412 ) ) ;
#4504 = DIRECTION ( 'NONE',  ( -1.883233150365925861E-16, 1.000000000000000000, 2.719624996528607520E-16 ) ) ;
#4505 = CARTESIAN_POINT ( 'NONE',  ( 4.970396450522633458, -32.19999999999997442, 0.5432854909086584083 ) ) ;
#4506 = DIRECTION ( 'NONE',  ( -1.249000902703301108E-16, 1.101411730778925368E-15, -1.000000000000000000 ) ) ;
#4507 = AXIS2_PLACEMENT_3D ( 'NONE', #1206, #173, #4593 ) ;
#4508 = CARTESIAN_POINT ( 'NONE',  ( -4.218607618586946550, -31.69999999999997087, -1.899273372277498817 ) ) ;
#4509 = EDGE_LOOP ( 'NONE', ( #4546, #1190, #4243, #2929 ) ) ;
#4510 = CARTESIAN_POINT ( 'NONE',  ( -4.340470396594395375, -22.59999999999997655, 2.481998536721367721 ) ) ;
#4511 = CARTESIAN_POINT ( 'NONE',  ( -5.997788905081362643, -2.077341958608790673, -0.1628749522882783352 ) ) ;
#4512 = B_SPLINE_CURVE_WITH_KNOTS ( 'NONE', 3,
 ( #5680, #6, #656, #2859, #39, #5082, #6781, #119, #7222, #2207, #75, #4432, #6667, #3336, #3906, #3948, #5570, #2275, #6142, #4502, #6737, #3521, #6413, #728 ),
 .UNSPECIFIED., .F., .F.,
 ( 4, 2, 2, 2, 2, 2, 2, 2, 2, 2, 2, 4 ),
 ( 0.004021005399350719399, 0.004522488613844534953, 0.005023971828338349641, 0.005525455042832165195, 0.005776196650079072972, 0.006026938257325980750, 0.006528421471819785896, 0.007029904686313590174, 0.007280646293560495350, 0.007531387900807401392, 0.007782129508054307435, 0.008032871115301213477 ),
 .UNSPECIFIED. ) ;
#4513 = AXIS2_PLACEMENT_3D ( 'NONE', #5190, #6576, #1536 ) ;
#4514 = VECTOR ( 'NONE', #5353, 1000.000000000000000 ) ;
#4515 = DIRECTION ( 'NONE',  ( 0.000000000000000000, -1.000000000000000000, 0.000000000000000000 ) ) ;
#4516 = CARTESIAN_POINT ( 'NONE',  ( 3.257583998163493533, -31.19999999999997797, 2.957726575413679893 ) ) ;
#4517 = VERTEX_POINT ( 'NONE', #6122 ) ;
#4518 = CARTESIAN_POINT ( 'NONE',  ( -0.1695132869726385383, -25.15877304621548305, -1.994485634647265915 ) ) ;
#4519 = ORIENTED_EDGE ( 'NONE', *, *, #3340, .F. ) ;
#4520 = CARTESIAN_POINT ( 'NONE',  ( -5.146920607196466158, -27.89999999999997726, 1.071694213951994712 ) ) ;
#4521 = CARTESIAN_POINT ( 'NONE',  ( -0.6499999999999930278, -39.20000000000005969, -2.760613916264666256E-14 ) ) ;
#4522 = ORIENTED_EDGE ( 'NONE', *, *, #5364, .T. ) ;
#4523 = CARTESIAN_POINT ( 'NONE',  ( 1.806316316930254517, -27.19999999999997797, -4.012134265349633466 ) ) ;
#4524 = CARTESIAN_POINT ( 'NONE',  ( -0.8969327537763892577, -27.39999999999997726, -4.307610896448784921 ) ) ;
#4525 = CARTESIAN_POINT ( 'NONE',  ( -0.8499999999999922062, -41.30000000000006821, 3.442860429049848126 ) ) ;
#4526 = AXIS2_PLACEMENT_3D ( 'NONE', #1450, #3535, #207 ) ;
#4527 = AXIS2_PLACEMENT_3D ( 'NONE', #3744, #2109, #4334 ) ;
#4528 = VERTEX_POINT ( 'NONE', #569 ) ;
#4529 = CARTESIAN_POINT ( 'NONE',  ( 0.9540832249789874542, -22.09991987402260349, 4.594086843703825807 ) ) ;
#4530 = CARTESIAN_POINT ( 'NONE',  ( 7.228825484007122693E-15, -36.60000000000005826, -2.696718069704596873E-14 ) ) ;
#4531 = ORIENTED_EDGE ( 'NONE', *, *, #5616, .F. ) ;
#4532 = CARTESIAN_POINT ( 'NONE',  ( 3.819613949003068054, -22.39999999999997016, -2.184158712315064310 ) ) ;
#4533 = ORIENTED_EDGE ( 'NONE', *, *, #1876, .T. ) ;
#4534 = DIRECTION ( 'NONE',  ( 0.000000000000000000, 0.000000000000000000, 1.000000000000000000 ) ) ;
#4535 = ADVANCED_FACE ( 'NONE', ( #131 ), #6751, .F. ) ;
#4536 = DIRECTION ( 'NONE',  ( 0.000000000000000000, 0.000000000000000000, 1.000000000000000000 ) ) ;
#4537 = AXIS2_PLACEMENT_3D ( 'NONE', #7224, #4575, #590 ) ;
#4538 = CARTESIAN_POINT ( 'NONE',  ( -2.296560377740040071, -27.49999999999997868, -4.016179778550416302 ) ) ;
#4539 = DIRECTION ( 'NONE',  ( 1.000000000000000000, 0.000000000000000000, 0.000000000000000000 ) ) ;
#4540 = CARTESIAN_POINT ( 'NONE',  ( -3.534020185992325036, -24.09999999999997300, 3.892302859490741174 ) ) ;
#4541 = EDGE_CURVE ( 'NONE', #1248, #175, #3429, .T. ) ;
#4542 = CARTESIAN_POINT ( 'NONE',  ( -14.00000000000000000, -10.49999999999998934, -4.999230762187789408E-14 ) ) ;
#4543 = VECTOR ( 'NONE', #5328, 1000.000000000000000 ) ;
#4544 = CARTESIAN_POINT ( 'NONE',  ( -2.609727701977318404, -30.89999999999997371, -4.563840657443636317 ) ) ;
#4545 = CARTESIAN_POINT ( 'NONE',  ( 7.831460092124234036E-15, -39.80000000000005400, -2.783746069593514254E-14 ) ) ;
#4546 = ORIENTED_EDGE ( 'NONE', *, *, #1629, .F. ) ;
#4547 = CARTESIAN_POINT ( 'NONE',  ( 3.257583998163493533, -28.59999999999997655, 2.957726575413680337 ) ) ;
#4548 = CARTESIAN_POINT ( 'NONE',  ( 4.373948876459917479, -30.79999999999997584, 0.4780912319996028503 ) ) ;
#4549 = VERTEX_POINT ( 'NONE', #1701 ) ;
#4550 = CARTESIAN_POINT ( 'NONE',  ( -3.701799997913059581, -26.19999999999997442, -3.361052926606751701 ) ) ;
#4551 = CARTESIAN_POINT ( 'NONE',  ( -22.50000000000000000, 104.0000000000000142, -26.00000000000000355 ) ) ;
#4552 = CARTESIAN_POINT ( 'NONE',  ( -4.207955520848806544E-29, 4.500000000000009770, -3.712967514326848460E-14 ) ) ;
#4553 = ORIENTED_EDGE ( 'NONE', *, *, #6590, .T. ) ;
#4554 = ORIENTED_EDGE ( 'NONE', *, *, #2408, .T. ) ;
#4555 = ADVANCED_FACE ( 'NONE', ( #2805 ), #675, .T. ) ;
#4556 = CARTESIAN_POINT ( 'NONE',  ( 4.970396450522633458, -26.79999999999997584, 0.5432854909086584083 ) ) ;
#4557 = LINE ( 'NONE', #1277, #312 ) ;
#4558 = VERTEX_POINT ( 'NONE', #2366 ) ;
#4559 = CARTESIAN_POINT ( 'NONE',  ( 0.8969327537763897018, -31.79999999999997584, 4.307610896448506921 ) ) ;
#4560 = CARTESIAN_POINT ( 'NONE',  ( -4.373948876459917479, -25.79999999999997584, -0.4780912319998809612 ) ) ;
#4561 = CARTESIAN_POINT ( 'NONE',  ( 5.849465754671657894E-15, -34.30000000000006821, -2.000000000000025313 ) ) ;
#4562 = AXIS2_PLACEMENT_3D ( 'NONE', #17, #4515, #344 ) ;
#4563 = EDGE_LOOP ( 'NONE', ( #4719, #4985, #2557, #5667 ) ) ;
#4564 = DIRECTION ( 'NONE',  ( -0.9996314841802271811, 0.000000000000000000, -0.02714582538137686255 ) ) ;
#4565 = DIRECTION ( 'NONE',  ( 1.084683744678891232E-30, 1.000000000000000000, 9.740822494929354281E-16 ) ) ;
#4566 = EDGE_LOOP ( 'NONE', ( #3922, #7044, #3677, #413, #3914, #3013, #6485, #7159 ) ) ;
#4567 = CARTESIAN_POINT ( 'NONE',  ( -4.218607618586945662, -23.09999999999997300, -1.899273372277499039 ) ) ;
#4568 = ORIENTED_EDGE ( 'NONE', *, *, #4340, .F. ) ;
#4569 = DIRECTION ( 'NONE',  ( 0.000000000000000000, 0.000000000000000000, 1.000000000000000000 ) ) ;
#4570 = LINE ( 'NONE', #3411, #4258 ) ;
#4571 = CARTESIAN_POINT ( 'NONE',  ( -3.109937763673246813, -26.09999999999996945, 3.425226516351835393 ) ) ;
#4572 = DIRECTION ( 'NONE',  ( -1.883233150365978123E-16, 1.000000000000000000, 2.719624996528670136E-16 ) ) ;
#4573 = DIRECTION ( 'NONE',  ( 0.9377796628086604303, 5.807183573696492871E-17, -0.3472309087948180495 ) ) ;
#4574 = EDGE_CURVE ( 'NONE', #754, #1312, #19, .T. ) ;
#4575 = DIRECTION ( 'NONE',  ( 0.02714582538137678969, 2.769744689945855113E-16, -0.9996314841802272921 ) ) ;
#4576 = DIRECTION ( 'NONE',  ( -1.883233150365978123E-16, 1.000000000000000000, 2.719624996528670136E-16 ) ) ;
#4577 = VERTEX_POINT ( 'NONE', #4002 ) ;
#4578 = CARTESIAN_POINT ( 'NONE',  ( -4.970396450522633458, -21.79999999999997584, -0.5432854909089366302 ) ) ;
#4579 = CARTESIAN_POINT ( 'NONE',  ( -4.529290134332889295, -25.89999999999997016, 0.9430909082777386709 ) ) ;
#4580 = CARTESIAN_POINT ( 'NONE',  ( 4.373948876459917479, -22.79999999999997229, 0.4780912319996028503 ) ) ;
#4581 = EDGE_LOOP ( 'NONE', ( #3614, #4616, #6807, #4482 ) ) ;
#4582 = DIRECTION ( 'NONE',  ( 0.9857564655421142685, 1.848553963265644675E-18, 0.1681790434088577812 ) ) ;
#4583 = FACE_BOUND ( 'NONE', #4855, .T. ) ;
#4584 = ADVANCED_FACE ( 'NONE', ( #3884 ), #97, .F. ) ;
#4585 = AXIS2_PLACEMENT_3D ( 'NONE', #1436, #874, #4817 ) ;
#4586 = CARTESIAN_POINT ( 'NONE',  ( -0.4107829211873975095, -25.21651791943453347, -1.958941988728289063 ) ) ;
#4587 = ORIENTED_EDGE ( 'NONE', *, *, #4636, .T. ) ;
#4588 = CARTESIAN_POINT ( 'NONE',  ( -0.5712441706673427877, -28.29999999999996874, 5.226184107212377583 ) ) ;
#4589 = FACE_OUTER_BOUND ( 'NONE', #2519, .T. ) ;
#4590 = ORIENTED_EDGE ( 'NONE', *, *, #7004, .F. ) ;
#4591 = CARTESIAN_POINT ( 'NONE',  ( -3.819613949003068498, -21.99999999999997868, 2.184158712314787198 ) ) ;
#4592 = CARTESIAN_POINT ( 'NONE',  ( 2.296560377740040515, -28.49999999999997513, 4.016179778550139190 ) ) ;
#4593 = DIRECTION ( 'NONE',  ( 0.000000000000000000, -0.000000000000000000, -1.000000000000000000 ) ) ;
#4594 = EDGE_LOOP ( 'NONE', ( #4910, #3295, #7193, #6695 ) ) ;
#4595 = DIRECTION ( 'NONE',  ( -5.551115123125782702E-17, 2.719624996528607027E-16, -1.000000000000000000 ) ) ;
#4596 = CARTESIAN_POINT ( 'NONE',  ( 0.6500000000000070166, -39.40000000000006253, -2.773269615917786759E-14 ) ) ;
#4597 = ORIENTED_EDGE ( 'NONE', *, *, #2933, .T. ) ;
#4598 = CARTESIAN_POINT ( 'NONE',  ( -3.109937763673246813, -21.49999999999997158, 3.425226516351835393 ) ) ;
#4599 = ORIENTED_EDGE ( 'NONE', *, *, #1590, .F. ) ;
#4600 = CARTESIAN_POINT ( 'NONE',  ( 0.7538915879700393008, -39.22135396072961555, -3.597040982533357134 ) ) ;
#4601 = CARTESIAN_POINT ( 'NONE',  ( -0.6499999999999930278, -39.20000000000005969, -2.760613916264666256E-14 ) ) ;
#4602 = CARTESIAN_POINT ( 'NONE',  ( -0.5026948701872614444, -28.29999999999996874, 4.599042014346876428 ) ) ;
#4603 = CARTESIAN_POINT ( 'NONE',  ( 0.000000000000000000, 0.000000000000000000, 0.000000000000000000 ) ) ;
#4604 = DIRECTION ( 'NONE',  ( -0.000000000000000000, 1.000000000000000000, -0.000000000000000000 ) ) ;
#4605 = DIRECTION ( 'NONE',  ( 1.000000000000000000, 0.000000000000000000, 0.000000000000000000 ) ) ;
#4606 = CARTESIAN_POINT ( 'NONE',  ( 4.793872293848801647, -28.69999999999996732, 2.158265195769587308 ) ) ;
#4607 = CARTESIAN_POINT ( 'NONE',  ( 6.883272781662509979E-15, -39.20000000000005969, -2.764222141094698204E-14 ) ) ;
#4608 = VERTEX_POINT ( 'NONE', #2873 ) ;
#4609 = CARTESIAN_POINT ( 'NONE',  ( -2.609727701977318404, -25.49999999999996447, -4.563840657443635429 ) ) ;
#4610 = EDGE_CURVE ( 'NONE', #3886, #5659, #637, .T. ) ;
#4611 = CARTESIAN_POINT ( 'NONE',  ( -3.109937763673246813, -28.09999999999996945, 3.425226516351835837 ) ) ;
#4612 = CARTESIAN_POINT ( 'NONE',  ( 1.806316316930254517, -27.19999999999997797, -4.012134265349633466 ) ) ;
#4613 = CARTESIAN_POINT ( 'NONE',  ( -16.75000000000000711, 104.0000000000000142, 25.25000000000000000 ) ) ;
#4614 = CARTESIAN_POINT ( 'NONE',  ( -4.448360104602003595, -41.85000000000005116, -0.1207989229471551074 ) ) ;
#4615 = EDGE_CURVE ( 'NONE', #4549, #2141, #2779, .T. ) ;
#4616 = ORIENTED_EDGE ( 'NONE', *, *, #5566, .T. ) ;
#4617 = DIRECTION ( 'NONE',  ( 5.551115123125782702E-17, -2.719624996528607027E-16, 1.000000000000000000 ) ) ;
#4618 = ORIENTED_EDGE ( 'NONE', *, *, #593, .T. ) ;
#4619 = CARTESIAN_POINT ( 'NONE',  ( 3.534020185992327256, -33.69999999999997442, -3.892302859491017397 ) ) ;
#4620 = DIRECTION ( 'NONE',  ( 0.000000000000000000, 0.000000000000000000, 1.000000000000000000 ) ) ;
#4621 = ORIENTED_EDGE ( 'NONE', *, *, #21, .T. ) ;
#4622 = VECTOR ( 'NONE', #5194, 1000.000000000000000 ) ;
#4623 = ADVANCED_FACE ( 'NONE', ( #2288, #1117 ), #4996, .T. ) ;
#4624 = CARTESIAN_POINT ( 'NONE',  ( 2.296560377740040515, -22.49999999999996447, 4.016179778550139190 ) ) ;
#4625 = LINE ( 'NONE', #6525, #3121 ) ;
#4626 = PLANE ( 'NONE',  #4507 ) ;
#4627 = AXIS2_PLACEMENT_3D ( 'NONE', #3089, #4723, #4144 ) ;
#4628 = CIRCLE ( 'NONE', #4050, 1.700000000000000178 ) ;
#4629 = ORIENTED_EDGE ( 'NONE', *, *, #2353, .T. ) ;
#4630 = CARTESIAN_POINT ( 'NONE',  ( 5.997788905081364419, -2.077341958608788008, 0.1628749522882424194 ) ) ;
#4631 = CARTESIAN_POINT ( 'NONE',  ( 0.7195639313329437181, -34.64688459865892156, 1.868112735427058579 ) ) ;
#4632 = ORIENTED_EDGE ( 'NONE', *, *, #209, .T. ) ;
#4633 = CARTESIAN_POINT ( 'NONE',  ( -3.109937763673246813, -25.49999999999997158, 3.425226516351835393 ) ) ;
#4634 = ORIENTED_EDGE ( 'NONE', *, *, #855, .F. ) ;
#4635 = AXIS2_PLACEMENT_3D ( 'NONE', #1235, #5655, #5690 ) ;
#4636 = EDGE_CURVE ( 'NONE', #347, #5518, #6159, .T. ) ;
#4637 = FACE_BOUND ( 'NONE', #3940, .T. ) ;
#4638 = CIRCLE ( 'NONE', #2897, 9.500000000000003553 ) ;
#4639 = AXIS2_PLACEMENT_3D ( 'NONE', #421, #2587, #2696 ) ;
#4640 = DIRECTION ( 'NONE',  ( -0.7071067811865475727, 0.000000000000000000, 0.7071067811865475727 ) ) ;
#4641 = CYLINDRICAL_SURFACE ( 'NONE', #4406, 6.000000000000000888 ) ;
#4642 = AXIS2_PLACEMENT_3D ( 'NONE', #6271, #3959, #1194 ) ;
#4643 = LINE ( 'NONE', #3904, #3000 ) ;
#4644 = AXIS2_PLACEMENT_3D ( 'NONE', #5288, #2507, #241 ) ;
#4645 = VECTOR ( 'NONE', #6398, 1000.000000000000000 ) ;
#4646 = DIRECTION ( 'NONE',  ( -5.551115123125799958E-17, 0.000000000000000000, -1.000000000000000000 ) ) ;
#4647 = DIRECTION ( 'NONE',  ( -1.883233150365978123E-16, 1.000000000000000000, 2.719624996528670136E-16 ) ) ;
#4648 = VECTOR ( 'NONE', #1991, 999.9999999999998863 ) ;
#4649 = DIRECTION ( 'NONE',  ( -0.7071067811865474617, 0.000000000000000000, 0.7071067811865474617 ) ) ;
#4650 = ORIENTED_EDGE ( 'NONE', *, *, #7237, .T. ) ;
#4651 = CARTESIAN_POINT ( 'NONE',  ( -2.052632178329834023, -24.19999999999997442, 4.559243483351559156 ) ) ;
#4652 = CARTESIAN_POINT ( 'NONE',  ( -0.8969327537763892577, -29.39999999999997371, -4.307610896448784921 ) ) ;
#4653 = AXIS2_PLACEMENT_3D ( 'NONE', #1024, #3263, #6623 ) ;
#4654 = CARTESIAN_POINT ( 'NONE',  ( -3.819613949003068498, -23.99999999999997513, 2.184158712314787198 ) ) ;
#4655 = CARTESIAN_POINT ( 'NONE',  ( -5.146920607196466158, -31.89999999999997726, 1.071694213951994712 ) ) ;
#4656 = DIRECTION ( 'NONE',  ( -0.9996314841802271811, 0.000000000000000000, -0.02714582538137677234 ) ) ;
#4657 = EDGE_CURVE ( 'NONE', #3962, #6947, #2256, .T. ) ;
#4658 = EDGE_CURVE ( 'NONE', #5066, #2694, #2081, .T. ) ;
#4659 = APPROVAL_PERSON_ORGANIZATION ( #2058, #5753, #409 ) ;
#4660 = AXIS2_PLACEMENT_3D ( 'NONE', #1402, #6405, #256 ) ;
#4661 = VERTEX_POINT ( 'NONE', #3465 ) ;
#4662 = CARTESIAN_POINT ( 'NONE',  ( 0.6500000000000069056, -39.20000000000005969, -2.767830365924729837E-14 ) ) ;
#4663 = EDGE_LOOP ( 'NONE', ( #3440, #3036, #3387, #4351 ) ) ;
#4664 = CARTESIAN_POINT ( 'NONE',  ( 4.340470396594395375, -22.99999999999997513, -2.481998536721644832 ) ) ;
#4665 = DIRECTION ( 'NONE',  ( -0.7071067811865474617, 0.000000000000000000, -0.7071067811865474617 ) ) ;
#4666 = ORIENTED_EDGE ( 'NONE', *, *, #5161, .F. ) ;
#4667 = CARTESIAN_POINT ( 'NONE',  ( -3.257583998163493533, -32.99999999999997158, -2.957726575413957892 ) ) ;
#4668 = CARTESIAN_POINT ( 'NONE',  ( -0.5026948701872614444, -24.29999999999997229, 4.599042014346876428 ) ) ;
#4669 = DIRECTION ( 'NONE',  ( 0.000000000000000000, -0.000000000000000000, 1.000000000000000000 ) ) ;
#4671 = EDGE_CURVE ( 'NONE', #3816, #7024, #6876, .T. ) ;
#4670 = VERTEX_POINT ( 'NONE', #2838 ) ;
#4672 = DIRECTION ( 'NONE',  ( 0.7071067811865474617, 0.000000000000000000, 0.7071067811865474617 ) ) ;
#4673 = CC_DESIGN_PERSON_AND_ORGANIZATION_ASSIGNMENT ( #5321, #6348, ( #2503 ) ) ;
#4674 = CARTESIAN_POINT ( 'NONE',  ( -9.742207041086504371E-16, -26.49999999999997513, -7.800000000000068212 ) ) ;
#4675 = ORIENTED_EDGE ( 'NONE', *, *, #6714, .T. ) ;
#4676 = CARTESIAN_POINT ( 'NONE',  ( -3.701799997913059581, -26.99999999999997513, -3.361052926606751701 ) ) ;
#4677 = VERTEX_POINT ( 'NONE', #203 ) ;
#4678 = CARTESIAN_POINT ( 'NONE',  ( 0.8277737773821450817, -39.29458275839577652, 3.580761545280386482 ) ) ;
#4679 = CARTESIAN_POINT ( 'NONE',  ( -16.75000000000000711, 3.851859888774471706E-31, -22.00000000000000711 ) ) ;
#4680 = FACE_OUTER_BOUND ( 'NONE', #4581, .T. ) ;
#4681 = DIRECTION ( 'NONE',  ( -0.000000000000000000, -1.000000000000000000, -0.000000000000000000 ) ) ;
#4682 = LINE ( 'NONE', #6923, #2312 ) ;
#4683 = CARTESIAN_POINT ( 'NONE',  ( -16.75000000000000711, 3.400000000000000355, -25.25000000000000000 ) ) ;
#4684 = FACE_OUTER_BOUND ( 'NONE', #1857, .T. ) ;
#4685 = ORIENTED_EDGE ( 'NONE', *, *, #3595, .F. ) ;
#4686 = CARTESIAN_POINT ( 'NONE',  ( -4.340470396594395375, -21.99999999999997868, 2.481998536721368165 ) ) ;
#4687 = CARTESIAN_POINT ( 'NONE',  ( -0.8500000000001463052, -39.34659831737857161, -3.575349633252867143 ) ) ;
#4688 = CARTESIAN_POINT ( 'NONE',  ( 0.5026948701872619996, -25.29999999999997229, -4.599042014347151763 ) ) ;
#4689 = CARTESIAN_POINT ( 'NONE',  ( -16.75000000000000711, 3.851859888774471706E-31, -25.25000000000000000 ) ) ;
#4690 = CARTESIAN_POINT ( 'NONE',  ( -4.410424890600222803, 104.0000000000000000, -11.91140149678911619 ) ) ;
#4691 = CARTESIAN_POINT ( 'NONE',  ( 1.019241765654988363, -21.79999999999997229, 4.895012382327868394 ) ) ;
#4692 = DIRECTION ( 'NONE',  ( 0.9996314841802272921, 0.000000000000000000, 0.02714582538137666826 ) ) ;
#4693 = CARTESIAN_POINT ( 'NONE',  ( -16.75000000000000711, 98.00000000000000000, 23.55000000000000071 ) ) ;
#4694 = ORIENTED_EDGE ( 'NONE', *, *, #1224, .T. ) ;
#4695 = CARTESIAN_POINT ( 'NONE',  ( -3.701799997913059581, -34.19999999999996732, -3.361052926606751701 ) ) ;
#4696 = DIRECTION ( 'NONE',  ( 0.02714582538137678969, 2.769744689945855113E-16, -0.9996314841802272921 ) ) ;
#4697 = ORIENTED_EDGE ( 'NONE', *, *, #1393, .T. ) ;
#4698 = CARTESIAN_POINT ( 'NONE',  ( -1.806316316930254073, -22.19999999999997797, 4.012134265349355466 ) ) ;
#4699 = CARTESIAN_POINT ( 'NONE',  ( 1.534308524024752633E-17, 43.61806232061201172, 6.299999999999999822 ) ) ;
#4700 = ORIENTED_EDGE ( 'NONE', *, *, #6199, .T. ) ;
#4701 = DIRECTION ( 'NONE',  ( 0.6385255567472922777, 9.873481602195248993E-17, -0.7696006193998029543 ) ) ;
#4702 = FACE_OUTER_BOUND ( 'NONE', #4929, .T. ) ;
#4703 = ORIENTED_EDGE ( 'NONE', *, *, #2124, .T. ) ;
#4704 = CARTESIAN_POINT ( 'NONE',  ( -1.019241765654987697, -30.79999999999997939, -4.895012382328145506 ) ) ;
#4705 = ORIENTED_EDGE ( 'NONE', *, *, #3167, .F. ) ;
#4706 = CARTESIAN_POINT ( 'NONE',  ( 4.970396450522633458, -33.39999999999997726, 0.5432854909086584083 ) ) ;
#4707 = CARTESIAN_POINT ( 'NONE',  ( 0.5026948701872619996, -29.29999999999996518, -4.599042014347151763 ) ) ;
#4708 = CARTESIAN_POINT ( 'NONE',  ( -0.8499999999999925393, -40.80000000000006111, 3.059105261346791949 ) ) ;
#4709 = AXIS2_PLACEMENT_3D ( 'NONE', #6996, #2011, #3686 ) ;
#4710 = ADVANCED_FACE ( 'NONE', ( #852 ), #2437, .F. ) ;
#4711 = CARTESIAN_POINT ( 'NONE',  ( -17.50000000000000000, 104.0000000000000142, -31.00000000000000000 ) ) ;
#4712 = LINE ( 'NONE', #184, #3587 ) ;
#4713 = FACE_OUTER_BOUND ( 'NONE', #4017, .T. ) ;
#4714 = FACE_OUTER_BOUND ( 'NONE', #2578, .T. ) ;
#4715 =( BOUNDED_CURVE ( )  B_SPLINE_CURVE ( 2, ( #3631, #2434, #6345, #5316, #1951, #5863, #814, #6856, #1850, #3529, #2534, #845, #4213, #5205, #4757, #738, #1885, #703, #1990, #4655, #3498, #4112, #2943, #4077, #5760, #1339, #5794, #775, #3019, #3195, #879, #4821, #7059, #3763, #3160, #6452, #7141, #6558, #2129, #5422, #1550, #4245, #338, #7105, #4859, #1439, #1470, #3122, #6001, #6592, #2573, #1030, #4902, #2717, #5354, #2052, #4321, #3659, #7180, #405, #2098, #5897, #4790, #2015, #1519, #7027, #990, #448, #3270, #6478, #3227, #923, #2161, #5501, #485, #3691, #4280, #6521, #5459, #4937, #5933, #5388, #369, #2604, #2685, #3730, #4353, #5965, #1585, #955, #2641, #3797, #6037, #3414, #3984, #1219, #6075, #4540, #3450, #6701, #6110, #5643, #1660, #1624, #3838, #2241, #6222, #1144, #4389, #553, #5017, #1066, #3869, #2900, #3301, #517, #6630, #5048, #6187, #2316, #1767 ),
 .UNSPECIFIED., .F., .T. ) 
 B_SPLINE_CURVE_WITH_KNOTS ( ( 3, 2, 2, 2, 2, 2, 2, 2, 2, 2, 2, 2, 2, 2, 2, 2, 2, 2, 2, 2, 2, 2, 2, 2, 2, 2, 2, 2, 2, 2, 2, 2, 2, 2, 2, 2, 2, 2, 2, 2, 2, 2, 2, 2, 2, 2, 2, 2, 2, 2, 2, 2, 2, 2, 2, 2, 2, 2, 2, 2, 3 ),
 ( 0.000000000000000000, 0.01666666666666666644, 0.03333333333333333287, 0.05000000000000000278, 0.06666666666666666574, 0.08333333333333332871, 0.1000000000000000056, 0.1166666666666666685, 0.1333333333333333315, 0.1499999999999999944, 0.1666666666666666574, 0.1833333333333333204, 0.2000000000000000111, 0.2166666666666666741, 0.2333333333333333370, 0.2500000000000000000, 0.2666666666666666630, 0.2833333333333333259, 0.2999999999999999889, 0.3166666666666666519, 0.3333333333333333148, 0.3499999999999999778, 0.3666666666666666408, 0.3833333333333333592, 0.4000000000000000222, 0.4166666666666666852, 0.4333333333333333481, 0.4500000000000000111, 0.4666666666666666741, 0.4833333333333333370, 0.5000000000000000000, 0.5166666666666667185, 0.5333333333333333259, 0.5500000000000000444, 0.5666666666666666519, 0.5833333333333333703, 0.5999999999999999778, 0.6166666666666666963, 0.6333333333333333037, 0.6500000000000000222, 0.6666666666666666297, 0.6833333333333333481, 0.6999999999999999556, 0.7166666666666666741, 0.7333333333333332815, 0.7500000000000000000, 0.7666666666666667185, 0.7833333333333333259, 0.8000000000000000444, 0.8166666666666666519, 0.8333333333333333703, 0.8499999999999999778, 0.8666666666666666963, 0.8833333333333333037, 0.9000000000000000222, 0.9166666666666666297, 0.9333333333333333481, 0.9499999999999999556, 0.9666666666666666741, 0.9833333333333332815, 1.000000000000000000 ),
 .UNSPECIFIED. ) 
 CURVE ( )  GEOMETRIC_REPRESENTATION_ITEM ( )  RATIONAL_B_SPLINE_CURVE ( ( 1.000000000000000000, 0.9510565162951535312, 1.000000000000000000, 0.9510565162951535312, 1.000000000000000000, 0.9510565162951535312, 1.000000000000000000, 0.9510565162951535312, 1.000000000000000000, 0.9510565162951535312, 1.000000000000000000, 0.9510565162951535312, 1.000000000000000000, 0.9510565162951535312, 1.000000000000000000, 0.9510565162951535312, 1.000000000000000000, 0.9510565162951535312, 1.000000000000000000, 0.9510565162951535312, 1.000000000000000000, 0.9510565162951535312, 1.000000000000000000, 0.9510565162951535312, 1.000000000000000000, 0.9510565162951535312, 1.000000000000000000, 0.9510565162951535312, 1.000000000000000000, 0.9510565162951535312, 1.000000000000000000, 0.9510565162951535312, 1.000000000000000000, 0.9510565162951535312, 1.000000000000000000, 0.9510565162951535312, 1.000000000000000000, 0.9510565162951535312, 1.000000000000000000, 0.9510565162951535312, 1.000000000000000000, 0.9510565162951535312, 1.000000000000000000, 0.9510565162951535312, 1.000000000000000000, 0.9510565162951535312, 1.000000000000000000, 0.9510565162951535312, 1.000000000000000000, 0.9510565162951535312, 1.000000000000000000, 0.9510565162951535312, 1.000000000000000000, 0.9510565162951535312, 1.000000000000000000, 0.9510565162951535312, 1.000000000000000000, 0.9510565162951535312, 1.000000000000000000, 0.9510565162951535312, 1.000000000000000000, 0.9510565162951535312, 1.000000000000000000, 0.9510565162951535312, 1.000000000000000000, 0.9510565162951535312, 1.000000000000000000, 0.9510565162951535312, 1.000000000000000000, 0.9510565162951535312, 1.000000000000000000, 0.9510565162951535312, 1.000000000000000000, 0.9510565162951535312, 1.000000000000000000, 0.9510565162951535312, 1.000000000000000000, 0.9510565162951535312, 1.000000000000000000, 0.9510565162951535312, 1.000000000000000000, 0.9510565162951535312, 1.000000000000000000, 0.9510565162951535312, 1.000000000000000000, 0.9510565162951535312, 1.000000000000000000, 0.9510565162951535312, 1.000000000000000000, 0.9510565162951535312, 1.000000000000000000, 0.9510565162951535312, 1.000000000000000000, 0.9510565162951535312, 1.000000000000000000, 0.9510565162951535312, 1.000000000000000000, 0.9510565162951535312, 1.000000000000000000, 0.9510565162951535312, 1.000000000000000000, 0.9510565162951535312, 1.000000000000000000, 0.9510565162951535312, 1.000000000000000000, 0.9510565162951535312, 1.000000000000000000, 0.9510565162951535312, 1.000000000000000000, 0.9510565162951535312, 1.000000000000000000, 0.9510565162951535312, 1.000000000000000000, 0.9510565162951535312, 1.000000000000000000, 0.9510565162951535312, 1.000000000000000000, 0.9510565162951535312, 1.000000000000000000, 0.9510565162951535312, 1.000000000000000000 ) ) 
 REPRESENTATION_ITEM ( '' )  );
#4716 = DIRECTION ( 'NONE',  ( 1.084683744678891232E-30, 1.000000000000000000, 9.740822494929354281E-16 ) ) ;
#4717 = ADVANCED_FACE ( 'NONE', ( #4081 ), #272, .T. ) ;
#4718 = DIRECTION ( 'NONE',  ( 0.000000000000000000, 0.000000000000000000, 1.000000000000000000 ) ) ;
#4719 = ORIENTED_EDGE ( 'NONE', *, *, #1137, .F. ) ;
#4720 = CARTESIAN_POINT ( 'NONE',  ( 4.340470396594395375, -22.99999999999997513, -2.481998536721644832 ) ) ;
#4721 = CARTESIAN_POINT ( 'NONE',  ( 16.26345596729054677, 10.00000000000000000, -14.61345596729060325 ) ) ;
#4722 = CARTESIAN_POINT ( 'NONE',  ( -4.373948876459917479, -27.79999999999997584, -0.4780912319998809612 ) ) ;
#4723 = DIRECTION ( 'NONE',  ( 0.000000000000000000, -1.000000000000000000, -0.000000000000000000 ) ) ;
#4724 = LINE ( 'NONE', #4690, #4648 ) ;
#4725 = CARTESIAN_POINT ( 'NONE',  ( -5.146920607196465269, -23.29999999999997229, 1.071694213951994712 ) ) ;
#4726 = DIRECTION ( 'NONE',  ( 0.000000000000000000, 0.000000000000000000, 1.000000000000000000 ) ) ;
#4727 = LINE ( 'NONE', #5322, #6517 ) ;
#4728 = EDGE_LOOP ( 'NONE', ( #273, #5672, #1924, #170 ) ) ;
#4729 = CARTESIAN_POINT ( 'NONE',  ( 5.146920607196465269, -22.89999999999997371, -1.071694213952270935 ) ) ;
#4730 = DIRECTION ( 'NONE',  ( 0.9996314841802272921, 1.808712683899153303E-16, 0.02714582538137666826 ) ) ;
#4731 = ORIENTED_EDGE ( 'NONE', *, *, #762, .T. ) ;
#4732 = AXIS2_PLACEMENT_3D ( 'NONE', #5339, #3078, #3649 ) ;
#4733 = DIRECTION ( 'NONE',  ( -1.249000902703301108E-16, 8.673617379884035472E-16, -1.000000000000000000 ) ) ;
#4734 = ORIENTED_EDGE ( 'NONE', *, *, #1653, .F. ) ;
#4735 = CARTESIAN_POINT ( 'NONE',  ( 3.998525936720917162, -40.00000000000004974, 0.1085833015254782929 ) ) ;
#4736 = DIRECTION ( 'NONE',  ( 0.000000000000000000, 0.000000000000000000, 1.000000000000000000 ) ) ;
#4737 = ORIENTED_EDGE ( 'NONE', *, *, #542, .F. ) ;
#4738 = CARTESIAN_POINT ( 'NONE',  ( -5.146920607196465269, -31.29999999999997229, 1.071694213951994712 ) ) ;
#4739 = ORIENTED_EDGE ( 'NONE', *, *, #294, .F. ) ;
#4740 = CARTESIAN_POINT ( 'NONE',  ( -2.052632178329834023, -30.79999999999997939, 4.559243483351559156 ) ) ;
#4741 = CARTESIAN_POINT ( 'NONE',  ( 3.257583998163493533, -32.59999999999997300, 2.957726575413680337 ) ) ;
#4742 = EDGE_CURVE ( 'NONE', #5265, #4003, #5731, .T. ) ;
#4743 = AXIS2_PLACEMENT_3D ( 'NONE', #2385, #696, #6221 ) ;
#4744 = CARTESIAN_POINT ( 'NONE',  ( -22.50000000000000000, 8.000000000000003553, 26.00000000000000355 ) ) ;
#4745 = DIRECTION ( 'NONE',  ( -1.000000000000000000, 0.000000000000000000, 0.000000000000000000 ) ) ;
#4746 = ADVANCED_FACE ( 'NONE', ( #1308 ), #1888, .T. ) ;
#4747 = CARTESIAN_POINT ( 'NONE',  ( 4.373948876459917479, -27.39999999999997371, 0.4780912319996027948 ) ) ;
#4748 = CARTESIAN_POINT ( 'NONE',  ( -0.4746351085401504521, -33.58307434420295579, -4.887769261448352331 ) ) ;
#4749 = AXIS2_PLACEMENT_3D ( 'NONE', #508, #1092, #2775 ) ;
#4750 = CARTESIAN_POINT ( 'NONE',  ( -9.742207041086522120E-16, -27.99999999999997513, -7.800000000000069100 ) ) ;
#4751 = DIRECTION ( 'NONE',  ( 0.9996314841802272921, 1.808712683899153303E-16, 0.02714582538137666826 ) ) ;
#4752 = CIRCLE ( 'NONE', #3127, 1.999999999999997780 ) ;
#4753 = AXIS2_PLACEMENT_3D ( 'NONE', #1455, #794, #3674 ) ;
#4754 = VERTEX_POINT ( 'NONE', #3532 ) ;
#4755 = CARTESIAN_POINT ( 'NONE',  ( -4.425617823162295583E-15, 20.26087079120528145, -2.000000000000010658 ) ) ;
#4756 = ADVANCED_FACE ( 'NONE', ( #6967 ), #5765, .F. ) ;
#4757 = CARTESIAN_POINT ( 'NONE',  ( 1.019241765654988141, -32.39999999999997726, 4.895012382327868394 ) ) ;
#4758 = CARTESIAN_POINT ( 'NONE',  ( 0.5026948701872619996, -31.29999999999997584, -4.599042014347151763 ) ) ;
#4759 = FACE_OUTER_BOUND ( 'NONE', #352, .T. ) ;
#4760 = CIRCLE ( 'NONE', #1967, 1.999999999999999556 ) ;
#4761 = CARTESIAN_POINT ( 'NONE',  ( 5.146920607196465269, -22.29999999999996874, -1.071694213952271379 ) ) ;
#4762 = CALENDAR_DATE ( 2023, 24, 12 ) ;
#4763 = CIRCLE ( 'NONE', #1626, 6.000000000000000888 ) ;
#4764 = ADVANCED_FACE ( 'NONE', ( #4040 ), #1959, .T. ) ;
#4765 = DIRECTION ( 'NONE',  ( -0.000000000000000000, -1.000000000000000000, -0.000000000000000000 ) ) ;
#4766 = VERTEX_POINT ( 'NONE', #6900 ) ;
#4767 = CARTESIAN_POINT ( 'NONE',  ( -0.5712441706673427877, -22.29999999999997229, 5.226184107212377583 ) ) ;
#4768 = DIRECTION ( 'NONE',  ( 0.9996314841802270701, 0.000000000000000000, 0.02714582538137666479 ) ) ;
#4769 = VERTEX_POINT ( 'NONE', #6864 ) ;
#4770 = AXIS2_PLACEMENT_3D ( 'NONE', #3943, #5010, #4569 ) ;
#4771 = DIRECTION ( 'NONE',  ( 0.7071067811865474617, 0.000000000000000000, -0.7071067811865474617 ) ) ;
#4772 = ORIENTED_EDGE ( 'NONE', *, *, #4742, .F. ) ;
#4773 = LINE ( 'NONE', #6606, #1962 ) ;
#4774 = CARTESIAN_POINT ( 'NONE',  ( 0.4565655878786976651, -35.98457409841240207, 1.950343655409130239 ) ) ;
#4775 = ORIENTED_EDGE ( 'NONE', *, *, #2881, .T. ) ;
#4776 = CARTESIAN_POINT ( 'NONE',  ( 4.340470396594395375, -30.39999999999997371, -2.481998536721644832 ) ) ;
#4777 = EDGE_LOOP ( 'NONE', ( #962, #4208, #3201, #2997, #4522, #3466, #6341, #4599 ) ) ;
#4778 = CARTESIAN_POINT ( 'NONE',  ( -3.534020185992325924, -32.69999999999997442, 3.892302859490741618 ) ) ;
#4779 = CARTESIAN_POINT ( 'NONE',  ( 4.218607618586947439, -30.69999999999996376, 1.899273372277220817 ) ) ;
#4780 = LINE ( 'NONE', #4233, #5202 ) ;
#4781 = CARTESIAN_POINT ( 'NONE',  ( 0.7518304575420660107, -39.22017557044261338, -1.853753994676010874 ) ) ;
#4782 = CARTESIAN_POINT ( 'NONE',  ( 0.8500000000000073053, -42.00000000000005684, -1.810386699023196710 ) ) ;
#4783 = EDGE_CURVE ( 'NONE', #5688, #1865, #4727, .T. ) ;
#4784 = CARTESIAN_POINT ( 'NONE',  ( 1.576662278333882394, -33.51366673820604802, -4.523994077391273017 ) ) ;
#4785 = FACE_OUTER_BOUND ( 'NONE', #6439, .T. ) ;
#4786 = AXIS2_PLACEMENT_3D ( 'NONE', #1698, #3999, #6238 ) ;
#4787 = CYLINDRICAL_SURFACE ( 'NONE', #5997, 1.700000000000007061 ) ;
#4788 = ORIENTED_EDGE ( 'NONE', *, *, #133, .F. ) ;
#4789 = LINE ( 'NONE', #3119, #5803 ) ;
#4790 = CARTESIAN_POINT ( 'NONE',  ( -3.701799997913060025, -27.59999999999997655, -3.361052926606751257 ) ) ;
#4791 = CARTESIAN_POINT ( 'NONE',  ( 1.806316316930254517, -31.19999999999997797, -4.012134265349633466 ) ) ;
#4792 = CARTESIAN_POINT ( 'NONE',  ( 0.000000000000000000, 0.000000000000000000, 25.50000000000000000 ) ) ;
#4793 = CARTESIAN_POINT ( 'NONE',  ( 4.529290134332889295, -32.29999999999996874, -0.9430909082780156716 ) ) ;
#4794 = CARTESIAN_POINT ( 'NONE',  ( -4.970396450522633458, -21.19999999999997442, -0.5432854909089367412 ) ) ;
#4795 = APPROVAL_DATE_TIME ( #3802, #5753 ) ;
#4796 = CARTESIAN_POINT ( 'NONE',  ( -0.7852037812315821874, -34.74487545278640255, 1.840085756691458130 ) ) ;
#4797 = ORIENTED_EDGE ( 'NONE', *, *, #5841, .F. ) ;
#4798 = CARTESIAN_POINT ( 'NONE',  ( 3.701799997913059581, -31.19999999999997797, 3.361052926606474589 ) ) ;
#4799 = DIRECTION ( 'NONE',  ( 0.000000000000000000, 0.000000000000000000, 1.000000000000000000 ) ) ;
#4800 = EDGE_LOOP ( 'NONE', ( #3286, #533 ) ) ;
#4801 = EDGE_CURVE ( 'NONE', #2877, #1109, #3804, .T. ) ;
#4802 = CARTESIAN_POINT ( 'NONE',  ( 16.74999999999999289, 3.851859888774471706E-31, 25.25000000000000000 ) ) ;
#4803 = ORIENTED_EDGE ( 'NONE', *, *, #1939, .T. ) ;
#4804 = CARTESIAN_POINT ( 'NONE',  ( -2.296560377740040515, -33.49999999999997158, -4.016179778550417190 ) ) ;
#4805 = CARTESIAN_POINT ( 'NONE',  ( 1.393689117241936356E-14, -27.65000000000010516, -2.000000000000053735 ) ) ;
#4806 = ORIENTED_EDGE ( 'NONE', *, *, #6105, .T. ) ;
#4807 = CARTESIAN_POINT ( 'NONE',  ( 5.146920607196465269, -32.29999999999996874, -1.071694213952271379 ) ) ;
#4808 = ORIENTED_EDGE ( 'NONE', *, *, #80, .T. ) ;
#4809 = CARTESIAN_POINT ( 'NONE',  ( 2.609727701977319736, -33.09999999999997300, 4.563840657443357429 ) ) ;
#4810 = CARTESIAN_POINT ( 'NONE',  ( -3.109937763673246813, -32.09999999999996589, 3.425226516351835393 ) ) ;
#4811 = DIRECTION ( 'NONE',  ( -0.000000000000000000, 1.000000000000000000, -0.000000000000000000 ) ) ;
#4812 = CARTESIAN_POINT ( 'NONE',  ( -0.2517919661308056778, -22.05920777434378977, 4.848456312979783078 ) ) ;
#4813 = CARTESIAN_POINT ( 'NONE',  ( 0.6500000000000069056, -39.20000000000005969, -1.891428031937800736 ) ) ;
#4814 = AXIS2_PLACEMENT_3D ( 'NONE', #1772, #2463, #1300 ) ;
#4815 = CARTESIAN_POINT ( 'NONE',  ( 0.07405297242897640464, -33.56516277269412996, -4.889786564207681430 ) ) ;
#4816 = CARTESIAN_POINT ( 'NONE',  ( 5.320550933198359307E-16, 78.44092671982706122, 6.318197875807233657E-16 ) ) ;
#4817 = DIRECTION ( 'NONE',  ( 0.9996314841802272921, 2.017120320903264195E-16, 0.02714582538137666826 ) ) ;
#4818 = CARTESIAN_POINT ( 'NONE',  ( -3.819613949003068498, -32.59999999999997300, 2.184158712314787198 ) ) ;
#4819 = VERTEX_POINT ( 'NONE', #5870 ) ;
#4820 = CARTESIAN_POINT ( 'NONE',  ( -16.75000000000000000, 3.400000000000000355, 25.25000000000000000 ) ) ;
#4821 = CARTESIAN_POINT ( 'NONE',  ( 4.793872293848802535, -30.69999999999997087, 2.158265195769587752 ) ) ;
#4822 = DIRECTION ( 'NONE',  ( -0.000000000000000000, -1.000000000000000000, -0.000000000000000000 ) ) ;
#4823 = CARTESIAN_POINT ( 'NONE',  ( -3.109937763673246813, -25.49999999999997158, 3.425226516351835393 ) ) ;
#4824 = CARTESIAN_POINT ( 'NONE',  ( 2.609727701977318848, -32.49999999999997158, 4.563840657443356541 ) ) ;
#4825 = CARTESIAN_POINT ( 'NONE',  ( -1.806316316930254073, -24.19999999999997442, 4.012134265349355466 ) ) ;
#4826 = CARTESIAN_POINT ( 'NONE',  ( -3.819613949003068498, -28.59999999999997655, 2.184158712314787198 ) ) ;
#4827 = ADVANCED_FACE ( 'NONE', ( #7005, #6351 ), #1345, .F. ) ;
#4828 = DIRECTION ( 'NONE',  ( 0.7696006193997994016, -5.487004635205580675E-17, 0.6385255567472968297 ) ) ;
#4829 = ORIENTED_EDGE ( 'NONE', *, *, #3595, .T. ) ;
#4830 = CARTESIAN_POINT ( 'NONE',  ( -2.609727701977318404, -32.09999999999997300, -4.563840657443636317 ) ) ;
#4831 = DIRECTION ( 'NONE',  ( -0.000000000000000000, 1.000000000000000000, -0.000000000000000000 ) ) ;
#4832 = EDGE_CURVE ( 'NONE', #2971, #3856, #657, .T. ) ;
#4833 = CARTESIAN_POINT ( 'NONE',  ( 22.50000000000000000, 98.00000000000000000, -26.00000000000000355 ) ) ;
#4834 = CARTESIAN_POINT ( 'NONE',  ( 2.296560377740041403, -33.09999999999997300, 4.016179778550139190 ) ) ;
#4835 = CARTESIAN_POINT ( 'NONE',  ( 4.218607618586946550, -32.69999999999997442, 1.899273372277220817 ) ) ;
#4836 = VECTOR ( 'NONE', #1764, 1000.000000000000000 ) ;
#4837 = CARTESIAN_POINT ( 'NONE',  ( 0.000000000000000000, 1.040949779275251742E-16, 23.40000000000000213 ) ) ;
#4838 = VERTEX_POINT ( 'NONE', #4693 ) ;
#4839 = ADVANCED_FACE ( 'NONE', ( #2543 ), #547, .T. ) ;
#4840 = CARTESIAN_POINT ( 'NONE',  ( -2.052632178329834023, -21.59999999999997300, 4.559243483351559156 ) ) ;
#4841 = ORIENTED_EDGE ( 'NONE', *, *, #2625, .T. ) ;
#4842 = CARTESIAN_POINT ( 'NONE',  ( -4.793872293848801647, -30.29999999999997229, -2.158265195769866640 ) ) ;
#4843 = CARTESIAN_POINT ( 'NONE',  ( 16.75000000000363798, 98.00000000000000000, -26.95000000004300844 ) ) ;
#4844 = CARTESIAN_POINT ( 'NONE',  ( -0.8969327537763891467, -25.99999999999997513, -4.307610896448784921 ) ) ;
#4845 = CARTESIAN_POINT ( 'NONE',  ( -0.8499999999999926503, -40.30000000000021032, 3.442950960963562235 ) ) ;
#4846 = CARTESIAN_POINT ( 'NONE',  ( -2.390404821987068384, -21.98760560858574564, 4.381305210479290224 ) ) ;
#4847 = DIRECTION ( 'NONE',  ( 0.9996314841802271811, 1.808712683899153303E-16, 0.02714582538137666132 ) ) ;
#4848 = CARTESIAN_POINT ( 'NONE',  ( -0.8969327537763891467, -28.79999999999997584, -4.307610896448784921 ) ) ;
#4849 = CARTESIAN_POINT ( 'NONE',  ( 1.875775665632804623, -33.50247823600525976, -4.351814689356515942 ) ) ;
#4850 = CARTESIAN_POINT ( 'NONE',  ( -0.8499999999999925393, -42.00000000000005684, -3.472481101460489938 ) ) ;
#4851 = VECTOR ( 'NONE', #3087, 1000.000000000000000 ) ;
#4852 = AXIS2_PLACEMENT_3D ( 'NONE', #4116, #4186, #6427 ) ;
#4853 = DIRECTION ( 'NONE',  ( -1.883233150365978123E-16, 1.000000000000000000, 2.719624996528670136E-16 ) ) ;
#4854 = CARTESIAN_POINT ( 'NONE',  ( -4.373948876459917479, -32.39999999999997016, -0.4780912319998809612 ) ) ;
#4855 = EDGE_LOOP ( 'NONE', ( #1788, #3882 ) ) ;
#4856 = OPEN_SHELL ( 'NONE', ( #1083, #1492, #1214, #4252, #3057, #3323, #4756, #3822, #930, #7045, #3644, #1868, #6455, #2255, #302, #7186, #4584, #115, #2168, #3885, #4029, #6084, #3768, #5980, #288, #3900, #5252, #1781, #2794 ) ) ;
#4857 = DIRECTION ( 'NONE',  ( -0.000000000000000000, -1.000000000000000000, -0.000000000000000000 ) ) ;
#4858 = AXIS2_PLACEMENT_3D ( 'NONE', #4962, #7049, #4344 ) ;
#4859 = CARTESIAN_POINT ( 'NONE',  ( -1.019241765654987697, -29.39999999999997371, -4.895012382328145506 ) ) ;
#4860 = CARTESIAN_POINT ( 'NONE',  ( -0.3363500856189545196, -25.18502000348239989, 1.977634680351729957 ) ) ;
#4861 = CARTESIAN_POINT ( 'NONE',  ( 3.109937763673246813, -22.49999999999997513, -3.425226516352113837 ) ) ;
#4862 = CARTESIAN_POINT ( 'NONE',  ( -4.340470396594395375, -29.99999999999997868, 2.481998536721368165 ) ) ;
#4863 = VECTOR ( 'NONE', #2028, 1000.000000000000000 ) ;
#4864 = LINE ( 'NONE', #3767, #7212 ) ;
#4865 = AXIS2_PLACEMENT_3D ( 'NONE', #4094, #1971, #3102 ) ;
#4866 = CIRCLE ( 'NONE', #1143, 3.249999999999996003 ) ;
#4867 = PERSON_AND_ORGANIZATION ( #960, #2371 ) ;
#4868 = ORIENTED_EDGE ( 'NONE', *, *, #6925, .T. ) ;
#4869 = DIRECTION ( 'NONE',  ( 1.883233150365978123E-16, -1.000000000000000000, -2.719624996528670136E-16 ) ) ;
#4870 = VERTEX_POINT ( 'NONE', #4148 ) ;
#4871 = CARTESIAN_POINT ( 'NONE',  ( 4.970396450522633458, -29.39999999999997726, 0.5432854909086584083 ) ) ;
#4872 = EDGE_CURVE ( 'NONE', #3854, #4120, #5578, .T. ) ;
#4874 = DIRECTION ( 'NONE',  ( 0.000000000000000000, 1.000000000000000000, 0.000000000000000000 ) ) ;
#4873 = CARTESIAN_POINT ( 'NONE',  ( 4.529290134332890183, -32.89999999999997016, -0.9430909082780154495 ) ) ;
#4875 = CARTESIAN_POINT ( 'NONE',  ( 7.228825484007122693E-15, -36.60000000000005826, -2.696718069704596873E-14 ) ) ;
#4876 = CIRCLE ( 'NONE', #6415, 1.999999999999999556 ) ;
#4877 = ORIENTED_EDGE ( 'NONE', *, *, #336, .F. ) ;
#4878 = CARTESIAN_POINT ( 'NONE',  ( -22.50000000000000000, 98.00000000000000000, 26.00000000000000355 ) ) ;
#4879 = CARTESIAN_POINT ( 'NONE',  ( -0.3315915669830257761, -27.60809034472201873, -1.974034081956997477 ) ) ;
#4880 = ORIENTED_EDGE ( 'NONE', *, *, #411, .T. ) ;
#4881 = CARTESIAN_POINT ( 'NONE',  ( -3.701799997913059581, -24.99999999999997158, -3.361052926606751701 ) ) ;
#4882 = ORIENTED_EDGE ( 'NONE', *, *, #1539, .F. ) ;
#4883 = AXIS2_PLACEMENT_3D ( 'NONE', #1909, #4137, #6371 ) ;
#4884 = CARTESIAN_POINT ( 'NONE',  ( -0.5026948701872614444, -30.29999999999996518, 4.599042014346876428 ) ) ;
#4885 = CARTESIAN_POINT ( 'NONE',  ( 3.109937763673247257, -33.09999999999995879, -3.425226516352112061 ) ) ;
#4886 = CARTESIAN_POINT ( 'NONE',  ( 0.8756282573772912192, -34.96125688296024947, -1.798815694559363632 ) ) ;
#4887 = ADVANCED_FACE ( 'NONE', ( #2400 ), #5836, .F. ) ;
#4888 = ADVANCED_FACE ( 'NONE', ( #3769 ), #3806, .F. ) ;
#4889 = CARTESIAN_POINT ( 'NONE',  ( 0.9564867029524509734, -22.09984661384445914, 4.616630558651803717 ) ) ;
#4890 = CARTESIAN_POINT ( 'NONE',  ( -17.50000000000000000, 0.000000000000000000, 31.00000000000000000 ) ) ;
#4891 = CARTESIAN_POINT ( 'NONE',  ( 1.019241765654988363, -27.79999999999997229, 4.895012382327868394 ) ) ;
#4892 = CARTESIAN_POINT ( 'NONE',  ( 2.296560377740041403, -27.89999999999997371, 4.016179778550139190 ) ) ;
#4893 = EDGE_LOOP ( 'NONE', ( #5116, #5433, #792, #6687 ) ) ;
#4894 = CARTESIAN_POINT ( 'NONE',  ( -3.798604466751680953, -33.73214788935575115, -2.243439756735462254 ) ) ;
#4895 = CARTESIAN_POINT ( 'NONE',  ( 4.970396450522633458, -25.39999999999997726, 0.5432854909086584083 ) ) ;
#4896 = LINE ( 'NONE', #1545, #2331 ) ;
#4897 = CARTESIAN_POINT ( 'NONE',  ( 3.409574497827730126E-17, 4.499999999999996447, 13.99999999999996447 ) ) ;
#4898 = EDGE_CURVE ( 'NONE', #1783, #6331, #2991, .T. ) ;
#4899 = CARTESIAN_POINT ( 'NONE',  ( 4.373948876459917479, -29.39999999999997726, 0.4780912319996027948 ) ) ;
#4900 = ORIENTED_EDGE ( 'NONE', *, *, #6138, .F. ) ;
#4901 = PLANE ( 'NONE',  #6392 ) ;
#4902 = CARTESIAN_POINT ( 'NONE',  ( 3.701799997913060025, -28.59999999999997655, 3.361052926606473257 ) ) ;
#4903 = CARTESIAN_POINT ( 'NONE',  ( -0.5628244182715450572, -27.51910639635441314, 1.920739822369487371 ) ) ;
#4904 = CARTESIAN_POINT ( 'NONE',  ( 4.373948876459917479, -22.19999999999997087, 0.4780912319996027948 ) ) ;
#4905 = CARTESIAN_POINT ( 'NONE',  ( -0.5712441706673427877, -30.29999999999996518, 5.226184107212377583 ) ) ;
#4906 = DIRECTION ( 'NONE',  ( -0.000000000000000000, -1.000000000000000000, -0.000000000000000000 ) ) ;
#4907 = EDGE_CURVE ( 'NONE', #6201, #3807, #6030, .T. ) ;
#4908 = ADVANCED_FACE ( 'NONE', ( #5506 ), #6048, .T. ) ;
#4909 = CARTESIAN_POINT ( 'NONE',  ( -0.8499999999999927613, -39.40000000000006253, 1.810386699023138535 ) ) ;
#4910 = ORIENTED_EDGE ( 'NONE', *, *, #6006, .F. ) ;
#4911 = CARTESIAN_POINT ( 'NONE',  ( 4.970396450522633458, -27.39999999999997371, 0.5432854909086584083 ) ) ;
#4913 = CARTESIAN_POINT ( 'NONE',  ( 6.883272781662509979E-15, -39.20000000000005969, -2.764222141094698204E-14 ) ) ;
#4912 = CARTESIAN_POINT ( 'NONE',  ( -3.257583998163493089, -33.59999999999998010, -2.957726575413957892 ) ) ;
#4914 = DIRECTION ( 'NONE',  ( 0.000000000000000000, 0.000000000000000000, 1.000000000000000000 ) ) ;
#4915 = ORIENTED_EDGE ( 'NONE', *, *, #762, .F. ) ;
#4916 = CARTESIAN_POINT ( 'NONE',  ( 4.373948876459917479, -30.79999999999997584, 0.4780912319996028503 ) ) ;
#4917 = CARTESIAN_POINT ( 'NONE',  ( 7.454813462051038658E-15, -37.80000000000005400, -2.729353569662941246E-14 ) ) ;
#4918 = ORIENTED_EDGE ( 'NONE', *, *, #325, .F. ) ;
#4919 = CARTESIAN_POINT ( 'NONE',  ( 0.5712441706673430097, -26.69999999999997442, -5.226184107212654695 ) ) ;
#4920 = VERTEX_POINT ( 'NONE', #6530 ) ;
#4921 = CARTESIAN_POINT ( 'NONE',  ( 4.373948876459917479, -28.79999999999997939, 0.4780912319996028503 ) ) ;
#4922 = CARTESIAN_POINT ( 'NONE',  ( 3.819613949003068498, -32.99999999999997158, -2.184158712315064310 ) ) ;
#4923 = DIRECTION ( 'NONE',  ( -0.9996314841802270701, 0.000000000000000000, -0.02714582538137666479 ) ) ;
#4924 = DIRECTION ( 'NONE',  ( 0.000000000000000000, 0.000000000000000000, 1.000000000000000000 ) ) ;
#4925 = DIRECTION ( 'NONE',  ( 0.000000000000000000, 0.000000000000000000, 1.000000000000000000 ) ) ;
#4926 = CARTESIAN_POINT ( 'NONE',  ( -2.609727701977318404, -28.89999999999997371, -4.563840657443636317 ) ) ;
#4927 = CARTESIAN_POINT ( 'NONE',  ( -4.218607618586946550, -29.69999999999997087, -1.899273372277498817 ) ) ;
#4928 = CARTESIAN_POINT ( 'NONE',  ( -4.218607618586945662, -31.09999999999996945, -1.899273372277499039 ) ) ;
#4929 = EDGE_LOOP ( 'NONE', ( #795, #3737, #5244, #5009 ) ) ;
#4930 = CARTESIAN_POINT ( 'NONE',  ( -8.383987937862535547E-29, -33.99999999999997158, -7.463184174874649168E-14 ) ) ;
#4931 = EDGE_CURVE ( 'NONE', #1418, #4371, #3665, .T. ) ;
#4932 = FACE_BOUND ( 'NONE', #568, .T. ) ;
#4933 = CARTESIAN_POINT ( 'NONE',  ( -3.819613949003068498, -28.59999999999997655, 2.184158712314787198 ) ) ;
#4934 = EDGE_LOOP ( 'NONE', ( #2486, #6102, #6431, #2367 ) ) ;
#4935 = CIRCLE ( 'NONE', #3879, 3.249999999999999556 ) ;
#4936 = DIRECTION ( 'NONE',  ( 0.9996314841802272921, 1.808712683899153303E-16, 0.02714582538137666826 ) ) ;
#4937 = CARTESIAN_POINT ( 'NONE',  ( -5.146920607196466158, -25.89999999999997016, 1.071694213951994712 ) ) ;
#4938 = EDGE_CURVE ( 'NONE', #6270, #500, #5217, .T. ) ;
#4939 = CARTESIAN_POINT ( 'NONE',  ( -3.701799997913059581, -24.19999999999997442, -3.361052926606751701 ) ) ;
#4940 = CARTESIAN_POINT ( 'NONE',  ( -0.9978738756776222019, -27.16948709685873453, 1.737804445788399432 ) ) ;
#4941 = CARTESIAN_POINT ( 'NONE',  ( -4.373948876459917479, -25.19999999999997797, -0.4780912319998809612 ) ) ;
#4942 = CARTESIAN_POINT ( 'NONE',  ( 3.534020185992324592, -31.09999999999997655, -3.892302859491016953 ) ) ;
#4943 = CARTESIAN_POINT ( 'NONE',  ( -16.75000000000000000, 3.400000000000000355, 26.95000000000001705 ) ) ;
#4944 = LINE ( 'NONE', #3234, #5342 ) ;
#4945 = VERTEX_POINT ( 'NONE', #6564 ) ;
#4946 = ADVANCED_FACE ( 'NONE', ( #998 ), #491, .F. ) ;
#4947 = ADVANCED_FACE ( 'NONE', ( #1524 ), #4327, .F. ) ;
#4948 = CARTESIAN_POINT ( 'NONE',  ( -4.793872293848801647, -32.29999999999996874, -2.158265195769866640 ) ) ;
#4949 = CARTESIAN_POINT ( 'NONE',  ( 5.997788905081370636, -33.65000000000005542, 0.1628749522882337319 ) ) ;
#4950 = CARTESIAN_POINT ( 'NONE',  ( 16.75000000000363798, 3.400000000000000355, -23.55000000004299565 ) ) ;
#4951 = VERTEX_POINT ( 'NONE', #2723 ) ;
#4952 = CARTESIAN_POINT ( 'NONE',  ( -3.819613949003068498, -29.99999999999997868, 2.184158712314787198 ) ) ;
#4953 = CARTESIAN_POINT ( 'NONE',  ( 0.000000000000000000, 1.040949779275251742E-16, 25.50000000000000000 ) ) ;
#4954 = ORIENTED_EDGE ( 'NONE', *, *, #4396, .T. ) ;
#4955 = CARTESIAN_POINT ( 'NONE',  ( -2.609727701977318404, -24.89999999999997371, -4.563840657443636317 ) ) ;
#4956 = EDGE_LOOP ( 'NONE', ( #937, #5949 ) ) ;
#4957 = CARTESIAN_POINT ( 'NONE',  ( 5.146920607196465269, -27.49999999999997868, -1.071694213952271379 ) ) ;
#4958 = CARTESIAN_POINT ( 'NONE',  ( -1.806316316930254073, -28.19999999999997442, 4.012134265349355466 ) ) ;
#4959 = CARTESIAN_POINT ( 'NONE',  ( 0.8969327537763897018, -22.99999999999997158, 4.307610896448506921 ) ) ;
#4960 = CARTESIAN_POINT ( 'NONE',  ( -0.8499999999999927613, -40.53564125428748355, 3.117368753468016784 ) ) ;
#4961 = DIRECTION ( 'NONE',  ( -1.000000000000000000, 0.000000000000000000, 0.000000000000000000 ) ) ;
#4962 = CARTESIAN_POINT ( 'NONE',  ( -16.75000000000000711, 104.0000000000000142, 25.25000000000000000 ) ) ;
#4963 = CARTESIAN_POINT ( 'NONE',  ( -4.340470396594395375, -25.39999999999997726, 2.481998536721367721 ) ) ;
#4964 = CARTESIAN_POINT ( 'NONE',  ( 2.296560377740041403, -31.89999999999997371, 4.016179778550139190 ) ) ;
#4965 = EDGE_LOOP ( 'NONE', ( #6893, #5984, #5605, #5076 ) ) ;
#4966 = DIRECTION ( 'NONE',  ( 0.9996314841802272921, 0.000000000000000000, 0.02714582538137666132 ) ) ;
#4967 = CIRCLE ( 'NONE', #4732, 7.230910042229492518 ) ;
#4968 = DIRECTION ( 'NONE',  ( 1.722095177413789718E-18, 0.7071067811865444641, 0.7071067811865505703 ) ) ;
#4969 = CARTESIAN_POINT ( 'NONE',  ( -3.257583998163493533, -28.19999999999997087, -2.957726575413957892 ) ) ;
#4970 = EDGE_CURVE ( 'NONE', #1301, #4994, #4944, .T. ) ;
#4971 = CARTESIAN_POINT ( 'NONE',  ( 16.74999999999999289, 0.000000000000000000, 22.00000000000000711 ) ) ;
#4972 = DIRECTION ( 'NONE',  ( 0.000000000000000000, 0.000000000000000000, -1.000000000000000000 ) ) ;
#4973 = AXIS2_PLACEMENT_3D ( 'NONE', #5, #2748, #4320 ) ;
#4974 = LINE ( 'NONE', #6189, #4070 ) ;
#4975 = B_SPLINE_CURVE_WITH_KNOTS ( 'NONE', 3,
 ( #1678, #4419, #5988, #2115, #3361, #4455, #2230, #4886, #3256, #5487, #5521, #6690, #2628, #3751, #5445, #4377, #3892, #7249 ),
 .UNSPECIFIED., .F., .F.,
 ( 4, 2, 2, 2, 2, 2, 2, 2, 4 ),
 ( 0.002852663228205183556, 0.003208839127660212918, 0.003565015027115241847, 0.003921190926570270775, 0.004277366826025299704, 0.004633542725480328632, 0.004989718624935357560, 0.005345894524390387356, 0.005702070423845416285 ),
 .UNSPECIFIED. ) ;
#4976 = CARTESIAN_POINT ( 'NONE',  ( 0.5026948701872618885, -24.69999999999997442, -4.599042014347152652 ) ) ;
#4977 = CARTESIAN_POINT ( 'NONE',  ( 2.609727701977318848, -30.49999999999997868, 4.563840657443356541 ) ) ;
#4978 = DIRECTION ( 'NONE',  ( 0.000000000000000000, 0.000000000000000000, 1.000000000000000000 ) ) ;
#4979 = OPEN_SHELL ( 'NONE', ( #1866, #5158, #6867, #3550, #3460, #7090, #345, #4300, #6515 ) ) ;
#4980 = VECTOR ( 'NONE', #3003, 1000.000000000000000 ) ;
#4981 = EDGE_CURVE ( 'NONE', #2992, #4577, #5973, .T. ) ;
#4982 = AXIS2_PLACEMENT_3D ( 'NONE', #6743, #1070, #2278 ) ;
#4983 = CC_DESIGN_PERSON_AND_ORGANIZATION_ASSIGNMENT ( #6080, #7146, ( #6769 ) ) ;
#4984 = CARTESIAN_POINT ( 'NONE',  ( 0.8969327537763894798, -30.39999999999997726, 4.307610896448506921 ) ) ;
#4985 = ORIENTED_EDGE ( 'NONE', *, *, #6092, .F. ) ;
#4986 = CARTESIAN_POINT ( 'NONE',  ( -0.5712441706673425657, -22.89999999999997016, 5.226184107212376695 ) ) ;
#4987 = DIRECTION ( 'NONE',  ( 0.000000000000000000, 1.000000000000000000, 0.000000000000000000 ) ) ;
#4988 = AXIS2_PLACEMENT_3D ( 'NONE', #4485, #6718, #3432 ) ;
#4989 = DIRECTION ( 'NONE',  ( -1.883233150365978123E-16, 1.000000000000000000, 2.719624996528670136E-16 ) ) ;
#4990 = EDGE_CURVE ( 'NONE', #2444, #3672, #278, .T. ) ;
#4991 = AXIS2_PLACEMENT_3D ( 'NONE', #5291, #7236, #3772 ) ;
#4992 = AXIS2_PLACEMENT_3D ( 'NONE', #6935, #3093, #1273 ) ;
#4993 = CARTESIAN_POINT ( 'NONE',  ( 3.819613949003068054, -31.59999999999997655, -2.184158712315064310 ) ) ;
#4994 = VERTEX_POINT ( 'NONE', #2611 ) ;
#4995 = CIRCLE ( 'NONE', #4286, 1.700000000000013944 ) ;
#4996 = PLANE ( 'NONE',  #4292 ) ;
#4997 = ORIENTED_EDGE ( 'NONE', *, *, #239, .F. ) ;
#4998 = CARTESIAN_POINT ( 'NONE',  ( 4.793872293848802535, -22.09999999999997300, 2.158265195769588196 ) ) ;
#4999 = ORIENTED_EDGE ( 'NONE', *, *, #1195, .T. ) ;
#5000 = CARTESIAN_POINT ( 'NONE',  ( -3.257583998163493089, -29.59999999999997655, -2.957726575413957892 ) ) ;
#5001 = AXIS2_PLACEMENT_3D ( 'NONE', #6382, #5460, #4281 ) ;
#5002 = CARTESIAN_POINT ( 'NONE',  ( 3.109937763673246813, -23.69999999999996732, -3.425226516352113837 ) ) ;
#5003 = CARTESIAN_POINT ( 'NONE',  ( 0.8500000000000070832, -39.40000000000006253, 1.810386699023138313 ) ) ;
#5004 = DIRECTION ( 'NONE',  ( 1.084683744678891232E-30, 1.000000000000000000, 9.740822494929354281E-16 ) ) ;
#5005 = VECTOR ( 'NONE', #916, 1000.000000000000000 ) ;
#5006 = PLANE ( 'NONE',  #1719 ) ;
#5007 = CARTESIAN_POINT ( 'NONE',  ( -1.019241765654987697, -28.79999999999997584, -4.895012382328145506 ) ) ;
#5008 = CARTESIAN_POINT ( 'NONE',  ( -4.373948876459917479, -33.19999999999997442, -0.4780912319998809612 ) ) ;
#5009 = ORIENTED_EDGE ( 'NONE', *, *, #1911, .F. ) ;
#5010 = DIRECTION ( 'NONE',  ( 0.000000000000000000, -1.000000000000000000, -0.000000000000000000 ) ) ;
#5011 = B_SPLINE_CURVE_WITH_KNOTS ( 'NONE', 3,
 ( #538, #2151, #2087, #3259, #4422, #1574 ),
 .UNSPECIFIED., .F., .F.,
 ( 4, 2, 4 ),
 ( 0.000000000000000000, 0.0001622202432262374113, 0.0003244404864524748225 ),
 .UNSPECIFIED. ) ;
#5012 = AXIS2_PLACEMENT_3D ( 'NONE', #1834, #6917, #2487 ) ;
#5013 = DIRECTION ( 'NONE',  ( -0.000000000000000000, -1.000000000000000000, -0.000000000000000000 ) ) ;
#5014 = CARTESIAN_POINT ( 'NONE',  ( -4.529290134332890183, -25.89999999999997016, 0.9430909082777386709 ) ) ;
#5015 = ADVANCED_FACE ( 'NONE', ( #3343 ), #6149, .F. ) ;
#5016 = LINE ( 'NONE', #6109, #886 ) ;
#5017 = CARTESIAN_POINT ( 'NONE',  ( 4.970396450522633458, -22.79999999999997229, 0.5432854909086584083 ) ) ;
#5018 = DIRECTION ( 'NONE',  ( -5.551115123125782702E-17, 2.719624996528607027E-16, -1.000000000000000000 ) ) ;
#5019 = CARTESIAN_POINT ( 'NONE',  ( -3.701799997913059581, -32.99999999999997158, -3.361052926606751701 ) ) ;
#5020 = CARTESIAN_POINT ( 'NONE',  ( 16.75000000000363798, 0.000000000000000000, -26.95000000004301555 ) ) ;
#5021 = EDGE_CURVE ( 'NONE', #4870, #614, #2060, .T. ) ;
#5022 = DIRECTION ( 'NONE',  ( 1.084683744678891232E-30, 1.000000000000000000, 9.740822494929354281E-16 ) ) ;
#5023 = ORIENTED_EDGE ( 'NONE', *, *, #3065, .F. ) ;
#5024 = CARTESIAN_POINT ( 'NONE',  ( 1.019241765654988363, -24.99999999999997158, 4.895012382327868394 ) ) ;
#5025 = CARTESIAN_POINT ( 'NONE',  ( 5.797862608245323734, -36.60000000000005826, 0.1574457872119576773 ) ) ;
#5026 = CARTESIAN_POINT ( 'NONE',  ( -4.793872293848801647, -26.29999999999997229, -2.158265195769866640 ) ) ;
#5027 = FACE_BOUND ( 'NONE', #1700, .T. ) ;
#5028 = ORIENTED_EDGE ( 'NONE', *, *, #4981, .F. ) ;
#5029 = DIRECTION ( 'NONE',  ( 2.081668171172362031E-17, -1.000000000000000000, -1.110223024625137558E-16 ) ) ;
#5030 = CONICAL_SURFACE ( 'NONE', #5505, 8.000000000000000000, 0.7853981633974482790 ) ;
#5031 = ORIENTED_EDGE ( 'NONE', *, *, #636, .F. ) ;
#5032 = CARTESIAN_POINT ( 'NONE',  ( 4.970396450522633458, -32.79999999999997584, 0.5432854909086584083 ) ) ;
#5033 = CARTESIAN_POINT ( 'NONE',  ( 2.514171872813561606E-15, -16.00000000000005684, -2.133269141900060837E-14 ) ) ;
#5034 = VERTEX_POINT ( 'NONE', #3307 ) ;
#5035 = EDGE_CURVE ( 'NONE', #6829, #1808, #5804, .T. ) ;
#5036 = CARTESIAN_POINT ( 'NONE',  ( -3.109937763673246813, -26.09999999999996945, 3.425226516351835393 ) ) ;
#5037 = CARTESIAN_POINT ( 'NONE',  ( 3.819613949003068498, -28.99999999999997868, -2.184158712315064310 ) ) ;
#5038 = CARTESIAN_POINT ( 'NONE',  ( -0.8499999999999923173, -41.30000000000006111, 3.575349633252641546 ) ) ;
#5039 = CARTESIAN_POINT ( 'NONE',  ( -4.133130491881646940, -21.87468110884529082, 1.547540223260672532 ) ) ;
#5040 = CARTESIAN_POINT ( 'NONE',  ( 0.8500000000000070832, -40.29999999999991189, 3.442839571863414161 ) ) ;
#5041 = ORIENTED_EDGE ( 'NONE', *, *, #822, .T. ) ;
#5042 = CARTESIAN_POINT ( 'NONE',  ( -3.109937763673246813, -23.49999999999997158, 3.425226516351835393 ) ) ;
#5043 = ORIENTED_EDGE ( 'NONE', *, *, #4832, .F. ) ;
#5044 = LINE ( 'NONE', #615, #5131 ) ;
#5045 = FACE_OUTER_BOUND ( 'NONE', #1167, .T. ) ;
#5046 = CARTESIAN_POINT ( 'NONE',  ( -3.109937763673246813, -28.09999999999996589, 3.425226516351835393 ) ) ;
#5047 = DIRECTION ( 'NONE',  ( -1.883233150365925861E-16, 1.000000000000000000, 2.719624996528607520E-16 ) ) ;
#5048 = CARTESIAN_POINT ( 'NONE',  ( -3.534020185992325036, -22.09999999999996945, 3.892302859490741174 ) ) ;
#5049 = CARTESIAN_POINT ( 'NONE',  ( -4.425617823162295583E-15, 20.26087079120528145, -2.000000000000010658 ) ) ;
#5050 = CARTESIAN_POINT ( 'NONE',  ( 2.609727701977319736, -31.89999999999997371, 4.563840657443357429 ) ) ;
#5051 = CARTESIAN_POINT ( 'NONE',  ( 2.571758278209439985E-16, 0.000000000000000000, -23.40000000000000213 ) ) ;
#5052 = CARTESIAN_POINT ( 'NONE',  ( 0.5026948701872619996, -29.29999999999996518, -4.599042014347151763 ) ) ;
#5053 = ORIENTED_EDGE ( 'NONE', *, *, #4257, .T. ) ;
#5054 = CARTESIAN_POINT ( 'NONE',  ( -5.146920607196465269, -24.49999999999997513, 1.071694213951994712 ) ) ;
#5055 = CARTESIAN_POINT ( 'NONE',  ( 22.50000000000000000, 0.000000000000000000, -26.00000000000000355 ) ) ;
#5056 = CONICAL_SURFACE ( 'NONE', #5415, 12.00000000000000000, 0.7853981633974471688 ) ;
#5057 = ADVANCED_FACE ( 'NONE', ( #6745 ), #1225, .F. ) ;
#5058 = DIRECTION ( 'NONE',  ( -1.883233150365978123E-16, 1.000000000000000000, 2.719624996528670136E-16 ) ) ;
#5059 = CARTESIAN_POINT ( 'NONE',  ( -3.257583998163493533, -32.19999999999997442, -2.957726575413957892 ) ) ;
#5060 = ORIENTED_EDGE ( 'NONE', *, *, #4100, .T. ) ;
#5061 = EDGE_CURVE ( 'NONE', #2884, #5066, #2609, .T. ) ;
#5062 = CARTESIAN_POINT ( 'NONE',  ( 6.883272781662509979E-15, -39.20000000000005969, -2.764222141094698204E-14 ) ) ;
#5063 = ORIENTED_EDGE ( 'NONE', *, *, #4872, .T. ) ;
#5064 = CARTESIAN_POINT ( 'NONE',  ( -3.534020185992324148, -30.09999999999997655, 3.892302859490740286 ) ) ;
#5065 = CARTESIAN_POINT ( 'NONE',  ( -4.318459974852301819, -33.78669550769084395, -0.8498096980830947000 ) ) ;
#5066 = VERTEX_POINT ( 'NONE', #6323 ) ;
#5067 = CARTESIAN_POINT ( 'NONE',  ( 4.373948876459917479, -24.79999999999997584, 0.4780912319996028503 ) ) ;
#5068 = CARTESIAN_POINT ( 'NONE',  ( -2.296560377740040071, -29.49999999999997513, -4.016179778550416302 ) ) ;
#5069 = DIRECTION ( 'NONE',  ( 0.9996314841802272921, 0.000000000000000000, 0.02714582538137663703 ) ) ;
#5071 = EDGE_CURVE ( 'NONE', #2665, #1384, #3233, .T. ) ;
#5070 = VERTEX_POINT ( 'NONE', #2478 ) ;
#5072 = CARTESIAN_POINT ( 'NONE',  ( 0.9590255206366231633, -22.10004481734775439, 4.599094293691265989 ) ) ;
#5073 = CARTESIAN_POINT ( 'NONE',  ( 3.511711140156078071E-31, 43.61806232061201882, 9.745349977981016305E-16 ) ) ;
#5074 = VERTEX_POINT ( 'NONE', #4154 ) ;
#5075 = CARTESIAN_POINT ( 'NONE',  ( -1.806316316930254073, -23.59999999999997655, 4.012134265349355466 ) ) ;
#5076 = ORIENTED_EDGE ( 'NONE', *, *, #5269, .F. ) ;
#5077 = DIRECTION ( 'NONE',  ( 0.7071067811865474617, 0.000000000000000000, -0.7071067811865474617 ) ) ;
#5078 = LINE ( 'NONE', #1800, #64 ) ;
#5079 = CARTESIAN_POINT ( 'NONE',  ( -3.257583998163493089, -25.59999999999997655, -2.957726575413957892 ) ) ;
#5080 = DIRECTION ( 'NONE',  ( 1.000000000000000000, 1.883233150365925861E-16, -5.551115123125777772E-17 ) ) ;
#5081 = CIRCLE ( 'NONE', #6131, 3.249999999999996003 ) ;
#5082 = CARTESIAN_POINT ( 'NONE',  ( 0.9981678913698178723, -25.63084144107247297, -1.737649070697165898 ) ) ;
#5083 = CARTESIAN_POINT ( 'NONE',  ( -2.052632178329834023, -22.79999999999997584, 4.559243483351559156 ) ) ;
#5084 = CARTESIAN_POINT ( 'NONE',  ( -2.609727701977318404, -34.09999999999997300, -4.563840657443636317 ) ) ;
#5085 = DIRECTION ( 'NONE',  ( -1.883233150365978123E-16, 1.000000000000000000, 2.719624996528670136E-16 ) ) ;
#5086 = CARTESIAN_POINT ( 'NONE',  ( 3.701799997913059581, -31.99999999999997513, 3.361052926606474589 ) ) ;
#5087 = DIRECTION ( 'NONE',  ( -0.9996314841802270701, 0.000000000000000000, -0.02714582538137666479 ) ) ;
#5088 = ORIENTED_EDGE ( 'NONE', *, *, #3385, .T. ) ;
#5089 = CARTESIAN_POINT ( 'NONE',  ( -4.373948876459917479, -29.79999999999997584, -0.4780912319998809612 ) ) ;
#5090 = CARTESIAN_POINT ( 'NONE',  ( -2.296560377740040071, -31.49999999999997513, -4.016179778550416302 ) ) ;
#5091 = ORIENTED_EDGE ( 'NONE', *, *, #1539, .T. ) ;
#5092 = CARTESIAN_POINT ( 'NONE',  ( 4.970396450522633458, -23.39999999999997371, 0.5432854909086584083 ) ) ;
#5093 = CARTESIAN_POINT ( 'NONE',  ( -16.75000000000000711, 100.5999999999999943, 25.25000000000000000 ) ) ;
#5094 = VECTOR ( 'NONE', #2825, 1000.000000000000000 ) ;
#5095 = VECTOR ( 'NONE', #4471, 1000.000000000000000 ) ;
#5096 = CARTESIAN_POINT ( 'NONE',  ( -8.362294262968958395E-29, -33.79999999999996874, -7.443702529884788306E-14 ) ) ;
#5097 = ORIENTED_EDGE ( 'NONE', *, *, #6825, .T. ) ;
#5098 = EDGE_CURVE ( 'NONE', #1292, #2484, #172, .T. ) ;
#5099 = AXIS2_PLACEMENT_3D ( 'NONE', #5284, #1918, #3054 ) ;
#5100 = CARTESIAN_POINT ( 'NONE',  ( 1.969130796841484915E-15, -25.15000000000002700, -2.000000000000040856 ) ) ;
#5101 = EDGE_CURVE ( 'NONE', #3962, #4951, #4625, .T. ) ;
#5102 = EDGE_LOOP ( 'NONE', ( #3514, #6997, #5777, #5330 ) ) ;
#5103 = CIRCLE ( 'NONE', #5222, 3.249999999999996003 ) ;
#5104 =( GEOMETRIC_REPRESENTATION_CONTEXT ( 3 ) GLOBAL_UNCERTAINTY_ASSIGNED_CONTEXT ( ( #1782 ) ) GLOBAL_UNIT_ASSIGNED_CONTEXT ( ( #1445, #1957, #1379 ) ) REPRESENTATION_CONTEXT ( 'NONE', 'WORKASPACE' ) );
#5105 = CIRCLE ( 'NONE', #3697, 3.249999999999996003 ) ;
#5106 = CARTESIAN_POINT ( 'NONE',  ( 5.146920607196465269, -28.89999999999997726, -1.071694213952270935 ) ) ;
#5107 = CARTESIAN_POINT ( 'NONE',  ( -4.364027158522091554, -33.79680490645990432, -0.5688627921575362123 ) ) ;
#5108 = ORIENTED_EDGE ( 'NONE', *, *, #1898, .T. ) ;
#5109 = CARTESIAN_POINT ( 'NONE',  ( -0.8969327537763891467, -32.79999999999997584, -4.307610896448784921 ) ) ;
#5110 = CARTESIAN_POINT ( 'NONE',  ( -3.819613949003068498, -25.99999999999997513, 2.184158712314787198 ) ) ;
#5111 = CARTESIAN_POINT ( 'NONE',  ( -4.529290134332889295, -24.49999999999997513, 0.9430909082777385599 ) ) ;
#5112 = DIRECTION ( 'NONE',  ( 5.551115123125782702E-17, -2.719624996528607027E-16, 1.000000000000000000 ) ) ;
#5113 = CIRCLE ( 'NONE', #1958, 6.500000000000005329 ) ;
#5114 = AXIS2_PLACEMENT_3D ( 'NONE', #3405, #4565, #5119 ) ;
#5115 = AXIS2_PLACEMENT_3D ( 'NONE', #1045, #3673, #3175 ) ;
#5116 = ORIENTED_EDGE ( 'NONE', *, *, #4275, .F. ) ;
#5117 = CARTESIAN_POINT ( 'NONE',  ( -0.3742431077134828477, -22.05437449554361251, 4.539509625520258496 ) ) ;
#5118 = EDGE_CURVE ( 'NONE', #6901, #3169, #4166, .T. ) ;
#5119 = DIRECTION ( 'NONE',  ( -1.249000902703301108E-16, 1.011922027653137537E-15, -1.000000000000000000 ) ) ;
#5120 = ORIENTED_EDGE ( 'NONE', *, *, #1709, .F. ) ;
#5121 = CARTESIAN_POINT ( 'NONE',  ( 3.109937763673246813, -24.49999999999997513, -3.425226516352113837 ) ) ;
#5122 = ORIENTED_EDGE ( 'NONE', *, *, #5355, .F. ) ;
#5123 = CIRCLE ( 'NONE', #4289, 1.649999999999998579 ) ;
#5124 = PLANE ( 'NONE',  #1168 ) ;
#5125 = LINE ( 'NONE', #2418, #758 ) ;
#5126 = VECTOR ( 'NONE', #3799, 1000.000000000000000 ) ;
#5127 = CARTESIAN_POINT ( 'NONE',  ( -3.257583998163493089, -27.59999999999997655, -2.957726575413957892 ) ) ;
#5128 = DIRECTION ( 'NONE',  ( 0.000000000000000000, 0.000000000000000000, 1.000000000000000000 ) ) ;
#5129 = CARTESIAN_POINT ( 'NONE',  ( -16.75000000000000711, 100.5999999999999943, 25.25000000000000000 ) ) ;
#5130 = CARTESIAN_POINT ( 'NONE',  ( 5.849465754671657894E-15, -34.30000000000006821, -2.000000000000025313 ) ) ;
#5131 = VECTOR ( 'NONE', #1684, 999.9999999999998863 ) ;
#5132 = EDGE_CURVE ( 'NONE', #175, #2847, #4864, .T. ) ;
#5133 = CARTESIAN_POINT ( 'NONE',  ( -22.50000000000000000, 104.0000000000000142, 26.00000000000000355 ) ) ;
#5134 = ORIENTED_EDGE ( 'NONE', *, *, #5611, .T. ) ;
#5135 = CARTESIAN_POINT ( 'NONE',  ( 4.970396450522633458, -24.79999999999997584, 0.5432854909086584083 ) ) ;
#5136 = CARTESIAN_POINT ( 'NONE',  ( -0.5026948701872614444, -26.29999999999997229, 4.599042014346876428 ) ) ;
#5137 = CARTESIAN_POINT ( 'NONE',  ( -3.257583998163493089, -27.59999999999997655, -2.957726575413957892 ) ) ;
#5138 = VERTEX_POINT ( 'NONE', #4089 ) ;
#5139 = DIRECTION ( 'NONE',  ( -5.551115123125782702E-17, 2.719624996528607027E-16, -1.000000000000000000 ) ) ;
#5140 = DIRECTION ( 'NONE',  ( -0.000000000000000000, -1.000000000000000000, -0.000000000000000000 ) ) ;
#5141 = CARTESIAN_POINT ( 'NONE',  ( -5.748206438292832543E-29, -9.699999999999993960, -5.096164308606816949E-14 ) ) ;
#5142 = ORIENTED_EDGE ( 'NONE', *, *, #336, .T. ) ;
#5143 = CARTESIAN_POINT ( 'NONE',  ( 4.340470396594395375, -28.99999999999997868, -2.481998536721644832 ) ) ;
#5144 = DIRECTION ( 'NONE',  ( -1.883233150365978123E-16, 1.000000000000000000, 2.719624996528670136E-16 ) ) ;
#5145 = EDGE_LOOP ( 'NONE', ( #1642, #4553 ) ) ;
#5146 = CARTESIAN_POINT ( 'NONE',  ( 3.257583998163493533, -31.99999999999997513, 2.957726575413679893 ) ) ;
#5147 = CARTESIAN_POINT ( 'NONE',  ( -3.257583998163493089, -29.59999999999997655, -2.957726575413957892 ) ) ;
#5148 = CARTESIAN_POINT ( 'NONE',  ( -0.8499999999999922062, -41.06427186401919016, 3.117054735192175130 ) ) ;
#5149 = EDGE_LOOP ( 'NONE', ( #4918, #6206, #1914, #899 ) ) ;
#5150 = LINE ( 'NONE', #6132, #2661 ) ;
#5151 = CARTESIAN_POINT ( 'NONE',  ( 0.8500000000000071942, -40.66732451462501530, 3.059105261346848348 ) ) ;
#5152 = ORIENTED_EDGE ( 'NONE', *, *, #411, .F. ) ;
#5153 = CARTESIAN_POINT ( 'NONE',  ( 2.296560377740041403, -25.89999999999997371, 4.016179778550139190 ) ) ;
#5154 = ORIENTED_EDGE ( 'NONE', *, *, #736, .T. ) ;
#5155 = CYLINDRICAL_SURFACE ( 'NONE', #1836, 6.000000000000000888 ) ;
#5156 = EDGE_CURVE ( 'NONE', #3617, #3962, #193, .T. ) ;
#5157 = DIRECTION ( 'NONE',  ( -0.000000000000000000, -1.000000000000000000, -0.000000000000000000 ) ) ;
#5158 = ADVANCED_FACE ( 'NONE', ( #43 ), #1628, .F. ) ;
#5159 = CARTESIAN_POINT ( 'NONE',  ( -0.5026948701872614444, -22.29999999999997229, 4.599042014346876428 ) ) ;
#5160 = DIRECTION ( 'NONE',  ( 2.081668171172362031E-17, -1.000000000000000000, -1.110223024625137558E-16 ) ) ;
#5161 = EDGE_CURVE ( 'NONE', #3566, #4517, #894, .T. ) ;
#5162 = CYLINDRICAL_SURFACE ( 'NONE', #5924, 1.700000000000000178 ) ;
#5163 = LINE ( 'NONE', #3008, #4074 ) ;
#5164 = CARTESIAN_POINT ( 'NONE',  ( 1.019241765654988141, -28.39999999999997726, 4.895012382327868394 ) ) ;
#5165 = DIRECTION ( 'NONE',  ( 0.9996314841802272921, 1.808712683899153303E-16, 0.02714582538137666826 ) ) ;
#5166 = ORIENTED_EDGE ( 'NONE', *, *, #1554, .T. ) ;
#5167 = CARTESIAN_POINT ( 'NONE',  ( 0.5712441706673430097, -25.29999999999997229, -5.226184107212652918 ) ) ;
#5168 = CARTESIAN_POINT ( 'NONE',  ( 1.806316316930254517, -25.19999999999997442, -4.012134265349633466 ) ) ;
#5169 = CARTESIAN_POINT ( 'NONE',  ( -4.373948876459917479, -25.79999999999997584, -0.4780912319998809612 ) ) ;
#5170 = DIRECTION ( 'NONE',  ( -0.000000000000000000, -1.000000000000000000, -0.000000000000000000 ) ) ;
#5171 = DIRECTION ( 'NONE',  ( 0.000000000000000000, 0.000000000000000000, 1.000000000000000000 ) ) ;
#5172 = CARTESIAN_POINT ( 'NONE',  ( -16.75000000000000711, 3.400000000000000355, -28.49999999999999645 ) ) ;
#5173 = EDGE_CURVE ( 'NONE', #1515, #181, #5504, .T. ) ;
#5174 = VECTOR ( 'NONE', #3156, 1000.000000000000000 ) ;
#5175 = DIRECTION ( 'NONE',  ( -1.883233150365978123E-16, 1.000000000000000000, 2.719624996528670136E-16 ) ) ;
#5176 = VERTEX_POINT ( 'NONE', #3342 ) ;
#5177 = CARTESIAN_POINT ( 'NONE',  ( -4.970396450522633458, -29.79999999999997584, -0.5432854909089366302 ) ) ;
#5178 = CARTESIAN_POINT ( 'NONE',  ( -0.8499999999999929834, -39.40000000000006253, -1.810386699023194046 ) ) ;
#5179 = ORIENTED_EDGE ( 'NONE', *, *, #1936, .T. ) ;
#5180 = CARTESIAN_POINT ( 'NONE',  ( -0.8969327537763891467, -30.79999999999997939, -4.307610896448784921 ) ) ;
#5181 = CARTESIAN_POINT ( 'NONE',  ( 3.109937763673247257, -31.09999999999997655, -3.425226516352112061 ) ) ;
#5182 = CARTESIAN_POINT ( 'NONE',  ( -4.373948876459917479, -24.39999999999997371, -0.4780912319998809612 ) ) ;
#5183 = CARTESIAN_POINT ( 'NONE',  ( 16.75000000000363798, 100.5999999999999943, -25.25000000004300915 ) ) ;
#5184 = VERTEX_POINT ( 'NONE', #3304 ) ;
#5185 = DIRECTION ( 'NONE',  ( -1.883233150365925861E-16, 1.000000000000000000, 2.719624996528607520E-16 ) ) ;
#5186 = DIRECTION ( 'NONE',  ( -1.249000902703301108E-16, 8.896017825522101418E-16, -1.000000000000000000 ) ) ;
#5187 = ORIENTED_EDGE ( 'NONE', *, *, #209, .F. ) ;
#5188 = CARTESIAN_POINT ( 'NONE',  ( -4.529290134332889295, -27.29999999999997584, 0.9430909082777385599 ) ) ;
#5189 = ORIENTED_EDGE ( 'NONE', *, *, #4615, .F. ) ;
#5190 = CARTESIAN_POINT ( 'NONE',  ( 7.410578063764969782E-15, -42.00000000000005684, -2.840371640997498901E-14 ) ) ;
#5191 = DIRECTION ( 'NONE',  ( -0.9377796628086577657, -5.807183573696639550E-17, 0.3472309087948249884 ) ) ;
#5192 = AXIS2_PLACEMENT_3D ( 'NONE', #3774, #382, #1042 ) ;
#5193 = CARTESIAN_POINT ( 'NONE',  ( -8.362294262968958395E-29, -33.79999999999996874, -7.443702529884788306E-14 ) ) ;
#5194 = DIRECTION ( 'NONE',  ( -8.831770080096159354E-17, 0.7071067811865482389, -0.7071067811865469066 ) ) ;
#5195 = EDGE_CURVE ( 'NONE', #6981, #1410, #3001, .T. ) ;
#5196 = CARTESIAN_POINT ( 'NONE',  ( -0.8499999999999928724, -41.30000000000006111, -3.441220369666609269 ) ) ;
#5197 = CARTESIAN_POINT ( 'NONE',  ( 7.304154810021760822E-15, -37.00000000000005684, -2.707596569690711664E-14 ) ) ;
#5198 = VECTOR ( 'NONE', #7137, 1000.000000000000114 ) ;
#5199 = LINE ( 'NONE', #3492, #732 ) ;
#5200 = ORIENTED_EDGE ( 'NONE', *, *, #1347, .F. ) ;
#5201 = CARTESIAN_POINT ( 'NONE',  ( 2.609727701977318848, -22.49999999999996447, 4.563840657443356541 ) ) ;
#5202 = VECTOR ( 'NONE', #1361, 1000.000000000000000 ) ;
#5203 = CARTESIAN_POINT ( 'NONE',  ( 0.5026948701872619996, -25.29999999999997229, -4.599042014347153540 ) ) ;
#5204 = CARTESIAN_POINT ( 'NONE',  ( -4.218607618586946550, -25.69999999999996732, -1.899273372277498817 ) ) ;
#5205 = CARTESIAN_POINT ( 'NONE',  ( 2.609727701977319292, -32.49999999999997158, 4.563840657443357429 ) ) ;
#5206 = LINE ( 'NONE', #2976, #7231 ) ;
#5207 = CIRCLE ( 'NONE', #1364, 1.700000000000000178 ) ;
#5208 = EDGE_CURVE ( 'NONE', #1312, #6842, #3919, .T. ) ;
#5209 = PRODUCT_RELATED_PRODUCT_CATEGORY ( 'detail', '', ( #2503 ) ) ;
#5210 = APPROVAL_DATE_TIME ( #5901, #3153 ) ;
#5211 = DIRECTION ( 'NONE',  ( -1.883233150365925861E-16, 1.000000000000000000, 2.719624996528607520E-16 ) ) ;
#5212 = ORIENTED_EDGE ( 'NONE', *, *, #3391, .T. ) ;
#5213 = CARTESIAN_POINT ( 'NONE',  ( 2.609727701977318848, -22.49999999999996447, 4.563840657443356541 ) ) ;
#5214 = DIRECTION ( 'NONE',  ( -1.883233150365978123E-16, 1.000000000000000000, 2.719624996528670136E-16 ) ) ;
#5215 = ORIENTED_EDGE ( 'NONE', *, *, #2584, .T. ) ;
#5216 = AXIS2_PLACEMENT_3D ( 'NONE', #5964, #2206, #954 ) ;
#5217 = CIRCLE ( 'NONE', #6497, 1.700000000000000178 ) ;
#5218 = CARTESIAN_POINT ( 'NONE',  ( 3.257583998163493533, -22.59999999999997300, 2.957726575413680337 ) ) ;
#5219 = CARTESIAN_POINT ( 'NONE',  ( -4.373948876459917479, -23.79999999999997229, -0.4780912319998809612 ) ) ;
#5220 = ADVANCED_FACE ( 'NONE', ( #9, #6192 ), #6147, .F. ) ;
#5221 = DIRECTION ( 'NONE',  ( 0.000000000000000000, 0.000000000000000000, -1.000000000000000000 ) ) ;
#5222 = AXIS2_PLACEMENT_3D ( 'NONE', #1906, #4681, #2491 ) ;
#5223 = ORIENTED_EDGE ( 'NONE', *, *, #2438, .T. ) ;
#5224 = DIRECTION ( 'NONE',  ( -0.000000000000000000, -1.000000000000000000, -0.000000000000000000 ) ) ;
#5225 = VECTOR ( 'NONE', #6618, 1000.000000000000000 ) ;
#5226 = LINE ( 'NONE', #3642, #3129 ) ;
#5227 = CARTESIAN_POINT ( 'NONE',  ( -4.793872293848801647, -27.09999999999997655, -2.158265195769866640 ) ) ;
#5228 = VERTEX_POINT ( 'NONE', #4943 ) ;
#5229 = CYLINDRICAL_SURFACE ( 'NONE', #4310, 3.249999999999999556 ) ;
#5230 = CIRCLE ( 'NONE', #2189, 1.700000000000007061 ) ;
#5231 = CIRCLE ( 'NONE', #4753, 0.2999999999999999334 ) ;
#5232 = EDGE_CURVE ( 'NONE', #2884, #2623, #271, .T. ) ;
#5233 = CIRCLE ( 'NONE', #5703, 3.249999999999996003 ) ;
#5234 = CARTESIAN_POINT ( 'NONE',  ( 22.50000000000000000, 104.0000000000000142, -26.00000000000000355 ) ) ;
#5235 = DIRECTION ( 'NONE',  ( -0.000000000000000000, -1.000000000000000000, -0.000000000000000000 ) ) ;
#5236 = VECTOR ( 'NONE', #6710, 1000.000000000000114 ) ;
#5237 = DIRECTION ( 'NONE',  ( -0.000000000000000000, 1.000000000000000000, 0.000000000000000000 ) ) ;
#5238 = AXIS2_PLACEMENT_3D ( 'NONE', #2917, #5029, #3964 ) ;
#5239 = AXIS2_PLACEMENT_3D ( 'NONE', #6645, #4989, #933 ) ;
#5240 = CARTESIAN_POINT ( 'NONE',  ( -17.50000000000000000, 104.0000000000000142, 31.00000000000000000 ) ) ;
#5241 = DIRECTION ( 'NONE',  ( 0.9996314841802270701, 0.000000000000000000, 0.02714582538137666479 ) ) ;
#5242 = CIRCLE ( 'NONE', #2783, 14.00000000000000000 ) ;
#5243 = DIRECTION ( 'NONE',  ( 1.883233150365978123E-16, -1.000000000000000000, -2.719624996528670136E-16 ) ) ;
#5244 = ORIENTED_EDGE ( 'NONE', *, *, #1709, .T. ) ;
#5245 = CARTESIAN_POINT ( 'NONE',  ( 1.019241765654988141, -26.39999999999997726, 4.895012382327868394 ) ) ;
#5246 = CARTESIAN_POINT ( 'NONE',  ( 6.883272781662509979E-15, -39.20000000000005969, -2.764222141094698204E-14 ) ) ;
#5247 = VECTOR ( 'NONE', #3221, 1000.000000000000000 ) ;
#5248 = CARTESIAN_POINT ( 'NONE',  ( 2.296560377740040515, -26.49999999999997868, 4.016179778550139190 ) ) ;
#5249 = DIRECTION ( 'NONE',  ( 1.084683744678891232E-30, 1.000000000000000000, 9.740822494929354281E-16 ) ) ;
#5250 = CARTESIAN_POINT ( 'NONE',  ( -0.8969327537763892577, -31.39999999999997726, -4.307610896448784921 ) ) ;
#5251 = CARTESIAN_POINT ( 'NONE',  ( 0.000000000000000000, 0.000000000000000000, 0.000000000000000000 ) ) ;
#5252 = ADVANCED_FACE ( 'NONE', ( #1188 ), #5463, .T. ) ;
#5253 = CALENDAR_DATE ( 2023, 24, 12 ) ;
#5254 = CIRCLE ( 'NONE', #922, 4.000000000000000000 ) ;
#5255 = DIRECTION ( 'NONE',  ( -5.551115123125803656E-17, 2.719624996528607520E-16, -1.000000000000000000 ) ) ;
#5256 = EDGE_LOOP ( 'NONE', ( #7117, #2103 ) ) ;
#5257 = CARTESIAN_POINT ( 'NONE',  ( -4.970396450522633458, -21.79999999999997584, -0.5432854909089366302 ) ) ;
#5258 = CARTESIAN_POINT ( 'NONE',  ( -0.8499999999999929834, -39.40000000000006253, -1.810386699023194046 ) ) ;
#5259 = VERTEX_POINT ( 'NONE', #453 ) ;
#5260 = CARTESIAN_POINT ( 'NONE',  ( -4.373948876459917479, -21.79999999999997584, -0.4780912319998809612 ) ) ;
#5261 = DIRECTION ( 'NONE',  ( -0.000000000000000000, -1.000000000000000000, -0.000000000000000000 ) ) ;
#5262 = ORIENTED_EDGE ( 'NONE', *, *, #2905, .F. ) ;
#5263 = LINE ( 'NONE', #250, #4175 ) ;
#5264 = CARTESIAN_POINT ( 'NONE',  ( 0.1187838046998080377, -36.10000000000006537, 1.999999999999972689 ) ) ;
#5265 = VERTEX_POINT ( 'NONE', #2688 ) ;
#5266 = EDGE_CURVE ( 'NONE', #6017, #5903, #6705, .T. ) ;
#5267 = CARTESIAN_POINT ( 'NONE',  ( -4.340470396594395375, -31.39999999999997016, 2.481998536721367721 ) ) ;
#5268 = VERTEX_POINT ( 'NONE', #3383 ) ;
#5269 = EDGE_CURVE ( 'NONE', #2940, #5401, #7165, .T. ) ;
#5270 = CARTESIAN_POINT ( 'NONE',  ( 0.8500000000001599609, -39.34659831737857161, 3.575349633252811188 ) ) ;
#5271 = CIRCLE ( 'NONE', #3402, 3.249999999999999556 ) ;
#5272 = CARTESIAN_POINT ( 'NONE',  ( 6.297678350335439212, -38.20000000000005258, 0.1710186999026455934 ) ) ;
#5273 = CARTESIAN_POINT ( 'NONE',  ( -3.109937763673246813, -32.09999999999996589, 3.425226516351835393 ) ) ;
#5274 = DIRECTION ( 'NONE',  ( -0.000000000000000000, -1.000000000000000000, -0.000000000000000000 ) ) ;
#5275 = DIRECTION ( 'NONE',  ( 0.000000000000000000, -1.000000000000000000, -0.000000000000000000 ) ) ;
#5276 = CARTESIAN_POINT ( 'NONE',  ( -3.109937763673246813, -26.69999999999997442, 3.425226516351835393 ) ) ;
#5277 = CARTESIAN_POINT ( 'NONE',  ( 16.75000000000363798, 104.0000000000000142, -28.50000000004300915 ) ) ;
#5278 = DIRECTION ( 'NONE',  ( 1.883233150365978123E-16, -1.000000000000000000, -2.719624996528670136E-16 ) ) ;
#5279 = CARTESIAN_POINT ( 'NONE',  ( 7.274040777774582584E-16, -2.077341958608789341, -1.757831232144805540E-14 ) ) ;
#5280 = ORIENTED_EDGE ( 'NONE', *, *, #1989, .F. ) ;
#5281 = CARTESIAN_POINT ( 'NONE',  ( -5.146920607196466158, -25.89999999999997016, 1.071694213951994712 ) ) ;
#5282 = CARTESIAN_POINT ( 'NONE',  ( 4.529290134332889295, -22.89999999999997726, -0.9430909082780154495 ) ) ;
#5283 = CARTESIAN_POINT ( 'NONE',  ( 4.373948876459917479, -28.79999999999997939, 0.4780912319996028503 ) ) ;
#5284 = CARTESIAN_POINT ( 'NONE',  ( 5.500000000000002665, 104.0000000000000142, 3.841510274385199430 ) ) ;
#5285 = DIRECTION ( 'NONE',  ( -0.000000000000000000, 1.000000000000000000, -0.000000000000000000 ) ) ;
#5286 = CARTESIAN_POINT ( 'NONE',  ( -0.5712441706673427877, -32.29999999999997584, 5.226184107212377583 ) ) ;
#5287 = CARTESIAN_POINT ( 'NONE',  ( 4.373948876459917479, -25.39999999999997726, 0.4780912319996027948 ) ) ;
#5288 = CARTESIAN_POINT ( 'NONE',  ( 16.74999999999999289, 104.0000000000000142, 25.25000000000000000 ) ) ;
#5289 = ORIENTED_EDGE ( 'NONE', *, *, #1096, .T. ) ;
#5290 = CARTESIAN_POINT ( 'NONE',  ( -4.970396450522633458, -34.39999999999997016, -0.5432854909089367412 ) ) ;
#5291 = CARTESIAN_POINT ( 'NONE',  ( -7.570475129353368244E-29, -26.49999999999998224, -6.732622487754946985E-14 ) ) ;
#5292 = VERTEX_POINT ( 'NONE', #5576 ) ;
#5293 = EDGE_CURVE ( 'NONE', #314, #347, #3801, .T. ) ;
#5294 = CARTESIAN_POINT ( 'NONE',  ( 4.218607618586947439, -22.69999999999997442, 1.899273372277220817 ) ) ;
#5295 = CARTESIAN_POINT ( 'NONE',  ( 7.869124755131554678E-15, -40.00000000000004974, -2.789185319586571808E-14 ) ) ;
#5296 = EDGE_CURVE ( 'NONE', #4945, #4766, #7145, .T. ) ;
#5297 = ORIENTED_EDGE ( 'NONE', *, *, #1748, .T. ) ;
#5298 = DIRECTION ( 'NONE',  ( -1.883233150365978123E-16, 1.000000000000000000, 2.719624996528670136E-16 ) ) ;
#5299 = DIRECTION ( 'NONE',  ( -1.084683744678891232E-30, -1.000000000000000000, -9.740822494929354281E-16 ) ) ;
#5300 = ORIENTED_EDGE ( 'NONE', *, *, #460, .F. ) ;
#5301 = CARTESIAN_POINT ( 'NONE',  ( -3.534020185992325924, -31.49999999999997158, 3.892302859490741618 ) ) ;
#5302 = ORIENTED_EDGE ( 'NONE', *, *, #4087, .T. ) ;
#5303 = CARTESIAN_POINT ( 'NONE',  ( 0.6500000000000066835, -39.20000000000005969, -3.617060270440651593 ) ) ;
#5304 = AXIS2_PLACEMENT_3D ( 'NONE', #1732, #6079, #1148 ) ;
#5305 = DIRECTION ( 'NONE',  ( 0.7071067811865474617, 0.000000000000000000, 0.7071067811865474617 ) ) ;
#5306 = CARTESIAN_POINT ( 'NONE',  ( -4.529290134332890183, -31.89999999999997726, 0.9430909082777386709 ) ) ;
#5307 = CARTESIAN_POINT ( 'NONE',  ( 1.899620077356284682E-17, -26.49999999999998934, 7.799999999999934097 ) ) ;
#5308 = VECTOR ( 'NONE', #2746, 1000.000000000000000 ) ;
#5309 = CARTESIAN_POINT ( 'NONE',  ( -6.297678350335424113, -38.20000000000005258, -0.1710186999027011878 ) ) ;
#5310 = CARTESIAN_POINT ( 'NONE',  ( 16.26345596729054677, 10.00000000000000000, -17.91345596729059864 ) ) ;
#5311 = CARTESIAN_POINT ( 'NONE',  ( 16.75000000000363798, 0.000000000000000000, -28.50000000004300560 ) ) ;
#5312 = CARTESIAN_POINT ( 'NONE',  ( 2.403149570351046347E-15, -16.00000000000005684, -2.000000000000019096 ) ) ;
#5313 = EDGE_LOOP ( 'NONE', ( #645, #5808, #1437, #6434 ) ) ;
#5314 = CARTESIAN_POINT ( 'NONE',  ( -4.218607618586945662, -23.69999999999997087, -1.899273372277498817 ) ) ;
#5315 = CARTESIAN_POINT ( 'NONE',  ( 4.373948876459917479, -30.19999999999997442, 0.4780912319996027948 ) ) ;
#5316 = CARTESIAN_POINT ( 'NONE',  ( -2.609727701977318848, -33.49999999999997158, -4.563840657443635429 ) ) ;
#5317 = CARTESIAN_POINT ( 'NONE',  ( 3.257583998163493533, -30.59999999999997300, 2.957726575413680337 ) ) ;
#5318 = FACE_OUTER_BOUND ( 'NONE', #1639, .T. ) ;
#5319 = CARTESIAN_POINT ( 'NONE',  ( -5.146920607196465269, -21.29999999999997229, 1.071694213951994712 ) ) ;
#5320 = EDGE_CURVE ( 'NONE', #5469, #5944, #6671, .T. ) ;
#5321 = PERSON_AND_ORGANIZATION ( #960, #2371 ) ;
#5322 = CARTESIAN_POINT ( 'NONE',  ( 0.8499999999999959810, 20.26087079120528145, 3.575349633252657977 ) ) ;
#5323 = ORIENTED_EDGE ( 'NONE', *, *, #5911, .T. ) ;
#5324 = CARTESIAN_POINT ( 'NONE',  ( -1.019241765654987697, -23.39999999999997726, -4.895012382328145506 ) ) ;
#5325 = DIRECTION ( 'NONE',  ( -1.883233150365978123E-16, 1.000000000000000000, 2.719624996528670136E-16 ) ) ;
#5326 = ORIENTED_EDGE ( 'NONE', *, *, #2535, .T. ) ;
#5327 = AXIS2_PLACEMENT_3D ( 'NONE', #868, #6918, #833 ) ;
#5328 = DIRECTION ( 'NONE',  ( 2.081668171172362031E-17, -1.000000000000000000, -1.110223024625137558E-16 ) ) ;
#5329 = EDGE_CURVE ( 'NONE', #145, #6589, #5615, .T. ) ;
#5330 = ORIENTED_EDGE ( 'NONE', *, *, #4832, .T. ) ;
#5331 = CYLINDRICAL_SURFACE ( 'NONE', #1269, 3.674999999999999822 ) ;
#5332 = CARTESIAN_POINT ( 'NONE',  ( -6.297678350335425002, -36.60000000000005826, -0.1710186999027007715 ) ) ;
#5333 = ORIENTED_EDGE ( 'NONE', *, *, #4342, .T. ) ;
#5334 = VECTOR ( 'NONE', #2466, 1000.000000000000000 ) ;
#5335 = CARTESIAN_POINT ( 'NONE',  ( 4.970396450522633458, -28.19999999999997087, 0.5432854909086584083 ) ) ;
#5336 = ORIENTED_EDGE ( 'NONE', *, *, #3860, .F. ) ;
#5337 = CARTESIAN_POINT ( 'NONE',  ( -4.793872293848801647, -32.29999999999996874, -2.158265195769866640 ) ) ;
#5338 = DIRECTION ( 'NONE',  ( -5.551115123125782702E-17, 2.719624996528607027E-16, -1.000000000000000000 ) ) ;
#5339 = CARTESIAN_POINT ( 'NONE',  ( -2.414735078560331576E-16, 115.6000000000000369, 4.757305660518821966E-15 ) ) ;
#5340 = OPEN_SHELL ( 'NONE', ( #2045, #3080, #436, #1910, #4827, #4555, #4623, #5972, #2116, #1773, #197, #4888, #1102 ) ) ;
#5341 = CARTESIAN_POINT ( 'NONE',  ( -3.257583998163493089, -31.59999999999997655, -2.957726575413957892 ) ) ;
#5342 = VECTOR ( 'NONE', #887, 1000.000000000000000 ) ;
#5343 = CARTESIAN_POINT ( 'NONE',  ( -4.373948876459917479, -21.79999999999997584, -0.4780912319998809612 ) ) ;
#5344 = DIRECTION ( 'NONE',  ( -1.883233150365978123E-16, 1.000000000000000000, 2.719624996528670136E-16 ) ) ;
#5345 = AXIS2_PLACEMENT_3D ( 'NONE', #6489, #4696, #2510 ) ;
#5346 = CARTESIAN_POINT ( 'NONE',  ( -2.706679528466225282, -33.67218341970768591, -3.510031082590435947 ) ) ;
#5347 = VECTOR ( 'NONE', #2966, 1000.000000000000000 ) ;
#5348 = DIRECTION ( 'NONE',  ( -0.000000000000000000, 1.000000000000000000, -0.000000000000000000 ) ) ;
#5349 = CARTESIAN_POINT ( 'NONE',  ( 5.797862608245324623, -39.80000000000005400, 0.1574457872119568169 ) ) ;
#5350 = VECTOR ( 'NONE', #1740, 1000.000000000000000 ) ;
#5351 = AXIS2_PLACEMENT_3D ( 'NONE', #3176, #3710, #5436 ) ;
#5352 = ORIENTED_EDGE ( 'NONE', *, *, #1970, .F. ) ;
#5353 = DIRECTION ( 'NONE',  ( -0.000000000000000000, 1.000000000000000000, -0.000000000000000000 ) ) ;
#5354 = CARTESIAN_POINT ( 'NONE',  ( 1.019241765654988141, -28.39999999999997726, 4.895012382327868394 ) ) ;
#5355 = EDGE_CURVE ( 'NONE', #5074, #825, #6635, .T. ) ;
#5356 = DIRECTION ( 'NONE',  ( 0.9996314841802270701, 0.000000000000000000, 0.02714582538137666479 ) ) ;
#5357 = AXIS2_PLACEMENT_3D ( 'NONE', #932, #1480, #6010 ) ;
#5358 = CARTESIAN_POINT ( 'NONE',  ( 3.109937763673246813, -28.49999999999997868, -3.425226516352113837 ) ) ;
#5359 = CARTESIAN_POINT ( 'NONE',  ( 1.806316316930254740, -25.79999999999997584, -4.012134265349632578 ) ) ;
#5360 = FACE_OUTER_BOUND ( 'NONE', #4415, .T. ) ;
#5361 = AXIS2_PLACEMENT_3D ( 'NONE', #4683, #153, #230 ) ;
#5362 = CARTESIAN_POINT ( 'NONE',  ( -0.4550998972523953578, -35.98524446599996196, 1.950623294467749513 ) ) ;
#5363 = ORIENTED_EDGE ( 'NONE', *, *, #1554, .F. ) ;
#5364 = EDGE_CURVE ( 'NONE', #1900, #2025, #2026, .T. ) ;
#5365 = CARTESIAN_POINT ( 'NONE',  ( 3.701799997913059581, -29.19999999999997797, 3.361052926606474589 ) ) ;
#5366 = DIRECTION ( 'NONE',  ( 0.9996314841802271811, 1.808712683899153303E-16, 0.02714582538137666132 ) ) ;
#5367 = ORIENTED_EDGE ( 'NONE', *, *, #4028, .F. ) ;
#5368 = CIRCLE ( 'NONE', #1512, 6.000000000000000888 ) ;
#5369 = FACE_OUTER_BOUND ( 'NONE', #2612, .T. ) ;
#5370 = CARTESIAN_POINT ( 'NONE',  ( 0.8500000000000071942, -41.96668065139895276, -3.506784145240587680 ) ) ;
#5371 = DIRECTION ( 'NONE',  ( -0.9996314841802270701, 0.000000000000000000, -0.02714582538137666479 ) ) ;
#5372 = ORIENTED_EDGE ( 'NONE', *, *, #636, .T. ) ;
#5373 = CARTESIAN_POINT ( 'NONE',  ( -5.146920607196465269, -29.29999999999997584, 1.071694213951994712 ) ) ;
#5374 = ORIENTED_EDGE ( 'NONE', *, *, #5913, .F. ) ;
#5375 = CARTESIAN_POINT ( 'NONE',  ( 0.5712441706673430097, -31.89999999999997371, -5.226184107212654695 ) ) ;
#5376 = DIRECTION ( 'NONE',  ( 0.000000000000000000, 0.000000000000000000, 1.000000000000000000 ) ) ;
#5377 = DIRECTION ( 'NONE',  ( 0.9996314841802270701, 2.168404344971008621E-16, 0.02714582538137666479 ) ) ;
#5378 = FACE_OUTER_BOUND ( 'NONE', #5840, .T. ) ;
#5379 = DIRECTION ( 'NONE',  ( -0.000000000000000000, 1.000000000000000000, -0.000000000000000000 ) ) ;
#5380 = ORIENTED_EDGE ( 'NONE', *, *, #3584, .T. ) ;
#5381 = CARTESIAN_POINT ( 'NONE',  ( 0.2581085269551430805, -33.55907069749964222, -4.875641804712731897 ) ) ;
#5382 = DIRECTION ( 'NONE',  ( 0.1086570981817595732, -7.670991225589912371E-24, -0.9940792901045266694 ) ) ;
#5383 = EDGE_CURVE ( 'NONE', #3669, #101, #1799, .T. ) ;
#5384 = FACE_OUTER_BOUND ( 'NONE', #4387, .T. ) ;
#5385 = ORIENTED_EDGE ( 'NONE', *, *, #4459, .T. ) ;
#5386 = EDGE_CURVE ( 'NONE', #2623, #2694, #5683, .T. ) ;
#5387 = LINE ( 'NONE', #4755, #5334 ) ;
#5388 = CARTESIAN_POINT ( 'NONE',  ( -4.793872293848801647, -25.69999999999997442, -2.158265195769866196 ) ) ;
#5389 = DIRECTION ( 'NONE',  ( 0.9377796628086615405, 0.000000000000000000, -0.3472309087948148298 ) ) ;
#5390 = CARTESIAN_POINT ( 'NONE',  ( -1.806316316930254073, -23.59999999999997655, 4.012134265349355466 ) ) ;
#5391 = COORDINATED_UNIVERSAL_TIME_OFFSET ( 8, 0, .AHEAD. ) ;
#5392 = ADVANCED_FACE ( 'NONE', ( #3524 ), #3085, .F. ) ;
#5393 = CARTESIAN_POINT ( 'NONE',  ( -0.1206806773382801679, -34.30000000000007532, 1.999999999999972244 ) ) ;
#5394 = ORIENTED_EDGE ( 'NONE', *, *, #875, .T. ) ;
#5395 = CARTESIAN_POINT ( 'NONE',  ( -4.340470396594395375, -28.59999999999997655, 2.481998536721367721 ) ) ;
#5397 = CARTESIAN_POINT ( 'NONE',  ( 0.8500000000000071942, -40.93272887403438176, 3.059105261346820814 ) ) ;
#5396 = CARTESIAN_POINT ( 'NONE',  ( 3.109937763673247257, -33.09999999999995879, -3.425226516352112061 ) ) ;
#5398 = DIRECTION ( 'NONE',  ( 1.084683744678891232E-30, 1.000000000000000000, 9.740822494929354281E-16 ) ) ;
#5399 = EDGE_CURVE ( 'NONE', #4034, #541, #2846, .T. ) ;
#5400 = CARTESIAN_POINT ( 'NONE',  ( 4.529290134332889295, -33.49999999999997158, -0.9430909082780156716 ) ) ;
#5401 = VERTEX_POINT ( 'NONE', #699 ) ;
#5402 = CARTESIAN_POINT ( 'NONE',  ( -4.218607618586945662, -31.69999999999997087, -1.899273372277498817 ) ) ;
#5403 = DIRECTION ( 'NONE',  ( 5.551115123125782702E-17, -2.719624996528607027E-16, 1.000000000000000000 ) ) ;
#5404 = EDGE_LOOP ( 'NONE', ( #2842, #3775, #2804, #1705 ) ) ;
#5405 = CARTESIAN_POINT ( 'NONE',  ( -1.019241765654987697, -26.79999999999997584, -4.895012382328145506 ) ) ;
#5406 = EDGE_LOOP ( 'NONE', ( #1666, #4044, #6449, #2839 ) ) ;
#5407 = CARTESIAN_POINT ( 'NONE',  ( -4.340470396594395375, -30.59999999999997300, 2.481998536721367721 ) ) ;
#5408 = FACE_OUTER_BOUND ( 'NONE', #1694, .T. ) ;
#5409 = CARTESIAN_POINT ( 'NONE',  ( 2.296560377740041403, -25.09999999999996945, 4.016179778550139190 ) ) ;
#5410 = CARTESIAN_POINT ( 'NONE',  ( 7.274040777774582584E-16, -2.077341958608789341, -1.757831232144805540E-14 ) ) ;
#5411 = CARTESIAN_POINT ( 'NONE',  ( 2.296560377740040515, -32.49999999999997158, 4.016179778550139190 ) ) ;
#5412 = EDGE_CURVE ( 'NONE', #876, #3544, #7171, .T. ) ;
#5413 = FACE_OUTER_BOUND ( 'NONE', #4260, .T. ) ;
#5414 = CARTESIAN_POINT ( 'NONE',  ( -22.50000000000000000, 104.0000000000000142, 26.00000000000000355 ) ) ;
#5415 = AXIS2_PLACEMENT_3D ( 'NONE', #1945, #4274, #1466 ) ;
#5416 = CARTESIAN_POINT ( 'NONE',  ( 2.571758278209441957E-16, 1.040949779275251742E-16, -23.40000000000000213 ) ) ;
#5417 = DIRECTION ( 'NONE',  ( -1.084683744678891232E-30, -1.000000000000000000, -9.740822494929354281E-16 ) ) ;
#5418 = CARTESIAN_POINT ( 'NONE',  ( 6.927508179948566233E-15, -35.00000000000004974, -2.653204069760138340E-14 ) ) ;
#5419 = CARTESIAN_POINT ( 'NONE',  ( -0.5026948701872614444, -30.89999999999997371, 4.599042014346875540 ) ) ;
#5420 = ORIENTED_EDGE ( 'NONE', *, *, #3462, .F. ) ;
#5421 = CARTESIAN_POINT ( 'NONE',  ( 22.50000000000000000, 8.000000000000000000, 26.00000000000000355 ) ) ;
#5422 = CARTESIAN_POINT ( 'NONE',  ( -5.146920607196466158, -29.89999999999996660, 1.071694213951994712 ) ) ;
#5423 = CARTESIAN_POINT ( 'NONE',  ( 0.8500000000000069722, -40.93261182432321732, -3.059105261346999338 ) ) ;
#5424 = CARTESIAN_POINT ( 'NONE',  ( 4.373948876459917479, -24.19999999999997442, 0.4780912319996027948 ) ) ;
#5425 = CARTESIAN_POINT ( 'NONE',  ( 4.218607618586947439, -24.69999999999997087, 1.899273372277220817 ) ) ;
#5426 = APPROVAL_STATUS ( 'not_yet_approved' ) ;
#5427 = CARTESIAN_POINT ( 'NONE',  ( 8.245771385204750056E-15, -42.00000000000004974, -2.843577819517145131E-14 ) ) ;
#5428 = ORIENTED_EDGE ( 'NONE', *, *, #6604, .T. ) ;
#5429 = CARTESIAN_POINT ( 'NONE',  ( -5.146920607196465269, -32.49999999999997158, 1.071694213951994712 ) ) ;
#5430 = CYLINDRICAL_SURFACE ( 'NONE', #1267, 2.099999999999997868 ) ;
#5431 = EDGE_CURVE ( 'NONE', #4371, #2146, #4935, .T. ) ;
#5432 = CARTESIAN_POINT ( 'NONE',  ( 16.75000000000363798, 3.851859888774471706E-31, -28.50000000004300560 ) ) ;
#5433 = ORIENTED_EDGE ( 'NONE', *, *, #3372, .T. ) ;
#5434 = CARTESIAN_POINT ( 'NONE',  ( 3.257583998163493533, -32.59999999999997300, 2.957726575413680337 ) ) ;
#5435 = AXIS2_PLACEMENT_3D ( 'NONE', #5234, #4640, #224 ) ;
#5436 = DIRECTION ( 'NONE',  ( 0.000000000000000000, 0.000000000000000000, 1.000000000000000000 ) ) ;
#5437 = ORIENTED_EDGE ( 'NONE', *, *, #4574, .T. ) ;
#5438 = CARTESIAN_POINT ( 'NONE',  ( 4.340470396594395375, -24.39999999999997371, -2.481998536721644832 ) ) ;
#5439 = ORIENTED_EDGE ( 'NONE', *, *, #4231, .T. ) ;
#5440 = CARTESIAN_POINT ( 'NONE',  ( 2.052632178329834023, -29.79999999999997229, -4.559243483351834492 ) ) ;
#5441 = EDGE_CURVE ( 'NONE', #5228, #523, #6464, .T. ) ;
#5442 = CARTESIAN_POINT ( 'NONE',  ( 2.296560377740040515, -32.49999999999997158, 4.016179778550139190 ) ) ;
#5443 = CARTESIAN_POINT ( 'NONE',  ( -4.373948876459917479, -22.39999999999997016, -0.4780912319998809612 ) ) ;
#5444 = VECTOR ( 'NONE', #6836, 1000.000000000000000 ) ;
#5445 = CARTESIAN_POINT ( 'NONE',  ( 0.4566384387828389957, -35.98452511818415900, -1.950323964314281122 ) ) ;
#5446 = CARTESIAN_POINT ( 'NONE',  ( 0.7872767939354600175, -22.09393858772097019, 4.695042516409991151 ) ) ;
#5447 = FACE_OUTER_BOUND ( 'NONE', #3099, .T. ) ;
#5448 = CARTESIAN_POINT ( 'NONE',  ( 4.970396450522633458, -28.19999999999997087, 0.5432854909086584083 ) ) ;
#5449 = CARTESIAN_POINT ( 'NONE',  ( 3.819613949003068054, -30.39999999999997371, -2.184158712315064310 ) ) ;
#5450 = CARTESIAN_POINT ( 'NONE',  ( -1.583195022583355760, -33.62473753274652211, -4.169884146581986251 ) ) ;
#5451 = EDGE_CURVE ( 'NONE', #3225, #3688, #5878, .T. ) ;
#5452 = DIRECTION ( 'NONE',  ( 1.249000902703301108E-16, -1.067522139062650671E-15, 1.000000000000000000 ) ) ;
#5453 = VECTOR ( 'NONE', #457, 1000.000000000000000 ) ;
#5454 = CARTESIAN_POINT ( 'NONE',  ( 0.6398213748551556668, -25.31343735490577274, 1.901424177411761285 ) ) ;
#5455 = CARTESIAN_POINT ( 'NONE',  ( -2.296560377740040071, -30.09999999999997655, -4.016179778550416302 ) ) ;
#5456 = ORIENTED_EDGE ( 'NONE', *, *, #6366, .T. ) ;
#5457 = DIRECTION ( 'NONE',  ( -1.883233150365925861E-16, 1.000000000000000000, 2.719624996528607520E-16 ) ) ;
#5458 = VECTOR ( 'NONE', #5490, 1000.000000000000000 ) ;
#5459 = CARTESIAN_POINT ( 'NONE',  ( -4.340470396594395375, -25.99999999999997513, 2.481998536721368165 ) ) ;
#5460 = DIRECTION ( 'NONE',  ( -0.000000000000000000, -1.000000000000000000, -0.000000000000000000 ) ) ;
#5461 = CARTESIAN_POINT ( 'NONE',  ( 3.819613949003068054, -28.39999999999997016, -2.184158712315064310 ) ) ;
#5462 = VECTOR ( 'NONE', #2968, 1000.000000000000000 ) ;
#5463 = PLANE ( 'NONE',  #3548 ) ;
#5464 = CIRCLE ( 'NONE', #898, 3.575000000000008171 ) ;
#5465 = CIRCLE ( 'NONE', #3246, 5.799999999999999822 ) ;
#5466 = SECURITY_CLASSIFICATION_LEVEL ( 'unclassified' ) ;
#5467 = VECTOR ( 'NONE', #5139, 1000.000000000000000 ) ;
#5468 = CARTESIAN_POINT ( 'NONE',  ( 0.000000000000000000, 0.000000000000000000, -25.50000000000000000 ) ) ;
#5469 = VERTEX_POINT ( 'NONE', #659 ) ;
#5471 = CARTESIAN_POINT ( 'NONE',  ( 4.793872293848802535, -29.29999999999997584, 2.158265195769588196 ) ) ;
#5470 = VECTOR ( 'NONE', #1002, 1000.000000000000000 ) ;
#5473 = DIRECTION ( 'NONE',  ( -0.000000000000000000, 1.000000000000000000, -0.000000000000000000 ) ) ;
#5472 = CARTESIAN_POINT ( 'NONE',  ( -4.373948876459917479, -22.39999999999997016, -0.4780912319998809612 ) ) ;
#5474 = CARTESIAN_POINT ( 'NONE',  ( 1.019241765654988363, -26.99999999999997513, 4.895012382327868394 ) ) ;
#5475 = LINE ( 'NONE', #4833, #791 ) ;
#5476 = CARTESIAN_POINT ( 'NONE',  ( -3.819613949003068498, -32.59999999999997300, 2.184158712314787198 ) ) ;
#5477 = EDGE_LOOP ( 'NONE', ( #6797, #1398, #6767, #2370 ) ) ;
#5478 = CARTESIAN_POINT ( 'NONE',  ( 3.109937763673247257, -33.09999999999997300, -3.425226516352112505 ) ) ;
#5479 = EDGE_CURVE ( 'NONE', #5469, #2484, #731, .T. ) ;
#5480 = FACE_OUTER_BOUND ( 'NONE', #1356, .T. ) ;
#5481 = EDGE_LOOP ( 'NONE', ( #1319, #679, #5871, #3511 ) ) ;
#5482 = CARTESIAN_POINT ( 'NONE',  ( -2.609727701977318404, -33.49999999999997868, -4.563840657443635429 ) ) ;
#5483 = ORIENTED_EDGE ( 'NONE', *, *, #4091, .T. ) ;
#5484 = AXIS2_PLACEMENT_3D ( 'NONE', #399, #5348, #2635 ) ;
#5485 = CARTESIAN_POINT ( 'NONE',  ( 1.806316316930254517, -33.19999999999998153, -4.012134265349633466 ) ) ;
#5486 = CARTESIAN_POINT ( 'NONE',  ( 4.529290134332890183, -32.89999999999997016, -0.9430909082780154495 ) ) ;
#5487 = CARTESIAN_POINT ( 'NONE',  ( 0.9000648597712038734, -35.31826208068127926, -1.786024426905204798 ) ) ;
#5488 = EDGE_CURVE ( 'NONE', #708, #189, #3417, .T. ) ;
#5489 = DIRECTION ( 'NONE',  ( -0.000000000000000000, -1.000000000000000000, -0.000000000000000000 ) ) ;
#5490 = DIRECTION ( 'NONE',  ( -0.000000000000000000, -1.000000000000000000, -0.000000000000000000 ) ) ;
#5491 = CARTESIAN_POINT ( 'NONE',  ( 2.609727701977319736, -27.89999999999997371, 4.563840657443357429 ) ) ;
#5492 = CARTESIAN_POINT ( 'NONE',  ( 2.296560377740041403, -29.89999999999998082, 4.016179778550139190 ) ) ;
#5493 = ORIENTED_EDGE ( 'NONE', *, *, #2786, .F. ) ;
#5494 = CARTESIAN_POINT ( 'NONE',  ( -16.75000000000000711, 0.000000000000000000, -25.25000000000000000 ) ) ;
#5495 = CARTESIAN_POINT ( 'NONE',  ( -3.701799997913059581, -24.99999999999997158, -3.361052926606751701 ) ) ;
#5496 = FACE_BOUND ( 'NONE', #6173, .T. ) ;
#5497 = CARTESIAN_POINT ( 'NONE',  ( 1.806316316930254740, -31.79999999999997584, -4.012134265349632578 ) ) ;
#5498 = EDGE_LOOP ( 'NONE', ( #718, #7070, #4193, #204 ) ) ;
#5499 = ADVANCED_FACE ( 'NONE', ( #1222 ), #123, .F. ) ;
#5500 = DIRECTION ( 'NONE',  ( 0.000000000000000000, 1.000000000000000000, 0.000000000000000000 ) ) ;
#5501 = CARTESIAN_POINT ( 'NONE',  ( 2.609727701977319292, -26.49999999999997868, 4.563840657443357429 ) ) ;
#5502 = CARTESIAN_POINT ( 'NONE',  ( -22.50000000000000000, 10.00000000000000000, -26.00000000000000355 ) ) ;
#5503 = CARTESIAN_POINT ( 'NONE',  ( 4.218607618586946550, -26.09999999999996945, 1.899273372277221039 ) ) ;
#5504 = LINE ( 'NONE', #521, #5095 ) ;
#5505 = AXIS2_PLACEMENT_3D ( 'NONE', #5096, #93, #130 ) ;
#5506 = FACE_OUTER_BOUND ( 'NONE', #4012, .T. ) ;
#5507 = ORIENTED_EDGE ( 'NONE', *, *, #5451, .F. ) ;
#5508 = CARTESIAN_POINT ( 'NONE',  ( -0.5712441706673425657, -26.89999999999997371, 5.226184107212376695 ) ) ;
#5509 = DIRECTION ( 'NONE',  ( 5.551115123125790098E-17, 0.000000000000000000, 1.000000000000000000 ) ) ;
#5510 = PLANE ( 'NONE',  #1919 ) ;
#5511 = ORIENTED_EDGE ( 'NONE', *, *, #63, .T. ) ;
#5512 = FACE_OUTER_BOUND ( 'NONE', #4382, .T. ) ;
#5513 = EDGE_CURVE ( 'NONE', #1795, #6773, #6819, .T. ) ;
#5514 = CARTESIAN_POINT ( 'NONE',  ( -1.250061367757733022, -26.23103568044230727, -1.561200366076182844 ) ) ;
#5515 = EDGE_CURVE ( 'NONE', #4661, #3856, #5199, .T. ) ;
#5516 = EDGE_LOOP ( 'NONE', ( #1930, #4301, #4587, #334 ) ) ;
#5517 = CARTESIAN_POINT ( 'NONE',  ( 2.609727701977319736, -23.89999999999997016, 4.563840657443357429 ) ) ;
#5518 = VERTEX_POINT ( 'NONE', #6892 ) ;
#5519 = CARTESIAN_POINT ( 'NONE',  ( -1.806316316930254073, -24.19999999999997442, 4.012134265349355466 ) ) ;
#5520 = CARTESIAN_POINT ( 'NONE',  ( 0.5026948701872619996, -33.29999999999997584, -4.599042014347151763 ) ) ;
#5521 = CARTESIAN_POINT ( 'NONE',  ( 0.8758929018466862226, -35.43798700572185822, -1.798690713533398711 ) ) ;
#5522 = CARTESIAN_POINT ( 'NONE',  ( -15.04999999999999538, 3.400000000000000355, -25.25000000000000000 ) ) ;
#5523 = DIRECTION ( 'NONE',  ( -0.7071067811865475727, 0.000000000000000000, -0.7071067811865475727 ) ) ;
#5524 = CARTESIAN_POINT ( 'NONE',  ( 1.019241765654988363, -25.79999999999997584, 4.895012382327868394 ) ) ;
#5525 = CARTESIAN_POINT ( 'NONE',  ( 3.109937763673246813, -32.49999999999997158, -3.425226516352113837 ) ) ;
#5526 = ORIENTED_EDGE ( 'NONE', *, *, #3249, .T. ) ;
#5527 = CARTESIAN_POINT ( 'NONE',  ( 5.320550933198359307E-16, 78.44092671982706122, 6.318197875807233657E-16 ) ) ;
#5528 = EDGE_CURVE ( 'NONE', #6093, #5265, #4477, .T. ) ;
#5529 = CARTESIAN_POINT ( 'NONE',  ( 4.793872293848802535, -24.09999999999997300, 2.158265195769588196 ) ) ;
#5530 = EDGE_CURVE ( 'NONE', #2837, #2588, #3009, .T. ) ;
#5531 = FACE_BOUND ( 'NONE', #1758, .T. ) ;
#5532 = CARTESIAN_POINT ( 'NONE',  ( -3.257583998163493533, -32.19999999999997442, -2.957726575413957892 ) ) ;
#5533 = LINE ( 'NONE', #6035, #3348 ) ;
#5534 = CARTESIAN_POINT ( 'NONE',  ( -16.75000000000000711, 8.000000000000000000, -23.54999999999999361 ) ) ;
#5535 = CARTESIAN_POINT ( 'NONE',  ( 17.50000000000000000, 104.0000000000000142, -31.00000000000000000 ) ) ;
#5536 = ADVANCED_FACE ( 'NONE', ( #2321 ), #4071, .F. ) ;
#5537 = CARTESIAN_POINT ( 'NONE',  ( -4.218607618586945662, -25.09999999999997655, -1.899273372277499039 ) ) ;
#5538 = CARTESIAN_POINT ( 'NONE',  ( 0.1167270491399279159, -42.00000000000004974, -4.298415381975006611 ) ) ;
#5539 = CALENDAR_DATE ( 2023, 24, 12 ) ;
#5540 = CARTESIAN_POINT ( 'NONE',  ( -3.257583998163493089, -33.59999999999998010, -2.957726575413957892 ) ) ;
#5541 = VERTEX_POINT ( 'NONE', #2862 ) ;
#5542 = CARTESIAN_POINT ( 'NONE',  ( -3.701799997913059581, -24.19999999999997442, -3.361052926606751701 ) ) ;
#5543 = CARTESIAN_POINT ( 'NONE',  ( -17.50000000000000000, 98.00000000000000000, 31.00000000000000000 ) ) ;
#5544 = ADVANCED_FACE ( 'NONE', ( #4684 ), #1090, .F. ) ;
#5545 = CARTESIAN_POINT ( 'NONE',  ( 2.922492426707089001E-17, -25.69999999999999574, 11.99999999999993427 ) ) ;
#5546 = ORIENTED_EDGE ( 'NONE', *, *, #1510, .F. ) ;
#5547 = CARTESIAN_POINT ( 'NONE',  ( -4.373948876459917479, -25.79999999999997584, -0.4780912319998809612 ) ) ;
#5548 = FACE_OUTER_BOUND ( 'NONE', #1358, .T. ) ;
#5549 = ORIENTED_EDGE ( 'NONE', *, *, #2065, .T. ) ;
#5550 = CARTESIAN_POINT ( 'NONE',  ( 5.146920607196465269, -22.29999999999996874, -1.071694213952271379 ) ) ;
#5551 = ORIENTED_EDGE ( 'NONE', *, *, #5195, .T. ) ;
#5552 = CARTESIAN_POINT ( 'NONE',  ( -4.793872293848801647, -28.29999999999997584, -2.158265195769866640 ) ) ;
#5553 = CARTESIAN_POINT ( 'NONE',  ( -4.373948876459917479, -25.79999999999997584, -0.4780912319998809612 ) ) ;
#5554 = CARTESIAN_POINT ( 'NONE',  ( -3.819613949003068498, -24.59999999999997300, 2.184158712314787198 ) ) ;
#5555 = CARTESIAN_POINT ( 'NONE',  ( -1.806316316930254073, -24.79999999999997229, 4.012134265349355466 ) ) ;
#5556 = ADVANCED_FACE ( 'NONE', ( #4139 ), #2637, .F. ) ;
#5557 = CARTESIAN_POINT ( 'NONE',  ( 7.756130766109594329E-15, -39.40000000000005542, -2.772867569607399779E-14 ) ) ;
#5558 = AXIS2_PLACEMENT_3D ( 'NONE', #5410, #3622, #1430 ) ;
#5559 = CARTESIAN_POINT ( 'NONE',  ( 2.922492426706264395E-17, -25.69999999999999574, 11.99999999999993427 ) ) ;
#5560 = LINE ( 'NONE', #3829, #5920 ) ;
#5561 = CARTESIAN_POINT ( 'NONE',  ( -0.5712441706673425657, -25.69999999999997442, 5.226184107212376695 ) ) ;
#5562 = CARTESIAN_POINT ( 'NONE',  ( -3.257583998163493089, -29.59999999999997655, -2.957726575413957892 ) ) ;
#5563 = CARTESIAN_POINT ( 'NONE',  ( 4.529290134332889295, -30.29999999999997229, -0.9430909082780156716 ) ) ;
#5564 = ORIENTED_EDGE ( 'NONE', *, *, #174, .T. ) ;
#5565 = PLANE ( 'NONE',  #2446 ) ;
#5566 = EDGE_CURVE ( 'NONE', #6981, #3544, #3190, .T. ) ;
#5567 = DIRECTION ( 'NONE',  ( 0.000000000000000000, 0.000000000000000000, -1.000000000000000000 ) ) ;
#5568 = CARTESIAN_POINT ( 'NONE',  ( -4.529290134332889295, -30.49999999999997158, 0.9430909082777385599 ) ) ;
#5569 = FACE_OUTER_BOUND ( 'NONE', #5477, .T. ) ;
#5570 = CARTESIAN_POINT ( 'NONE',  ( 0.7681620481832379665, -27.38937520948744009, -1.847959288306242787 ) ) ;
#5571 = VECTOR ( 'NONE', #4539, 1000.000000000000000 ) ;
#5572 = VECTOR ( 'NONE', #3274, 1000.000000000000000 ) ;
#5573 = DIRECTION ( 'NONE',  ( 0.7071067811865474617, 0.000000000000000000, 0.7071067811865474617 ) ) ;
#5574 = CARTESIAN_POINT ( 'NONE',  ( -0.5712441706673425657, -31.69999999999996732, 5.226184107212376695 ) ) ;
#5575 = CARTESIAN_POINT ( 'NONE',  ( -5.146920607196466158, -29.89999999999997371, 1.071694213951994712 ) ) ;
#5576 = CARTESIAN_POINT ( 'NONE',  ( 16.75000000000363798, 8.000000000000000000, -23.55000000004300276 ) ) ;
#5577 = AXIS2_PLACEMENT_3D ( 'NONE', #6619, #5523, #7092 ) ;
#5578 = CIRCLE ( 'NONE', #1604, 12.00000000000000000 ) ;
#5579 = ADVANCED_FACE ( 'NONE', ( #3627 ), #3653, .F. ) ;
#5580 = CARTESIAN_POINT ( 'NONE',  ( 3.109937763673247257, -33.09999999999995879, -3.425226516352112061 ) ) ;
#5581 = VERTEX_POINT ( 'NONE', #7100 ) ;
#5582 = CARTESIAN_POINT ( 'NONE',  ( 0.5026948701872618885, -33.89999999999997726, -4.599042014347152652 ) ) ;
#5583 = DIRECTION ( 'NONE',  ( 1.084683744678891232E-30, 1.000000000000000000, 9.740822494929354281E-16 ) ) ;
#5584 = TOROIDAL_SURFACE ( 'NONE', #2542, 6.299999999999999822, 0.5000000000000008882 ) ;
#5585 = VECTOR ( 'NONE', #805, 1000.000000000000114 ) ;
#5586 = LINE ( 'NONE', #6275, #6982 ) ;
#5587 = AXIS2_PLACEMENT_3D ( 'NONE', #5093, #6119, #6676 ) ;
#5588 = ORIENTED_EDGE ( 'NONE', *, *, #5132, .F. ) ;
#5589 = CARTESIAN_POINT ( 'NONE',  ( -0.08449948986360399095, -25.15000000000006253, -2.000000000000024425 ) ) ;
#5590 = ORIENTED_EDGE ( 'NONE', *, *, #1411, .F. ) ;
#5591 = CARTESIAN_POINT ( 'NONE',  ( 3.534020185992324592, -31.09999999999997655, -3.892302859491016953 ) ) ;
#5592 = CARTESIAN_POINT ( 'NONE',  ( -16.75000000000000711, 100.5999999999999943, -26.95000000000000284 ) ) ;
#5593 = ORIENTED_EDGE ( 'NONE', *, *, #165, .T. ) ;
#5594 = CARTESIAN_POINT ( 'NONE',  ( 2.296560377740040515, -28.49999999999997513, 4.016179778550139190 ) ) ;
#5595 = AXIS2_PLACEMENT_3D ( 'NONE', #925, #1625, #5389 ) ;
#5596 = CARTESIAN_POINT ( 'NONE',  ( 3.257583998163493533, -30.59999999999997300, 2.957726575413680337 ) ) ;
#5597 = CARTESIAN_POINT ( 'NONE',  ( -0.4564031488680518334, -35.98459597557109646, -1.950355260558443993 ) ) ;
#5598 = CARTESIAN_POINT ( 'NONE',  ( 0.5582977527254789907, -22.08693622083858088, 4.578590674110470715 ) ) ;
#5599 = VECTOR ( 'NONE', #1408, 1000.000000000000000 ) ;
#5600 = LINE ( 'NONE', #4457, #4409 ) ;
#5601 = CIRCLE ( 'NONE', #3380, 7.799999999999987388 ) ;
#5602 = ORIENTED_EDGE ( 'NONE', *, *, #3126, .F. ) ;
#5603 = CARTESIAN_POINT ( 'NONE',  ( -0.8969327537763892577, -29.39999999999997371, -4.307610896448784921 ) ) ;
#5604 = CARTESIAN_POINT ( 'NONE',  ( 2.296560377740041403, -23.89999999999997016, 4.016179778550139190 ) ) ;
#5605 = ORIENTED_EDGE ( 'NONE', *, *, #1686, .T. ) ;
#5606 = CARTESIAN_POINT ( 'NONE',  ( -0.8499999999999926503, -41.90000000000007674, -3.575349633252698389 ) ) ;
#5607 = VECTOR ( 'NONE', #721, 1000.000000000000000 ) ;
#5608 = FACE_BOUND ( 'NONE', #70, .T. ) ;
#5609 = CARTESIAN_POINT ( 'NONE',  ( -2.296560377740040071, -23.49999999999996447, -4.016179778550416302 ) ) ;
#5610 = CARTESIAN_POINT ( 'NONE',  ( -9.992007221626406892E-16, 43.61806232061202593, -7.999999999999998224 ) ) ;
#5611 = EDGE_CURVE ( 'NONE', #3850, #189, #365, .T. ) ;
#5612 = CARTESIAN_POINT ( 'NONE',  ( -16.75000000000000000, 3.851859888774471706E-31, 25.25000000000000000 ) ) ;
#5613 = CARTESIAN_POINT ( 'NONE',  ( -0.8500000000000040856, 20.26087079120528145, 1.810386699023154966 ) ) ;
#5614 = CARTESIAN_POINT ( 'NONE',  ( 4.970396450522633458, -30.19999999999997442, 0.5432854909086584083 ) ) ;
#5615 = LINE ( 'NONE', #2166, #4001 ) ;
#5616 = EDGE_CURVE ( 'NONE', #1751, #4190, #333, .T. ) ;
#5617 = CARTESIAN_POINT ( 'NONE',  ( -0.8969327537763892577, -31.39999999999997726, -4.307610896448784921 ) ) ;
#5618 = ORIENTED_EDGE ( 'NONE', *, *, #3238, .F. ) ;
#5619 = CARTESIAN_POINT ( 'NONE',  ( -4.970396450522633458, -24.39999999999997371, -0.5432854909089367412 ) ) ;
#5620 = DIRECTION ( 'NONE',  ( 1.883233150365978123E-16, -1.000000000000000000, -2.719624996528670136E-16 ) ) ;
#5621 = EDGE_CURVE ( 'NONE', #2298, #4528, #5928, .T. ) ;
#5622 = CARTESIAN_POINT ( 'NONE',  ( 16.74999999999999289, 104.0000000000000142, 25.25000000000000000 ) ) ;
#5623 = ORIENTED_EDGE ( 'NONE', *, *, #4316, .T. ) ;
#5624 = CARTESIAN_POINT ( 'NONE',  ( -0.6398213748551473401, -25.31343735490577984, -1.901424177411809024 ) ) ;
#5625 = EDGE_LOOP ( 'NONE', ( #1251, #2050 ) ) ;
#5626 = CARTESIAN_POINT ( 'NONE',  ( -3.701799997913060025, -29.59999999999997655, -3.361052926606751257 ) ) ;
#5627 = CARTESIAN_POINT ( 'NONE',  ( 8.217522887949261152E-15, -41.85000000000005116, -2.839498382022352361E-14 ) ) ;
#5628 = EDGE_LOOP ( 'NONE', ( #1529, #2136, #2270, #2013 ) ) ;
#5629 = CARTESIAN_POINT ( 'NONE',  ( -1.019241765654987697, -27.99999999999997158, -4.895012382328145506 ) ) ;
#5630 = CARTESIAN_POINT ( 'NONE',  ( -3.819613949003068498, -27.99999999999997513, 2.184158712314787198 ) ) ;
#5631 = CARTESIAN_POINT ( 'NONE',  ( 4.529290134332890183, -30.89999999999997371, -0.9430909082780154495 ) ) ;
#5632 = DIRECTION ( 'NONE',  ( 1.084683744678891232E-30, 1.000000000000000000, 9.740822494929354281E-16 ) ) ;
#5633 = EDGE_LOOP ( 'NONE', ( #419, #3094 ) ) ;
#5634 = DIRECTION ( 'NONE',  ( 0.02714582538137678969, 2.769744689945855113E-16, -0.9996314841802272921 ) ) ;
#5635 = CARTESIAN_POINT ( 'NONE',  ( 2.922492426707090850E-17, -10.50000000000000000, 11.99999999999995026 ) ) ;
#5636 = VERTEX_POINT ( 'NONE', #5312 ) ;
#5637 = CARTESIAN_POINT ( 'NONE',  ( 0.5026948701872618885, -26.69999999999997442, -4.599042014347152652 ) ) ;
#5638 = ORIENTED_EDGE ( 'NONE', *, *, #4222, .F. ) ;
#5639 = CARTESIAN_POINT ( 'NONE',  ( 16.75000000000363798, 104.0000000000000142, -22.00000000004300915 ) ) ;
#5640 = LINE ( 'NONE', #5674, #5907 ) ;
#5641 = CARTESIAN_POINT ( 'NONE',  ( -4.529290134332890183, -27.89999999999997726, 0.9430909082777386709 ) ) ;
#5642 = CYLINDRICAL_SURFACE ( 'NONE', #81, 3.249999999999996003 ) ;
#5643 = CARTESIAN_POINT ( 'NONE',  ( -4.793872293848801647, -23.69999999999997087, -2.158265195769866196 ) ) ;
#5644 = FACE_OUTER_BOUND ( 'NONE', #2744, .T. ) ;
#5645 = CARTESIAN_POINT ( 'NONE',  ( -3.109937763673246813, -21.49999999999997158, 3.425226516351835393 ) ) ;
#5646 = CARTESIAN_POINT ( 'NONE',  ( -5.146920607196466158, -27.89999999999997726, 1.071694213951994712 ) ) ;
#5647 = DIRECTION ( 'NONE',  ( -0.000000000000000000, -1.000000000000000000, -0.000000000000000000 ) ) ;
#5648 = EDGE_CURVE ( 'NONE', #2918, #810, #6934, .T. ) ;
#5649 = ORIENTED_EDGE ( 'NONE', *, *, #5723, .T. ) ;
#5650 = DIRECTION ( 'NONE',  ( 1.883233150365978123E-16, -1.000000000000000000, -2.719624996528670136E-16 ) ) ;
#5651 = ORIENTED_EDGE ( 'NONE', *, *, #5791, .T. ) ;
#5652 = CARTESIAN_POINT ( 'NONE',  ( -4.340470396594395375, -24.59999999999997300, 2.481998536721367721 ) ) ;
#5653 = CARTESIAN_POINT ( 'NONE',  ( 7.869124755131554678E-15, -40.00000000000004974, -2.789185319586571808E-14 ) ) ;
#5654 = AXIS2_PLACEMENT_3D ( 'NONE', #7055, #4317, #1369 ) ;
#5655 = DIRECTION ( 'NONE',  ( -1.883233150365978123E-16, 1.000000000000000000, 2.719624996528670136E-16 ) ) ;
#5656 = DESIGN_CONTEXT ( 'detailed design', #88, 'design' ) ;
#5657 = EDGE_LOOP ( 'NONE', ( #6539, #5154, #7132, #6211 ) ) ;
#5658 = CARTESIAN_POINT ( 'NONE',  ( 16.75000000000363798, 0.000000000000000000, -22.00000000004301270 ) ) ;
#5659 = VERTEX_POINT ( 'NONE', #3589 ) ;
#5660 = ADVANCED_FACE ( 'NONE', ( #919 ), #6448, .F. ) ;
#5661 = CARTESIAN_POINT ( 'NONE',  ( -0.5712441706673427877, -32.29999999999997584, 5.226184107212377583 ) ) ;
#5662 = DIRECTION ( 'NONE',  ( 8.831770080096331917E-17, -0.7071067811865344721, 0.7071067811865606734 ) ) ;
#5663 = EDGE_LOOP ( 'NONE', ( #3789, #5385, #2002, #6058 ) ) ;
#5664 = CARTESIAN_POINT ( 'NONE',  ( 3.109937763673247257, -27.09999999999996589, -3.425226516352112061 ) ) ;
#5665 = CARTESIAN_POINT ( 'NONE',  ( -3.109937763673246813, -26.09999999999996945, 3.425226516351835393 ) ) ;
#5666 = CARTESIAN_POINT ( 'NONE',  ( -0.1206806773382801123, -36.10000000000005116, -2.000000000000026645 ) ) ;
#5667 = ORIENTED_EDGE ( 'NONE', *, *, #1380, .T. ) ;
#5668 = CARTESIAN_POINT ( 'NONE',  ( 0.6988096462073094539, -22.09166176758058242, 4.576680672297278818 ) ) ;
#5669 = CARTESIAN_POINT ( 'NONE',  ( -9.992007221627183920E-16, -27.99999999999997513, -8.000000000000069278 ) ) ;
#5670 = ORIENTED_EDGE ( 'NONE', *, *, #2602, .T. ) ;
#5671 = CARTESIAN_POINT ( 'NONE',  ( 3.109937763673246813, -22.49999999999997513, -3.425226516352113837 ) ) ;
#5672 = ORIENTED_EDGE ( 'NONE', *, *, #3805, .T. ) ;
#5673 = CARTESIAN_POINT ( 'NONE',  ( 5.847844182454338124, -41.85000000000005116, 0.1588030784810250950 ) ) ;
#5674 = CARTESIAN_POINT ( 'NONE',  ( 22.50000000000000000, 10.00000000000000000, 26.00000000000000355 ) ) ;
#5675 = CARTESIAN_POINT ( 'NONE',  ( 1.806316316930254517, -25.19999999999997442, -4.012134265349633466 ) ) ;
#5676 = DIRECTION ( 'NONE',  ( 0.000000000000000000, 0.000000000000000000, 1.000000000000000000 ) ) ;
#5677 = EDGE_CURVE ( 'NONE', #3556, #510, #37, .T. ) ;
#5678 = ADVANCED_FACE ( 'NONE', ( #5384 ), #6955, .T. ) ;
#5679 = AXIS2_PLACEMENT_3D ( 'NONE', #6845, #116, #6218 ) ;
#5680 = CARTESIAN_POINT ( 'NONE',  ( 1.969130796841484915E-15, -25.15000000000002700, -2.000000000000040856 ) ) ;
#5681 = DIRECTION ( 'NONE',  ( -0.7071067811865474617, 0.000000000000000000, 0.7071067811865474617 ) ) ;
#5682 = CARTESIAN_POINT ( 'NONE',  ( -2.609727701977318404, -27.49999999999997868, -4.563840657443635429 ) ) ;
#5683 = LINE ( 'NONE', #1843, #6108 ) ;
#5684 = ORIENTED_EDGE ( 'NONE', *, *, #5386, .F. ) ;
#5685 = CARTESIAN_POINT ( 'NONE',  ( 4.340470396594395375, -26.99999999999997513, -2.481998536721644832 ) ) ;
#5686 = CARTESIAN_POINT ( 'NONE',  ( -2.296560377740040515, -29.49999999999997513, -4.016179778550417190 ) ) ;
#5687 = CARTESIAN_POINT ( 'NONE',  ( 0.5026948701872619996, -33.29999999999997584, -4.599042014347151763 ) ) ;
#5688 = VERTEX_POINT ( 'NONE', #2598 ) ;
#5689 = CARTESIAN_POINT ( 'NONE',  ( 0.000000000000000000, 0.000000000000000000, 23.40000000000000213 ) ) ;
#5690 = DIRECTION ( 'NONE',  ( 0.9996314841802272921, 1.808712683899153550E-16, 0.02714582538137666826 ) ) ;
#5691 = CIRCLE ( 'NONE', #2762, 7.800000000000000711 ) ;
#5692 = CARTESIAN_POINT ( 'NONE',  ( -1.088664100233556198, -25.76459544320836770, -1.679517334218723290 ) ) ;
#5693 = ORIENTED_EDGE ( 'NONE', *, *, #31, .F. ) ;
#5694 = CIRCLE ( 'NONE', #6859, 14.00000000000000000 ) ;
#5695 = CARTESIAN_POINT ( 'NONE',  ( -2.052632178329834023, -32.19999999999998153, 4.559243483351559156 ) ) ;
#5696 = DIRECTION ( 'NONE',  ( 0.7071067811865475727, -0.000000000000000000, 0.7071067811865475727 ) ) ;
#5697 = EDGE_LOOP ( 'NONE', ( #609, #6126, #5789, #18 ) ) ;
#5698 = CARTESIAN_POINT ( 'NONE',  ( -4.529290134332889295, -29.29999999999997584, 0.9430909082777385599 ) ) ;
#5699 = CARTESIAN_POINT ( 'NONE',  ( 4.529290134332890183, -28.89999999999997726, -0.9430909082780154495 ) ) ;
#5700 = FACE_OUTER_BOUND ( 'NONE', #970, .T. ) ;
#5701 = CIRCLE ( 'NONE', #7217, 3.249999999999999556 ) ;
#5702 = VECTOR ( 'NONE', #5776, 1000.000000000000000 ) ;
#5703 = AXIS2_PLACEMENT_3D ( 'NONE', #1793, #685, #610 ) ;
#5704 = ADVANCED_FACE ( 'NONE', ( #2048 ), #5056, .T. ) ;
#5705 = ORIENTED_EDGE ( 'NONE', *, *, #6962, .F. ) ;
#5706 = CARTESIAN_POINT ( 'NONE',  ( 0.8860913019606443397, -22.09782330605810330, 4.578622373457848838 ) ) ;
#5707 = CYLINDRICAL_SURFACE ( 'NONE', #6396, 12.00000000000000000 ) ;
#5708 = ORIENTED_EDGE ( 'NONE', *, *, #2084, .T. ) ;
#5709 = CARTESIAN_POINT ( 'NONE',  ( 4.373948876459917479, -26.19999999999997442, 0.4780912319996027948 ) ) ;
#5710 = EDGE_LOOP ( 'NONE', ( #1714, #308, #662, #5367 ) ) ;
#5711 = CIRCLE ( 'NONE', #444, 9.599999999999999645 ) ;
#5712 = DIRECTION ( 'NONE',  ( -5.551115123125803656E-17, 2.719624996528607520E-16, -1.000000000000000000 ) ) ;
#5713 = DIRECTION ( 'NONE',  ( 0.000000000000000000, 0.000000000000000000, -1.000000000000000000 ) ) ;
#5714 = ADVANCED_FACE ( 'NONE', ( #6416 ), #2495, .F. ) ;
#5715 = CARTESIAN_POINT ( 'NONE',  ( -0.5026948701872614444, -24.29999999999997229, 4.599042014346876428 ) ) ;
#5716 = CARTESIAN_POINT ( 'NONE',  ( 16.74999999999999289, 100.5999999999999943, 23.55000000000000071 ) ) ;
#5717 = CARTESIAN_POINT ( 'NONE',  ( -16.75000000000000711, 100.5999999999999943, 26.95000000000000284 ) ) ;
#5718 = CARTESIAN_POINT ( 'NONE',  ( -4.218607618586945662, -34.29999999999997584, -1.899273372277499039 ) ) ;
#5719 = LOCAL_TIME ( 18, 51, 8.000000000000000000, #5391 ) ;
#5720 = DIRECTION ( 'NONE',  ( 0.000000000000000000, 0.000000000000000000, 1.000000000000000000 ) ) ;
#5721 = AXIS2_PLACEMENT_3D ( 'NONE', #3446, #3329, #4495 ) ;
#5722 = DIRECTION ( 'NONE',  ( -0.9996314841802270701, 0.000000000000000000, -0.02714582538137666479 ) ) ;
#5723 = EDGE_CURVE ( 'NONE', #5636, #3592, #2021, .T. ) ;
#5724 = ORIENTED_EDGE ( 'NONE', *, *, #3159, .F. ) ;
#5725 = CARTESIAN_POINT ( 'NONE',  ( 3.701799997913060025, -26.59999999999997655, 3.361052926606473257 ) ) ;
#5726 = CARTESIAN_POINT ( 'NONE',  ( -4.529290134332889295, -27.89999999999997016, 0.9430909082777386709 ) ) ;
#5727 = CARTESIAN_POINT ( 'NONE',  ( 2.296560377740040515, -22.49999999999996447, 4.016179778550139190 ) ) ;
#5728 = CARTESIAN_POINT ( 'NONE',  ( 8.110363845595081500, 104.0000000000000284, -9.775240745137567799 ) ) ;
#5729 = DIRECTION ( 'NONE',  ( -0.000000000000000000, 1.000000000000000000, -0.000000000000000000 ) ) ;
#5730 = DIRECTION ( 'NONE',  ( 0.000000000000000000, -1.000000000000000000, 0.000000000000000000 ) ) ;
#5731 = LINE ( 'NONE', #4662, #7228 ) ;
#5732 = EDGE_LOOP ( 'NONE', ( #4221, #2176, #3367, #5774 ) ) ;
#5733 = CARTESIAN_POINT ( 'NONE',  ( 3.701799997913060025, -32.59999999999997300, 3.361052926606473257 ) ) ;
#5734 = VERTEX_POINT ( 'NONE', #6513 ) ;
#5735 = CARTESIAN_POINT ( 'NONE',  ( 3.109937763673246813, -32.49999999999997158, -3.425226516352113837 ) ) ;
#5736 = CARTESIAN_POINT ( 'NONE',  ( -3.109937763673246813, -32.09999999999996589, 3.425226516351835393 ) ) ;
#5737 = CARTESIAN_POINT ( 'NONE',  ( -0.8499999999999926503, -40.93309408999233767, 3.059105261346825255 ) ) ;
#5738 = EDGE_CURVE ( 'NONE', #1084, #5184, #5993, .T. ) ;
#5739 = EDGE_CURVE ( 'NONE', #101, #5744, #3439, .T. ) ;
#5740 = VECTOR ( 'NONE', #706, 1000.000000000000000 ) ;
#5741 = ORIENTED_EDGE ( 'NONE', *, *, #2438, .F. ) ;
#5742 = LINE ( 'NONE', #4194, #6156 ) ;
#5743 = DIRECTION ( 'NONE',  ( 1.883233150365925861E-16, -1.000000000000000000, -2.719624996528607520E-16 ) ) ;
#5744 = VERTEX_POINT ( 'NONE', #5349 ) ;
#5745 = CARTESIAN_POINT ( 'NONE',  ( -4.373948876459917479, -21.19999999999997442, -0.4780912319998809612 ) ) ;
#5746 = ORIENTED_EDGE ( 'NONE', *, *, #1443, .F. ) ;
#5747 = CARTESIAN_POINT ( 'NONE',  ( 0.6500000000000071276, -39.20000000000005969, 3.617060270440596081 ) ) ;
#5748 = PLANE ( 'NONE',  #529 ) ;
#5749 = CARTESIAN_POINT ( 'NONE',  ( 0.8500000000000068612, -39.40000000000006253, -1.810386699023193824 ) ) ;
#5750 = CARTESIAN_POINT ( 'NONE',  ( -5.997788905081356425, -33.65000000000005542, -0.1628749522882870504 ) ) ;
#5751 = DIRECTION ( 'NONE',  ( 1.084683744678891232E-30, 1.000000000000000000, 9.740822494929354281E-16 ) ) ;
#5752 = ADVANCED_FACE ( 'NONE', ( #2568 ), #4787, .F. ) ;
#5753 = APPROVAL ( #5426, '未指定' ) ;
#5754 = CARTESIAN_POINT ( 'NONE',  ( 16.75000000000363798, 100.5999999999999943, -25.25000000004300915 ) ) ;
#5755 = DIRECTION ( 'NONE',  ( -0.000000000000000000, 1.000000000000000000, -0.000000000000000000 ) ) ;
#5756 = ORIENTED_EDGE ( 'NONE', *, *, #2754, .F. ) ;
#5757 = CARTESIAN_POINT ( 'NONE',  ( 4.793872293848801647, -22.69999999999997442, 2.158265195769587308 ) ) ;
#5758 = CARTESIAN_POINT ( 'NONE',  ( 4.373948876459917479, -28.79999999999997939, 0.4780912319996028503 ) ) ;
#5759 = CARTESIAN_POINT ( 'NONE',  ( -0.8969327537763892577, -27.39999999999997726, -4.307610896448784921 ) ) ;
#5760 = CARTESIAN_POINT ( 'NONE',  ( -1.019241765654987697, -31.39999999999997726, -4.895012382328145506 ) ) ;
#5761 = EDGE_CURVE ( 'NONE', #5176, #2347, #6735, .T. ) ;
#5762 = CARTESIAN_POINT ( 'NONE',  ( 16.74999999999999289, 100.5999999999999943, 25.25000000000000000 ) ) ;
#5763 = CARTESIAN_POINT ( 'NONE',  ( 16.26345596729054677, 10.00000000000000000, -16.26345596729060006 ) ) ;
#5764 = VECTOR ( 'NONE', #2091, 1000.000000000000000 ) ;
#5765 = CYLINDRICAL_SURFACE ( 'NONE', #4644, 3.249999999999999556 ) ;
#5766 = ORIENTED_EDGE ( 'NONE', *, *, #7136, .T. ) ;
#5767 = CARTESIAN_POINT ( 'NONE',  ( 3.701799997913059581, -33.19999999999997442, 3.361052926606474589 ) ) ;
#5768 = LINE ( 'NONE', #856, #550 ) ;
#5769 = ORIENTED_EDGE ( 'NONE', *, *, #4801, .F. ) ;
#5770 = CARTESIAN_POINT ( 'NONE',  ( 4.218607618586946550, -32.09999999999997300, 1.899273372277221039 ) ) ;
#5771 = CARTESIAN_POINT ( 'NONE',  ( -8.362294262968959516E-29, -33.79999999999998295, -7.443702529884789568E-14 ) ) ;
#5772 = CARTESIAN_POINT ( 'NONE',  ( 3.109937763673246813, -23.69999999999996732, -3.425226516352113837 ) ) ;
#5773 = CARTESIAN_POINT ( 'NONE',  ( -4.314595520699779140E-15, 20.26087079120528145, -1.147109435903499829E-14 ) ) ;
#5774 = ORIENTED_EDGE ( 'NONE', *, *, #1769, .F. ) ;
#5775 = CARTESIAN_POINT ( 'NONE',  ( -17.50000000000000000, 104.0000000000000142, -31.00000000000000000 ) ) ;
#5776 = DIRECTION ( 'NONE',  ( 1.883233150365925861E-16, -1.000000000000000000, -2.719624996528607520E-16 ) ) ;
#5777 = ORIENTED_EDGE ( 'NONE', *, *, #3206, .T. ) ;
#5778 = CARTESIAN_POINT ( 'NONE',  ( -4.970396450522633458, -27.19999999999997442, -0.5432854909089367412 ) ) ;
#5779 = ORIENTED_EDGE ( 'NONE', *, *, #6787, .T. ) ;
#5780 = EDGE_CURVE ( 'NONE', #3394, #3794, #851, .T. ) ;
#5781 = CARTESIAN_POINT ( 'NONE',  ( 7.391745732261314195E-15, -41.90000000000007674, -2.837652016000970598E-14 ) ) ;
#5782 = CYLINDRICAL_SURFACE ( 'NONE', #2870, 1.700000000000007061 ) ;
#5783 = CARTESIAN_POINT ( 'NONE',  ( 22.50000000000000000, 98.00000000000000000, 26.00000000000000355 ) ) ;
#5784 = DIRECTION ( 'NONE',  ( 0.9996314841802272921, 1.808712683899153303E-16, 0.02714582538137666826 ) ) ;
#5785 = FACE_BOUND ( 'NONE', #6583, .T. ) ;
#5786 = ADVANCED_FACE ( 'NONE', ( #5608, #2713, #5531, #3265, #1063, #2681, #5045, #5496, #4932, #514 ), #1097, .F. ) ;
#5787 = DIRECTION ( 'NONE',  ( -1.883233150365925861E-16, 1.000000000000000000, 2.719624996528607520E-16 ) ) ;
#5788 = CARTESIAN_POINT ( 'NONE',  ( -16.75000000000000000, 3.400000000000000355, 25.25000000000000000 ) ) ;
#5789 = ORIENTED_EDGE ( 'NONE', *, *, #3277, .F. ) ;
#5790 = CARTESIAN_POINT ( 'NONE',  ( -1.019241765654987697, -23.39999999999997726, -4.895012382328145506 ) ) ;
#5791 = EDGE_CURVE ( 'NONE', #4528, #1346, #2157, .T. ) ;
#5792 = CARTESIAN_POINT ( 'NONE',  ( 2.296560377740040959, -24.49999999999996803, 4.016179778550139190 ) ) ;
#5793 = CARTESIAN_POINT ( 'NONE',  ( -3.819613949003068498, -27.99999999999997513, 2.184158712314787198 ) ) ;
#5794 = CARTESIAN_POINT ( 'NONE',  ( 2.052632178329834467, -31.19999999999997797, -4.559243483351837156 ) ) ;
#5795 = CARTESIAN_POINT ( 'NONE',  ( -5.797862608245310412, -36.60000000000005826, -0.1574457872120123558 ) ) ;
#5796 = COORDINATED_UNIVERSAL_TIME_OFFSET ( 8, 0, .AHEAD. ) ;
#5797 = EDGE_CURVE ( 'NONE', #754, #3314, #6239, .T. ) ;
#5798 = DIRECTION ( 'NONE',  ( 0.9996314841802272921, 0.000000000000000000, 0.02714582538137666826 ) ) ;
#5799 = ORIENTED_EDGE ( 'NONE', *, *, #6138, .T. ) ;
#5800 = CARTESIAN_POINT ( 'NONE',  ( 4.340470396594395375, -24.99999999999997513, -2.481998536721644832 ) ) ;
#5801 = CARTESIAN_POINT ( 'NONE',  ( -16.75000000000000000, 3.400000000000000355, 22.00000000000000711 ) ) ;
#5802 = VERTEX_POINT ( 'NONE', #6554 ) ;
#5803 = VECTOR ( 'NONE', #2014, 1000.000000000000000 ) ;
#5804 = CIRCLE ( 'NONE', #3581, 12.00000000000000000 ) ;
#5805 = CARTESIAN_POINT ( 'NONE',  ( 3.109937763673247257, -23.09999999999996589, -3.425226516352112061 ) ) ;
#5806 = CARTESIAN_POINT ( 'NONE',  ( 5.997788905081364419, -2.077341958608788008, 0.1628749522882424194 ) ) ;
#5807 = AXIS2_PLACEMENT_3D ( 'NONE', #6952, #5379, #4168 ) ;
#5808 = ORIENTED_EDGE ( 'NONE', *, *, #6272, .T. ) ;
#5809 = CARTESIAN_POINT ( 'NONE',  ( -17.50000000000000000, 104.0000000000000142, 31.00000000000000000 ) ) ;
#5810 = AXIS2_PLACEMENT_3D ( 'NONE', #5522, #6658, #2706 ) ;
#5811 = CARTESIAN_POINT ( 'NONE',  ( 0.7193756434185232251, -35.75323608045096790, 1.868163338382992089 ) ) ;
#5812 = VERTEX_POINT ( 'NONE', #3759 ) ;
#5813 = CARTESIAN_POINT ( 'NONE',  ( 4.340470396594395375, -32.39999999999997016, -2.481998536721644832 ) ) ;
#5814 = ORIENTED_EDGE ( 'NONE', *, *, #1833, .F. ) ;
#5815 = DIRECTION ( 'NONE',  ( 0.000000000000000000, 0.000000000000000000, -1.000000000000000000 ) ) ;
#5816 = CIRCLE ( 'NONE', #4408, 1.700000000000013944 ) ;
#5817 = TOROIDAL_SURFACE ( 'NONE', #3470, 3.674999999999999822, 0.5000000000000004441 ) ;
#5818 = CARTESIAN_POINT ( 'NONE',  ( 7.090428428202762467E-15, -40.30000000000006111, -2.794138016056512696E-14 ) ) ;
#5819 = CARTESIAN_POINT ( 'NONE',  ( 7.274040777774582584E-16, -2.077341958608789341, -1.757831232144805540E-14 ) ) ;
#5820 = AXIS2_PLACEMENT_3D ( 'NONE', #3598, #3561, #3055 ) ;
#5821 = CARTESIAN_POINT ( 'NONE',  ( -17.50000000000000000, 104.0000000000000142, -31.00000000000000000 ) ) ;
#5822 = CARTESIAN_POINT ( 'NONE',  ( -22.50000000000000000, 104.0000000000000142, 26.00000000000000355 ) ) ;
#5823 = DIRECTION ( 'NONE',  ( -0.000000000000000000, -1.000000000000000000, -0.000000000000000000 ) ) ;
#5824 = AXIS2_PLACEMENT_3D ( 'NONE', #4542, #1220, #6782 ) ;
#5825 = CARTESIAN_POINT ( 'NONE',  ( 16.74999999999999289, 100.5999999999999943, 25.25000000000000000 ) ) ;
#5826 = ORIENTED_EDGE ( 'NONE', *, *, #6339, .F. ) ;
#5827 = CARTESIAN_POINT ( 'NONE',  ( 2.052632178329834467, -27.19999999999997797, -4.559243483351837156 ) ) ;
#5828 = CARTESIAN_POINT ( 'NONE',  ( -3.819613949003068498, -21.99999999999997868, 2.184158712314787198 ) ) ;
#5829 = AXIS2_PLACEMENT_3D ( 'NONE', #6217, #2745, #4966 ) ;
#5830 = CARTESIAN_POINT ( 'NONE',  ( 0.5026948701872619996, -23.29999999999997229, -4.599042014347151763 ) ) ;
#5831 = DIRECTION ( 'NONE',  ( 0.000000000000000000, 0.000000000000000000, 1.000000000000000000 ) ) ;
#5832 = CARTESIAN_POINT ( 'NONE',  ( -2.609727701977318404, -22.89999999999997016, -4.563840657443636317 ) ) ;
#5833 = ADVANCED_FACE ( 'NONE', ( #5996 ), #985, .T. ) ;
#5834 = CARTESIAN_POINT ( 'NONE',  ( 3.819613949003068054, -25.59999999999996945, -2.184158712315064310 ) ) ;
#5835 = CARTESIAN_POINT ( 'NONE',  ( -3.109937763673246813, -28.69999999999997442, 3.425226516351835393 ) ) ;
#5836 = CYLINDRICAL_SURFACE ( 'NONE', #2766, 2.099999999999997868 ) ;
#5837 = ORIENTED_EDGE ( 'NONE', *, *, #6366, .F. ) ;
#5838 = CARTESIAN_POINT ( 'NONE',  ( -3.701799997913060025, -23.59999999999997655, -3.361052926606751257 ) ) ;
#5839 = CARTESIAN_POINT ( 'NONE',  ( 8.217522887949261152E-15, -41.85000000000005116, -2.839498382022352361E-14 ) ) ;
#5840 = EDGE_LOOP ( 'NONE', ( #2171, #3646, #264, #5588 ) ) ;
#5841 = EDGE_CURVE ( 'NONE', #5802, #6266, #1685, .T. ) ;
#5842 = CARTESIAN_POINT ( 'NONE',  ( 4.529290134332890183, -24.89999999999997371, -0.9430909082780154495 ) ) ;
#5843 = DIRECTION ( 'NONE',  ( 1.084683744678891232E-30, 1.000000000000000000, 9.740822494929354281E-16 ) ) ;
#5844 = VERTEX_POINT ( 'NONE', #4897 ) ;
#5845 = CARTESIAN_POINT ( 'NONE',  ( -4.314595520699779140E-15, 20.26087079120528145, -1.147109435903499829E-14 ) ) ;
#5846 = CARTESIAN_POINT ( 'NONE',  ( 0.9000648597712040955, -35.08173791931883301, 1.786024426905151063 ) ) ;
#5847 = ORIENTED_EDGE ( 'NONE', *, *, #5156, .F. ) ;
#5848 = CARTESIAN_POINT ( 'NONE',  ( 4.340470396594395375, -29.59999999999997300, -2.481998536721644832 ) ) ;
#5849 = CARTESIAN_POINT ( 'NONE',  ( 4.340470396594395375, -28.39999999999997016, -2.481998536721644832 ) ) ;
#5850 = ORIENTED_EDGE ( 'NONE', *, *, #2895, .T. ) ;
#5851 = CARTESIAN_POINT ( 'NONE',  ( 7.869124755131554678E-15, -40.00000000000004974, -2.789185319586571808E-14 ) ) ;
#5852 = PLANE ( 'NONE',  #6261 ) ;
#5853 = DIRECTION ( 'NONE',  ( 0.9996314841802272921, 1.808712683899153303E-16, 0.02714582538137666826 ) ) ;
#5854 = DIRECTION ( 'NONE',  ( -0.9996314841802272921, 0.000000000000000000, -0.02714582538137674458 ) ) ;
#5855 = CARTESIAN_POINT ( 'NONE',  ( 3.257583998163493533, -27.19999999999997442, 2.957726575413679893 ) ) ;
#5856 = CARTESIAN_POINT ( 'NONE',  ( -0.8499999999999929834, -41.06447144345317213, -3.117376194063359307 ) ) ;
#5857 = EDGE_CURVE ( 'NONE', #6536, #797, #3901, .T. ) ;
#5858 = DIRECTION ( 'NONE',  ( 0.3472309087948180495, -9.688626205868683139E-17, 0.9377796628086603192 ) ) ;
#5859 = DIRECTION ( 'NONE',  ( -1.883233150365978123E-16, 1.000000000000000000, 2.719624996528670136E-16 ) ) ;
#5860 = VERTEX_POINT ( 'NONE', #6139 ) ;
#5861 = CARTESIAN_POINT ( 'NONE',  ( 4.218607618586946550, -22.69999999999997442, 1.899273372277220817 ) ) ;
#5862 = CARTESIAN_POINT ( 'NONE',  ( 3.819613949003068498, -22.99999999999997513, -2.184158712315064310 ) ) ;
#5863 = CARTESIAN_POINT ( 'NONE',  ( 0.5712441706673431208, -33.29999999999997584, -5.226184107212654695 ) ) ;
#5864 = CARTESIAN_POINT ( 'NONE',  ( 3.819613949003068498, -30.99999999999997513, -2.184158712315064310 ) ) ;
#5865 = CARTESIAN_POINT ( 'NONE',  ( -3.674999999999992717, -42.00000000000005684, -2.819971292920011586E-14 ) ) ;
#5866 = CARTESIAN_POINT ( 'NONE',  ( -0.5712441706673425657, -21.69999999999996732, 5.226184107212376695 ) ) ;
#5867 = EDGE_CURVE ( 'NONE', #5884, #768, #2041, .T. ) ;
#5868 = EDGE_CURVE ( 'NONE', #3398, #2070, #5640, .T. ) ;
#5869 = APPROVAL_ROLE ( '' ) ;
#5870 = CARTESIAN_POINT ( 'NONE',  ( -1.648681191568415799E-15, -10.49999999999997691, -13.20000000000005258 ) ) ;
#5871 = ORIENTED_EDGE ( 'NONE', *, *, #6740, .T. ) ;
#5872 = CARTESIAN_POINT ( 'NONE',  ( 4.793872293848801647, -22.69999999999997442, 2.158265195769587308 ) ) ;
#5873 = CARTESIAN_POINT ( 'NONE',  ( -5.997788905081362643, -2.077341958608790673, -0.1628749522882783352 ) ) ;
#5874 = ORIENTED_EDGE ( 'NONE', *, *, #2625, .F. ) ;
#5875 = EDGE_CURVE ( 'NONE', #1515, #2639, #4570, .T. ) ;
#5876 = CARTESIAN_POINT ( 'NONE',  ( 3.257583998163493533, -23.19999999999997442, 2.957726575413679893 ) ) ;
#5877 = DIRECTION ( 'NONE',  ( -0.3472309087948249329, 9.688626205868643696E-17, -0.9377796628086577657 ) ) ;
#5878 = CIRCLE ( 'NONE', #2727, 7.230910042229492518 ) ;
#5879 = ORIENTED_EDGE ( 'NONE', *, *, #4938, .T. ) ;
#5880 = LINE ( 'NONE', #793, #2315 ) ;
#5881 = DIRECTION ( 'NONE',  ( -0.000000000000000000, 1.000000000000000000, 0.000000000000000000 ) ) ;
#5882 = ORIENTED_EDGE ( 'NONE', *, *, #152, .T. ) ;
#5883 = CARTESIAN_POINT ( 'NONE',  ( 3.534020185992327256, -30.49999999999997158, -3.892302859491017397 ) ) ;
#5884 = VERTEX_POINT ( 'NONE', #759 ) ;
#5885 = CARTESIAN_POINT ( 'NONE',  ( 3.534020185992327256, -33.69999999999997442, -3.892302859491017397 ) ) ;
#5886 = CARTESIAN_POINT ( 'NONE',  ( -5.997788905081357314, -38.60000000000005826, -0.1628749522882883549 ) ) ;
#5887 = FACE_OUTER_BOUND ( 'NONE', #5657, .T. ) ;
#5888 = EDGE_CURVE ( 'NONE', #6331, #7188, #5125, .T. ) ;
#5889 = DIRECTION ( 'NONE',  ( 0.000000000000000000, 0.000000000000000000, 1.000000000000000000 ) ) ;
#5890 = DIRECTION ( 'NONE',  ( -0.02714582538137666826, -2.769744689945855113E-16, 0.9996314841802272921 ) ) ;
#5891 = CARTESIAN_POINT ( 'NONE',  ( -3.700766893073886177, -33.72528776588167432, -2.404593919289096160 ) ) ;
#5892 = CARTESIAN_POINT ( 'NONE',  ( 5.997788905081370636, -36.20000000000005258, 0.1628749522882332601 ) ) ;
#5893 = DIRECTION ( 'NONE',  ( 0.9996314841802272921, 0.000000000000000000, 0.02714582538137663703 ) ) ;
#5894 = ORIENTED_EDGE ( 'NONE', *, *, #4931, .T. ) ;
#5895 = EDGE_CURVE ( 'NONE', #5292, #6912, #148, .T. ) ;
#5896 = CARTESIAN_POINT ( 'NONE',  ( 4.298415381974978189, -2.077341958608788453, 0.1167270491399020893 ) ) ;
#5897 = CARTESIAN_POINT ( 'NONE',  ( -4.793872293848801647, -27.69999999999997087, -2.158265195769866196 ) ) ;
#5898 = CARTESIAN_POINT ( 'NONE',  ( 5.997788905081364419, -2.077341958608788008, 0.1628749522882424194 ) ) ;
#5899 = CARTESIAN_POINT ( 'NONE',  ( 4.373948876459917479, -22.79999999999997229, 0.4780912319996028503 ) ) ;
#5900 = CARTESIAN_POINT ( 'NONE',  ( -3.701799997913059581, -22.99999999999997158, -3.361052926606751701 ) ) ;
#5901 = DATE_AND_TIME ( #4762, #634 ) ;
#5902 = CARTESIAN_POINT ( 'NONE',  ( -0.7182830780684167360, -35.75454521185145040, 1.868570442711234625 ) ) ;
#5903 = VERTEX_POINT ( 'NONE', #6811 ) ;
#5904 = CARTESIAN_POINT ( 'NONE',  ( 3.701799997913060025, -24.59999999999997655, 3.361052926606473257 ) ) ;
#5905 = DIRECTION ( 'NONE',  ( -1.249000902703301108E-16, 9.199291160483069060E-16, -1.000000000000000000 ) ) ;
#5906 = EDGE_LOOP ( 'NONE', ( #1683, #2906, #7157, #3864, #3845, #4634 ) ) ;
#5907 = VECTOR ( 'NONE', #6258, 1000.000000000000000 ) ;
#5908 = DIRECTION ( 'NONE',  ( -1.084683744678891232E-30, -1.000000000000000000, -9.740822494929354281E-16 ) ) ;
#5909 = VERTEX_POINT ( 'NONE', #2383 ) ;
#5910 = CARTESIAN_POINT ( 'NONE',  ( 3.819613949003068498, -32.99999999999997158, -2.184158712315064310 ) ) ;
#5911 = EDGE_CURVE ( 'NONE', #5268, #5812, #5078, .T. ) ;
#5912 = CARTESIAN_POINT ( 'NONE',  ( -16.75000000000000000, 0.000000000000000000, 22.00000000000000711 ) ) ;
#5913 = EDGE_CURVE ( 'NONE', #4920, #5944, #2856, .T. ) ;
#5914 = CARTESIAN_POINT ( 'NONE',  ( -3.701799997913059581, -32.99999999999997158, -3.361052926606751701 ) ) ;
#5915 = VERTEX_POINT ( 'NONE', #72 ) ;
#5916 = CARTESIAN_POINT ( 'NONE',  ( 0.8969327537763894798, -30.39999999999997726, 4.307610896448506921 ) ) ;
#5917 = EDGE_CURVE ( 'NONE', #5734, #3145, #4496, .T. ) ;
#5918 = CARTESIAN_POINT ( 'NONE',  ( 3.409574497827728277E-17, -9.700000000000006395, 13.99999999999995026 ) ) ;
#5919 = OPEN_SHELL ( 'NONE', ( #2453, #5057 ) ) ;
#5920 = VECTOR ( 'NONE', #1505, 1000.000000000000000 ) ;
#5921 = LINE ( 'NONE', #3151, #5225 ) ;
#5922 = DIRECTION ( 'NONE',  ( 0.000000000000000000, 0.000000000000000000, 1.000000000000000000 ) ) ;
#5923 = AXIS2_PLACEMENT_3D ( 'NONE', #2915, #1742, #4478 ) ;
#5924 = AXIS2_PLACEMENT_3D ( 'NONE', #151, #6336, #4169 ) ;
#5925 = CARTESIAN_POINT ( 'NONE',  ( 1.857901270398778504, -33.50205946380965827, -4.278555676619129500 ) ) ;
#5926 = VECTOR ( 'NONE', #4128, 1000.000000000000000 ) ;
#5927 = CARTESIAN_POINT ( 'NONE',  ( -4.672172663491275024, -21.79999999999997584, -0.5106883614544087679 ) ) ;
#5928 = LINE ( 'NONE', #841, #5764 ) ;
#5929 = AXIS2_PLACEMENT_3D ( 'NONE', #1163, #3924, #4446 ) ;
#5930 = AXIS2_PLACEMENT_3D ( 'NONE', #315, #2482, #3574 ) ;
#5931 = ORIENTED_EDGE ( 'NONE', *, *, #736, .F. ) ;
#5932 = CARTESIAN_POINT ( 'NONE',  ( -5.997788905081359090, -35.40000000000005542, -0.1628749522882874390 ) ) ;
#5933 = CARTESIAN_POINT ( 'NONE',  ( -4.970396450522633458, -25.79999999999997584, -0.5432854909089366302 ) ) ;
#5934 = DIRECTION ( 'NONE',  ( -0.000000000000000000, -1.000000000000000000, -0.000000000000000000 ) ) ;
#5935 = AXIS2_PLACEMENT_3D ( 'NONE', #3020, #3633, #5356 ) ;
#5936 = EDGE_CURVE ( 'NONE', #1534, #1783, #3979, .T. ) ;
#5937 = CARTESIAN_POINT ( 'NONE',  ( -3.109937763673246813, -23.49999999999997158, 3.425226516351835393 ) ) ;
#5938 = VECTOR ( 'NONE', #3790, 1000.000000000000114 ) ;
#5939 = CARTESIAN_POINT ( 'NONE',  ( -0.8999104041191708925, -35.08004643252485977, 1.786102257589706532 ) ) ;
#5940 = ORIENTED_EDGE ( 'NONE', *, *, #5513, .T. ) ;
#5941 = CARTESIAN_POINT ( 'NONE',  ( 5.146920607196465269, -31.49999999999997158, -1.071694213952271379 ) ) ;
#5942 = LINE ( 'NONE', #461, #3370 ) ;
#5943 = DIRECTION ( 'NONE',  ( -1.069746143519031094E-14, 0.000000000000000000, 1.000000000000000000 ) ) ;
#5944 = VERTEX_POINT ( 'NONE', #3549 ) ;
#5945 = LINE ( 'NONE', #2108, #3135 ) ;
#5946 = DIRECTION ( 'NONE',  ( 0.7071067811865474617, 0.000000000000000000, 0.7071067811865474617 ) ) ;
#5947 = ORIENTED_EDGE ( 'NONE', *, *, #1010, .T. ) ;
#5948 = CARTESIAN_POINT ( 'NONE',  ( 5.146920607196465269, -26.29999999999997229, -1.071694213952271379 ) ) ;
#5949 = ORIENTED_EDGE ( 'NONE', *, *, #7179, .F. ) ;
#5950 = CARTESIAN_POINT ( 'NONE',  ( 5.146920607196465269, -33.49999999999997158, -1.071694213952271379 ) ) ;
#5951 = FACE_OUTER_BOUND ( 'NONE', #2338, .T. ) ;
#5952 = CARTESIAN_POINT ( 'NONE',  ( -3.257583998163493533, -26.19999999999997442, -2.957726575413957892 ) ) ;
#5953 = LINE ( 'NONE', #3110, #3791 ) ;
#5954 = ADVANCED_FACE ( 'NONE', ( #3483 ), #5782, .F. ) ;
#5955 = DIRECTION ( 'NONE',  ( -0.7071067811865474617, 0.000000000000000000, 0.7071067811865474617 ) ) ;
#5956 = DIRECTION ( 'NONE',  ( 0.000000000000000000, 0.000000000000000000, 1.000000000000000000 ) ) ;
#5957 = CARTESIAN_POINT ( 'NONE',  ( 1.806316316930254740, -27.79999999999997229, -4.012134265349632578 ) ) ;
#5958 = DIRECTION ( 'NONE',  ( -0.000000000000000000, 1.000000000000000000, -0.000000000000000000 ) ) ;
#5959 = LINE ( 'NONE', #7054, #5247 ) ;
#5960 = CARTESIAN_POINT ( 'NONE',  ( 5.146920607196465269, -24.29999999999997229, -1.071694213952271379 ) ) ;
#5961 = DIRECTION ( 'NONE',  ( -0.02714582538137666826, -2.769744689945855113E-16, 0.9996314841802272921 ) ) ;
#5962 = CARTESIAN_POINT ( 'NONE',  ( -3.109937763673246813, -32.69999999999997442, 3.425226516351835393 ) ) ;
#5963 = ORIENTED_EDGE ( 'NONE', *, *, #7004, .T. ) ;
#5964 = CARTESIAN_POINT ( 'NONE',  ( -16.75000000000000711, 104.0000000000000142, -25.25000000000000000 ) ) ;
#5965 = CARTESIAN_POINT ( 'NONE',  ( 3.534020185992325480, -25.09999999999996945, -3.892302859491017397 ) ) ;
#5966 = CARTESIAN_POINT ( 'NONE',  ( 12.52078873619546151, 107.0000000000000284, 2.136160751651473788 ) ) ;
#5967 = CARTESIAN_POINT ( 'NONE',  ( -0.5026948701872614444, -27.69999999999997442, 4.599042014346875540 ) ) ;
#5968 = CARTESIAN_POINT ( 'NONE',  ( 0.5712441706673430097, -31.29999999999997584, -5.226184107212652918 ) ) ;
#5969 = CARTESIAN_POINT ( 'NONE',  ( -3.819613949003068498, -23.99999999999997513, 2.184158712314787198 ) ) ;
#5970 = PERSON_AND_ORGANIZATION_ROLE ( 'design_supplier' ) ;
#5971 = EDGE_CURVE ( 'NONE', #1996, #1755, #1244, .T. ) ;
#5972 = ADVANCED_FACE ( 'NONE', ( #6299 ), #5748, .F. ) ;
#5973 = LINE ( 'NONE', #3700, #5453 ) ;
#5974 = ORIENTED_EDGE ( 'NONE', *, *, #6740, .F. ) ;
#5975 = CARTESIAN_POINT ( 'NONE',  ( 2.052632178329834023, -27.79999999999997229, -4.559243483351834492 ) ) ;
#5976 = DIRECTION ( 'NONE',  ( -0.000000000000000000, -1.000000000000000000, -0.000000000000000000 ) ) ;
#5977 = CARTESIAN_POINT ( 'NONE',  ( 5.500000000000002665, 104.0000000000000142, -3.841510274385199430 ) ) ;
#5978 = ORIENTED_EDGE ( 'NONE', *, *, #3016, .T. ) ;
#5979 = DIRECTION ( 'NONE',  ( 0.000000000000000000, 0.000000000000000000, 1.000000000000000000 ) ) ;
#5980 = ADVANCED_FACE ( 'NONE', ( #183 ), #6777, .F. ) ;
#5981 = CARTESIAN_POINT ( 'NONE',  ( 16.74999999999999289, 104.0000000000000142, 22.00000000000000355 ) ) ;
#5982 = VERTEX_POINT ( 'NONE', #4099 ) ;
#5983 = CARTESIAN_POINT ( 'NONE',  ( 4.970396450522633458, -22.19999999999997087, 0.5432854909086584083 ) ) ;
#5984 = ORIENTED_EDGE ( 'NONE', *, *, #545, .T. ) ;
#5985 = CARTESIAN_POINT ( 'NONE',  ( -3.701799997913059581, -30.19999999999997442, -3.361052926606751701 ) ) ;
#5986 = CARTESIAN_POINT ( 'NONE',  ( 0.6500000000000066835, -39.20000000000005969, -3.617060270440651593 ) ) ;
#5987 = CARTESIAN_POINT ( 'NONE',  ( 4.529290134332889295, -25.49999999999997158, -0.9430909082780156716 ) ) ;
#5988 = CARTESIAN_POINT ( 'NONE',  ( 0.2381927979256770744, -34.32405888157322238, -1.988858140050770995 ) ) ;
#5989 = CARTESIAN_POINT ( 'NONE',  ( 0.1119360541325330471, -22.07130310221629443, 4.830815725123495774 ) ) ;
#5990 = CARTESIAN_POINT ( 'NONE',  ( 1.393689117241936356E-14, -27.65000000000010516, -2.000000000000053735 ) ) ;
#5991 = CARTESIAN_POINT ( 'NONE',  ( 4.970396450522633458, -26.19999999999997442, 0.5432854909086584083 ) ) ;
#5992 = CARTESIAN_POINT ( 'NONE',  ( 4.373948876459917479, -28.19999999999997087, 0.4780912319996027948 ) ) ;
#5993 = CIRCLE ( 'NONE', #6584, 9.500000000000003553 ) ;
#5994 = CARTESIAN_POINT ( 'NONE',  ( -2.072383525394549064, -33.63562197999902992, -4.511765640618904172 ) ) ;
#5995 = DIRECTION ( 'NONE',  ( -0.000000000000000000, 1.000000000000000000, -0.000000000000000000 ) ) ;
#5996 = FACE_OUTER_BOUND ( 'NONE', #2962, .T. ) ;
#5997 = AXIS2_PLACEMENT_3D ( 'NONE', #7023, #1619, #5567 ) ;
#5998 = CARTESIAN_POINT ( 'NONE',  ( 4.218607618586946550, -33.29999999999997584, 1.899273372277221039 ) ) ;
#5999 = ORIENTED_EDGE ( 'NONE', *, *, #106, .F. ) ;
#6000 = FACE_OUTER_BOUND ( 'NONE', #6180, .T. ) ;
#6001 = CARTESIAN_POINT ( 'NONE',  ( 4.340470396594395375, -28.99999999999997868, -2.481998536721644832 ) ) ;
#6002 = CARTESIAN_POINT ( 'NONE',  ( -1.241196102018070180, -26.23019410950906050, 1.568399838942468039 ) ) ;
#6003 = CARTESIAN_POINT ( 'NONE',  ( -2.296560377740040071, -26.89999999999997371, -4.016179778550416302 ) ) ;
#6004 = CARTESIAN_POINT ( 'NONE',  ( -3.701799997913060025, -29.59999999999997655, -3.361052926606751257 ) ) ;
#6005 = DIRECTION ( 'NONE',  ( 0.9996314841802270701, 0.000000000000000000, 0.02714582538137666479 ) ) ;
#6006 = EDGE_CURVE ( 'NONE', #2413, #4092, #1720, .T. ) ;
#6007 = CARTESIAN_POINT ( 'NONE',  ( -0.6499999999999929168, -39.20000000000005969, 1.891428031937745002 ) ) ;
#6008 = EDGE_LOOP ( 'NONE', ( #5023, #4568, #1467, #3657 ) ) ;
#6009 = CARTESIAN_POINT ( 'NONE',  ( 4.340470396594395375, -27.59999999999997300, -2.481998536721644832 ) ) ;
#6010 = DIRECTION ( 'NONE',  ( -1.249000902703301108E-16, 1.067522139062649685E-15, -1.000000000000000000 ) ) ;
#6011 = EDGE_CURVE ( 'NONE', #1797, #3675, #2636, .T. ) ;
#6012 = DIRECTION ( 'NONE',  ( 0.000000000000000000, 0.000000000000000000, -1.000000000000000000 ) ) ;
#6013 = ORIENTED_EDGE ( 'NONE', *, *, #1597, .T. ) ;
#6014 = CARTESIAN_POINT ( 'NONE',  ( -3.257583998163493089, -31.59999999999997655, -2.957726575413957892 ) ) ;
#6015 = AXIS2_PLACEMENT_3D ( 'NONE', #7203, #2188, #6096 ) ;
#6016 = DIRECTION ( 'NONE',  ( 0.000000000000000000, 0.000000000000000000, -1.000000000000000000 ) ) ;
#6017 = VERTEX_POINT ( 'NONE', #1875 ) ;
#6018 = CARTESIAN_POINT ( 'NONE',  ( -4.970396450522633458, -33.79999999999997584, -0.5432854909089366302 ) ) ;
#6019 = VERTEX_POINT ( 'NONE', #1215 ) ;
#6020 = CARTESIAN_POINT ( 'NONE',  ( 0.5712441706673430097, -27.89999999999997371, -5.226184107212654695 ) ) ;
#6021 = DIRECTION ( 'NONE',  ( 0.000000000000000000, 0.000000000000000000, -1.000000000000000000 ) ) ;
#6022 = CARTESIAN_POINT ( 'NONE',  ( -3.257583998163493089, -33.59999999999998010, -2.957726575413957892 ) ) ;
#6023 = DIRECTION ( 'NONE',  ( -0.000000000000000000, 1.000000000000000000, -0.000000000000000000 ) ) ;
#6024 = CARTESIAN_POINT ( 'NONE',  ( -16.26345596729044374, 0.000000000000000000, 14.61345596729075602 ) ) ;
#6025 = LINE ( 'NONE', #1018, #2765 ) ;
#6026 = CARTESIAN_POINT ( 'NONE',  ( 0.5712441706673430097, -26.69999999999997442, -5.226184107212654695 ) ) ;
#6027 = CARTESIAN_POINT ( 'NONE',  ( -0.8969327537763891467, -30.79999999999997939, -4.307610896448784921 ) ) ;
#6028 = ORIENTED_EDGE ( 'NONE', *, *, #6903, .F. ) ;
#6029 = DIRECTION ( 'NONE',  ( -0.9996314841802272921, 0.000000000000000000, -0.02714582538137674458 ) ) ;
#6030 = CIRCLE ( 'NONE', #2647, 5.850000000000000533 ) ;
#6031 = CARTESIAN_POINT ( 'NONE',  ( 6.260599701156728106E-15, -25.15000000000002700, 1.999999999999994005 ) ) ;
#6032 = CARTESIAN_POINT ( 'NONE',  ( -4.218607618586945662, -30.29999999999997229, -1.899273372277499039 ) ) ;
#6033 = ORIENTED_EDGE ( 'NONE', *, *, #2814, .T. ) ;
#6034 = CIRCLE ( 'NONE', #6974, 5.799999999999999822 ) ;
#6035 = CARTESIAN_POINT ( 'NONE',  ( -8.110363845595184529, 107.0000000000000000, 9.775240745137610432 ) ) ;
#6036 = AXIS2_PLACEMENT_3D ( 'NONE', #3292, #7130, #4847 ) ;
#6037 = CARTESIAN_POINT ( 'NONE',  ( 3.701799997913060025, -24.59999999999997655, 3.361052926606473257 ) ) ;
#6038 = CARTESIAN_POINT ( 'NONE',  ( -0.5712441706673425657, -24.89999999999997371, 5.226184107212376695 ) ) ;
#6039 = CARTESIAN_POINT ( 'NONE',  ( 0.8500000000000070832, -41.24871028735015699, -3.310684911039705192 ) ) ;
#6040 = CARTESIAN_POINT ( 'NONE',  ( -4.529290134332889295, -27.29999999999997584, 0.9430909082777385599 ) ) ;
#6041 = AXIS2_PLACEMENT_3D ( 'NONE', #5129, #1689, #2826 ) ;
#6042 = DIRECTION ( 'NONE',  ( -1.883233150365978123E-16, 1.000000000000000000, 2.719624996528670136E-16 ) ) ;
#6043 = VECTOR ( 'NONE', #7251, 1000.000000000000000 ) ;
#6044 = AXIS2_PLACEMENT_3D ( 'NONE', #4820, #3017, #4142 ) ;
#6045 = EDGE_CURVE ( 'NONE', #4870, #2890, #1468, .T. ) ;
#6046 = EDGE_CURVE ( 'NONE', #2639, #4754, #4062, .T. ) ;
#6047 = VECTOR ( 'NONE', #6824, 1000.000000000000000 ) ;
#6048 = PLANE ( 'NONE',  #772 ) ;
#6049 = EDGE_LOOP ( 'NONE', ( #4461, #5894, #2257, #6256 ) ) ;
#6050 = CARTESIAN_POINT ( 'NONE',  ( -5.146920607196465269, -28.49999999999997868, 1.071694213951994712 ) ) ;
#6052 = CARTESIAN_POINT ( 'NONE',  ( 0.000000000000000000, 0.000000000000000000, 25.50000000000000000 ) ) ;
#6051 = CARTESIAN_POINT ( 'NONE',  ( -3.109937763673246813, -22.69999999999997442, 3.425226516351835393 ) ) ;
#6053 = CC_DESIGN_DATE_AND_TIME_ASSIGNMENT ( #2022, #1071, ( #6769 ) ) ;
#6054 = CARTESIAN_POINT ( 'NONE',  ( -16.75000000000000711, 100.5999999999999943, -22.00000000000000355 ) ) ;
#6055 = ORIENTED_EDGE ( 'NONE', *, *, #3232, .F. ) ;
#6056 = DIRECTION ( 'NONE',  ( -0.000000000000000000, -1.000000000000000000, -0.000000000000000000 ) ) ;
#6057 = CARTESIAN_POINT ( 'NONE',  ( -1.088273117000907231, -27.03588900051835253, -1.679762959287778301 ) ) ;
#6058 = ORIENTED_EDGE ( 'NONE', *, *, #2571, .T. ) ;
#6059 = CARTESIAN_POINT ( 'NONE',  ( -5.146920607196465269, -25.29999999999997229, 1.071694213951994712 ) ) ;
#6060 = ORIENTED_EDGE ( 'NONE', *, *, #801, .T. ) ;
#6061 = CIRCLE ( 'NONE', #4770, 1.700000000000000178 ) ;
#6062 = CARTESIAN_POINT ( 'NONE',  ( 0.8969327537763894798, -24.39999999999997726, 4.307610896448506921 ) ) ;
#6063 = CARTESIAN_POINT ( 'NONE',  ( 3.257583998163493533, -32.59999999999997300, 2.957726575413680337 ) ) ;
#6064 = CARTESIAN_POINT ( 'NONE',  ( -22.50000000000000000, 104.0000000000000142, -26.00000000000000355 ) ) ;
#6065 = CARTESIAN_POINT ( 'NONE',  ( -5.050124450252971187, -21.82259314554633889, 0.1861280006965877754 ) ) ;
#6066 = CARTESIAN_POINT ( 'NONE',  ( 0.6500000000000071276, -39.20000000000005969, 3.617060270440596081 ) ) ;
#6067 = CARTESIAN_POINT ( 'NONE',  ( -3.534020185992325924, -29.49999999999997868, 3.892302859490741618 ) ) ;
#6068 = CARTESIAN_POINT ( 'NONE',  ( -0.5026948701872614444, -31.69999999999996732, 4.599042014346875540 ) ) ;
#6069 = EDGE_LOOP ( 'NONE', ( #2062, #58 ) ) ;
#6070 = DIRECTION ( 'NONE',  ( -0.02714582538137666826, -2.769744689945855113E-16, 0.9996314841802272921 ) ) ;
#6071 = CARTESIAN_POINT ( 'NONE',  ( 2.052632178329834023, -24.59999999999997300, -4.559243483351834492 ) ) ;
#6072 = CARTESIAN_POINT ( 'NONE',  ( 1.214335818150041657, -26.73775985392726540, 1.591015555341881216 ) ) ;
#6073 = CARTESIAN_POINT ( 'NONE',  ( 2.296560377740041403, -29.09999999999997655, 4.016179778550139190 ) ) ;
#6074 = CYLINDRICAL_SURFACE ( 'NONE', #7204, 8.000000000000000000 ) ;
#6075 = CARTESIAN_POINT ( 'NONE',  ( -2.052632178329834023, -24.19999999999997442, 4.559243483351559156 ) ) ;
#6076 = LINE ( 'NONE', #3986, #6297 ) ;
#6077 = CARTESIAN_POINT ( 'NONE',  ( 3.257583998163493533, -25.99999999999997513, 2.957726575413679893 ) ) ;
#6078 = CARTESIAN_POINT ( 'NONE',  ( -4.970396450522633458, -31.79999999999997584, -0.5432854909089366302 ) ) ;
#6079 = DIRECTION ( 'NONE',  ( -0.000000000000000000, 1.000000000000000000, 0.000000000000000000 ) ) ;
#6080 = PERSON_AND_ORGANIZATION ( #960, #2371 ) ;
#6081 = CARTESIAN_POINT ( 'NONE',  ( 1.806316316930254517, -33.19999999999998153, -4.012134265349633466 ) ) ;
#6082 = VERTEX_POINT ( 'NONE', #1835 ) ;
#6083 = CARTESIAN_POINT ( 'NONE',  ( 3.534020185992327256, -29.69999999999997797, -3.892302859491017397 ) ) ;
#6084 = ADVANCED_FACE ( 'NONE', ( #2457 ), #5852, .F. ) ;
#6085 = CARTESIAN_POINT ( 'NONE',  ( 16.75000000000363798, 3.400000000000000355, -22.00000000004301270 ) ) ;
#6086 = CARTESIAN_POINT ( 'NONE',  ( -1.607871006203010958E-15, -33.99999999999997158, -6.500000000000080824 ) ) ;
#6087 = EDGE_LOOP ( 'NONE', ( #4486, #1285, #1428, #3525 ) ) ;
#6088 = CARTESIAN_POINT ( 'NONE',  ( -3.109937763673246813, -30.09999999999997300, 3.425226516351835837 ) ) ;
#6089 = CARTESIAN_POINT ( 'NONE',  ( -0.7722785993134494431, -25.40416189640115618, -1.849178164776304367 ) ) ;
#6090 = ORIENTED_EDGE ( 'NONE', *, *, #1279, .F. ) ;
#6091 = CARTESIAN_POINT ( 'NONE',  ( 2.609727701977319736, -25.89999999999997371, 4.563840657443357429 ) ) ;
#6092 = EDGE_CURVE ( 'NONE', #3688, #3225, #4967, .T. ) ;
#6093 = VERTEX_POINT ( 'NONE', #6407 ) ;
#6094 = CARTESIAN_POINT ( 'NONE',  ( -3.819613949003068498, -25.99999999999997513, 2.184158712314787198 ) ) ;
#6095 = CARTESIAN_POINT ( 'NONE',  ( -3.109937763673246813, -26.69999999999997442, 3.425226516351835393 ) ) ;
#6096 = DIRECTION ( 'NONE',  ( -5.551115123125782702E-17, 2.719624996528607027E-16, -1.000000000000000000 ) ) ;
#6097 = EDGE_CURVE ( 'NONE', #1199, #2847, #2560, .T. ) ;
#6098 = CARTESIAN_POINT ( 'NONE',  ( -4.400068223941333123, -21.81330085491685722, -0.1032646402850061901 ) ) ;
#6099 = CARTESIAN_POINT ( 'NONE',  ( -16.75000000000000000, 0.000000000000000000, 28.49999999999999645 ) ) ;
#6100 = CARTESIAN_POINT ( 'NONE',  ( -3.701799997913059581, -28.99999999999997513, -3.361052926606751701 ) ) ;
#6101 = CARTESIAN_POINT ( 'NONE',  ( 1.806316316930254740, -32.59999999999997300, -4.012134265349632578 ) ) ;
#6102 = ORIENTED_EDGE ( 'NONE', *, *, #4210, .T. ) ;
#6103 = LINE ( 'NONE', #4463, #3950 ) ;
#6104 = CARTESIAN_POINT ( 'NONE',  ( 0.1695132869726466429, -25.15877304621548660, 1.994485634647218619 ) ) ;
#6105 = EDGE_CURVE ( 'NONE', #175, #4006, #2039, .T. ) ;
#6106 = CARTESIAN_POINT ( 'NONE',  ( -2.296560377740040071, -28.09999999999997655, -4.016179778550416302 ) ) ;
#6107 = VECTOR ( 'NONE', #3741, 1000.000000000000000 ) ;
#6108 = VECTOR ( 'NONE', #6340, 1000.000000000000000 ) ;
#6109 = CARTESIAN_POINT ( 'NONE',  ( 0.8499999999999955369, 20.26087079120528145, -3.575349633252681514 ) ) ;
#6110 = CARTESIAN_POINT ( 'NONE',  ( -4.970396450522633458, -23.79999999999997229, -0.5432854909089366302 ) ) ;
#6111 = CARTESIAN_POINT ( 'NONE',  ( 4.340470396594395375, -23.59999999999997655, -2.481998536721644832 ) ) ;
#6112 = LINE ( 'NONE', #3908, #3374 ) ;
#6113 = CARTESIAN_POINT ( 'NONE',  ( 4.340470396594395375, -32.39999999999997016, -2.481998536721644832 ) ) ;
#6114 = CARTESIAN_POINT ( 'NONE',  ( -2.052632178329834023, -30.19999999999997797, 4.559243483351559156 ) ) ;
#6115 = CARTESIAN_POINT ( 'NONE',  ( 7.756130766109594329E-15, -39.40000000000005542, -2.772867569607399779E-14 ) ) ;
#6116 = CARTESIAN_POINT ( 'NONE',  ( -16.75000000000000711, 0.000000000000000000, -25.25000000000000000 ) ) ;
#6117 = ORIENTED_EDGE ( 'NONE', *, *, #2814, .F. ) ;
#6118 = CARTESIAN_POINT ( 'NONE',  ( -2.052632178329834023, -22.79999999999997584, 4.559243483351559156 ) ) ;
#6119 = DIRECTION ( 'NONE',  ( -0.000000000000000000, 1.000000000000000000, -0.000000000000000000 ) ) ;
#6120 = DIRECTION ( 'NONE',  ( -0.000000000000000000, -1.000000000000000000, -0.000000000000000000 ) ) ;
#6121 = ORIENTED_EDGE ( 'NONE', *, *, #1590, .T. ) ;
#6122 = CARTESIAN_POINT ( 'NONE',  ( 16.75000000000363798, 100.5999999999999943, -26.95000000004300844 ) ) ;
#6123 = VERTEX_POINT ( 'NONE', #4679 ) ;
#6124 = CARTESIAN_POINT ( 'NONE',  ( -1.019241765654987697, -27.39999999999997726, -4.895012382328145506 ) ) ;
#6125 = CARTESIAN_POINT ( 'NONE',  ( -3.378839599941465544, -33.70502913629285757, -2.866585323649918138 ) ) ;
#6126 = ORIENTED_EDGE ( 'NONE', *, *, #693, .T. ) ;
#6127 = AXIS2_PLACEMENT_3D ( 'NONE', #1560, #7153, #968 ) ;
#6128 = CARTESIAN_POINT ( 'NONE',  ( 0.8969327537763894798, -28.39999999999997726, 4.307610896448506921 ) ) ;
#6129 = CARTESIAN_POINT ( 'NONE',  ( -2.296560377740040071, -27.49999999999997868, -4.016179778550416302 ) ) ;
#6130 = DIRECTION ( 'NONE',  ( -0.000000000000000000, -1.000000000000000000, -0.000000000000000000 ) ) ;
#6131 = AXIS2_PLACEMENT_3D ( 'NONE', #2669, #6130, #6657 ) ;
#6132 = CARTESIAN_POINT ( 'NONE',  ( -0.8499999999999929834, -42.00000000000005684, -8.991389646815644454 ) ) ;
#6133 = DIRECTION ( 'NONE',  ( -1.249000902703301108E-16, 1.156482317317871331E-15, -1.000000000000000000 ) ) ;
#6134 = CARTESIAN_POINT ( 'NONE',  ( -4.793872293848801647, -25.09999999999997655, -2.158265195769866640 ) ) ;
#6135 = CARTESIAN_POINT ( 'NONE',  ( -2.296560377740040071, -28.89999999999997371, -4.016179778550416302 ) ) ;
#6136 = VERTEX_POINT ( 'NONE', #289 ) ;
#6137 = FACE_OUTER_BOUND ( 'NONE', #4229, .T. ) ;
#6138 = EDGE_CURVE ( 'NONE', #98, #3478, #6607, .T. ) ;
#6139 = CARTESIAN_POINT ( 'NONE',  ( -22.50000000000000000, 8.000000000000003553, 26.00000000000000355 ) ) ;
#6140 = CARTESIAN_POINT ( 'NONE',  ( 3.257583998163493533, -28.59999999999997655, 2.957726575413680337 ) ) ;
#6141 = CARTESIAN_POINT ( 'NONE',  ( 7.090428428202762467E-15, -40.30000000000006111, -2.794138016056512696E-14 ) ) ;
#6142 = CARTESIAN_POINT ( 'NONE',  ( 0.5628244182715542721, -27.51910639635441669, -1.920739822369536220 ) ) ;
#6143 = AXIS2_PLACEMENT_3D ( 'NONE', #587, #38, #1141 ) ;
#6144 = ADVANCED_FACE ( 'NONE', ( #5887 ), #4266, .T. ) ;
#6145 = DIRECTION ( 'NONE',  ( -0.000000000000000000, -1.000000000000000000, -0.000000000000000000 ) ) ;
#6146 = CARTESIAN_POINT ( 'NONE',  ( 4.340470396594395375, -30.39999999999997371, -2.481998536721644832 ) ) ;
#6147 = PLANE ( 'NONE',  #2886 ) ;
#6148 = CIRCLE ( 'NONE', #4749, 1.649999999999998579 ) ;
#6149 = CYLINDRICAL_SURFACE ( 'NONE', #6393, 3.249999999999996003 ) ;
#6150 = ORIENTED_EDGE ( 'NONE', *, *, #2169, .T. ) ;
#6151 = VECTOR ( 'NONE', #5140, 1000.000000000000000 ) ;
#6152 = CARTESIAN_POINT ( 'NONE',  ( 5.146920607196465269, -23.49999999999997158, -1.071694213952271379 ) ) ;
#6153 = CARTESIAN_POINT ( 'NONE',  ( 0.8500000000000064171, -39.40000000000006253, -8.991389646815644454 ) ) ;
#6154 = AXIS2_PLACEMENT_3D ( 'NONE', #6167, #4043, #678 ) ;
#6155 = CIRCLE ( 'NONE', #6280, 4.450000000000001066 ) ;
#6156 = VECTOR ( 'NONE', #716, 1000.000000000000000 ) ;
#6157 = DIRECTION ( 'NONE',  ( 0.000000000000000000, -0.000000000000000000, -1.000000000000000000 ) ) ;
#6158 = AXIS2_PLACEMENT_3D ( 'NONE', #4913, #7151, #5509 ) ;
#6159 = CIRCLE ( 'NONE', #5929, 2.099999999999997868 ) ;
#6160 = CARTESIAN_POINT ( 'NONE',  ( 0.8969327537763897018, -30.99999999999997868, 4.307610896448506921 ) ) ;
#6161 = ORIENTED_EDGE ( 'NONE', *, *, #4275, .T. ) ;
#6162 = AXIS2_PLACEMENT_3D ( 'NONE', #1078, #5398, #3240 ) ;
#6163 = CARTESIAN_POINT ( 'NONE',  ( -0.3320217350577721049, -25.19205104714202292, -1.973947635760331387 ) ) ;
#6164 = ORIENTED_EDGE ( 'NONE', *, *, #3194, .F. ) ;
#6165 = EDGE_CURVE ( 'NONE', #863, #2345, #3335, .T. ) ;
#6166 = CARTESIAN_POINT ( 'NONE',  ( 2.609727701977318848, -28.49999999999997513, 4.563840657443356541 ) ) ;
#6167 = CARTESIAN_POINT ( 'NONE',  ( 16.75000000000363798, 3.400000000000000355, -25.25000000004300915 ) ) ;
#6168 = ORIENTED_EDGE ( 'NONE', *, *, #5035, .F. ) ;
#6169 = CARTESIAN_POINT ( 'NONE',  ( 2.296560377740040515, -26.49999999999997868, 4.016179778550139190 ) ) ;
#6170 = AXIS2_PLACEMENT_3D ( 'NONE', #1851, #1953, #1377 ) ;
#6171 = CARTESIAN_POINT ( 'NONE',  ( 0.5026948701872619996, -27.29999999999997229, -4.599042014347151763 ) ) ;
#6172 = CARTESIAN_POINT ( 'NONE',  ( 1.969130796841484915E-15, -25.15000000000002700, -2.000000000000040856 ) ) ;
#6173 = EDGE_LOOP ( 'NONE', ( #468, #3248 ) ) ;
#6174 = CARTESIAN_POINT ( 'NONE',  ( -0.002820984294130677184, -22.06763614855910305, 4.574857538884855579 ) ) ;
#6175 = VECTOR ( 'NONE', #5077, 1000.000000000000114 ) ;
#6176 = LINE ( 'NONE', #6771, #3935 ) ;
#6177 = CONICAL_SURFACE ( 'NONE', #7110, 3.674999999999999822, 0.7853981633974959076 ) ;
#6178 = ORIENTED_EDGE ( 'NONE', *, *, #6903, .T. ) ;
#6179 = CARTESIAN_POINT ( 'NONE',  ( 1.806316316930254740, -24.59999999999997300, -4.012134265349632578 ) ) ;
#6180 = EDGE_LOOP ( 'NONE', ( #3504, #3050 ) ) ;
#6181 = ADVANCED_FACE ( 'NONE', ( #6503 ), #3718, .T. ) ;
#6182 = CARTESIAN_POINT ( 'NONE',  ( -17.50000000000000000, 98.00000000000000000, -31.00000000000000000 ) ) ;
#6183 = CC_DESIGN_SECURITY_CLASSIFICATION ( #6769, ( #3418 ) ) ;
#6184 = CARTESIAN_POINT ( 'NONE',  ( -17.50000000000000000, 98.00000000000000000, -31.00000000000000000 ) ) ;
#6185 = CARTESIAN_POINT ( 'NONE',  ( 0.5026948701872619996, -27.29999999999997229, -4.599042014347151763 ) ) ;
#6186 = DIRECTION ( 'NONE',  ( -5.551115123125779621E-17, 0.000000000000000000, -1.000000000000000000 ) ) ;
#6187 = CARTESIAN_POINT ( 'NONE',  ( -4.340470396594395375, -21.99999999999997868, 2.481998536721368165 ) ) ;
#6188 = CARTESIAN_POINT ( 'NONE',  ( 2.609727701977319736, -23.09999999999997300, 4.563840657443357429 ) ) ;
#6189 = CARTESIAN_POINT ( 'NONE',  ( -4.448502578066734571E-15, 20.26087079120528145, 1.999999999999988010 ) ) ;
#6190 = CARTESIAN_POINT ( 'NONE',  ( -2.609727701977318404, -32.89999999999997016, -4.563840657443636317 ) ) ;
#6191 = CARTESIAN_POINT ( 'NONE',  ( -4.340470396594395375, -27.99999999999997513, 2.481998536721368165 ) ) ;
#6192 = FACE_OUTER_BOUND ( 'NONE', #4800, .T. ) ;
#6193 = ORIENTED_EDGE ( 'NONE', *, *, #5232, .F. ) ;
#6194 = CARTESIAN_POINT ( 'NONE',  ( 4.529290134332890183, -32.89999999999997016, -0.9430909082780154495 ) ) ;
#6195 = ORIENTED_EDGE ( 'NONE', *, *, #2583, .T. ) ;
#6196 = CARTESIAN_POINT ( 'NONE',  ( 3.534020185992327256, -25.69999999999997442, -3.892302859491017397 ) ) ;
#6197 = DIRECTION ( 'NONE',  ( -0.000000000000000000, -1.000000000000000000, -0.000000000000000000 ) ) ;
#6198 = DIRECTION ( 'NONE',  ( 0.7071067811865474617, 0.000000000000000000, -0.7071067811865474617 ) ) ;
#6199 = EDGE_CURVE ( 'NONE', #3394, #6428, #5953, .T. ) ;
#6200 = CARTESIAN_POINT ( 'NONE',  ( -1.806316316930254073, -30.79999999999997939, 4.012134265349355466 ) ) ;
#6201 = VERTEX_POINT ( 'NONE', #3148 ) ;
#6202 = CARTESIAN_POINT ( 'NONE',  ( -6.245004513516469795E-17, 107.0000000000000000, 3.802513859341206116E-15 ) ) ;
#6203 = EDGE_LOOP ( 'NONE', ( #2511, #3105, #4255, #1813 ) ) ;
#6204 = CARTESIAN_POINT ( 'NONE',  ( 0.5712441706673430097, -27.29999999999997229, -5.226184107212652918 ) ) ;
#6205 = CARTESIAN_POINT ( 'NONE',  ( 22.50000000000000000, 104.0000000000000142, -26.00000000000000355 ) ) ;
#6206 = ORIENTED_EDGE ( 'NONE', *, *, #3955, .F. ) ;
#6207 = CARTESIAN_POINT ( 'NONE',  ( -4.529290134332890183, -25.89999999999997016, 0.9430909082777386709 ) ) ;
#6208 = CARTESIAN_POINT ( 'NONE',  ( 2.296560377740040515, -26.49999999999997868, 4.016179778550139190 ) ) ;
#6209 = APPLICATION_CONTEXT ( 'configuration controlled 3d designs of mechanical parts and assemblies' ) ;
#6210 = FACE_OUTER_BOUND ( 'NONE', #3995, .T. ) ;
#6211 = ORIENTED_EDGE ( 'NONE', *, *, #3564, .F. ) ;
#6212 = CARTESIAN_POINT ( 'NONE',  ( -3.022433601639870293, -21.94823390861711587, 3.256544134634935972 ) ) ;
#6213 = DIRECTION ( 'NONE',  ( 0.000000000000000000, -1.000000000000000000, -0.000000000000000000 ) ) ;
#6214 = VERTEX_POINT ( 'NONE', #1938 ) ;
#6215 = CARTESIAN_POINT ( 'NONE',  ( -4.218607618586945662, -25.09999999999997655, -1.899273372277499039 ) ) ;
#6216 = ORIENTED_EDGE ( 'NONE', *, *, #1162, .T. ) ;
#6217 = CARTESIAN_POINT ( 'NONE',  ( 8.245771385204750056E-15, -42.00000000000004974, -2.843577819517145131E-14 ) ) ;
#6218 = DIRECTION ( 'NONE',  ( 0.000000000000000000, 0.000000000000000000, -1.000000000000000000 ) ) ;
#6219 = CARTESIAN_POINT ( 'NONE',  ( 4.529290134332890183, -22.89999999999997371, -0.9430909082780154495 ) ) ;
#6220 = VECTOR ( 'NONE', #303, 1000.000000000000000 ) ;
#6221 = DIRECTION ( 'NONE',  ( 0.9996314841802272921, 2.017120320903264195E-16, 0.02714582538137666826 ) ) ;
#6222 = CARTESIAN_POINT ( 'NONE',  ( 2.052632178329834467, -23.19999999999997797, -4.559243483351837156 ) ) ;
#6223 = CARTESIAN_POINT ( 'NONE',  ( 7.228825484007122693E-15, -36.60000000000005826, -2.696718069704596873E-14 ) ) ;
#6224 = CARTESIAN_POINT ( 'NONE',  ( -2.052632178329834023, -31.59999999999996589, 4.559243483351559156 ) ) ;
#6225 = CARTESIAN_POINT ( 'NONE',  ( -3.701799997913060025, -27.59999999999997655, -3.361052926606751257 ) ) ;
#6226 = DIRECTION ( 'NONE',  ( 1.084683744678891232E-30, 1.000000000000000000, 9.740822494929354281E-16 ) ) ;
#6227 = ORIENTED_EDGE ( 'NONE', *, *, #3126, .T. ) ;
#6228 = CARTESIAN_POINT ( 'NONE',  ( 5.146920607196465269, -24.89999999999997371, -1.071694213952270935 ) ) ;
#6229 = ADVANCED_FACE ( 'NONE', ( #944 ), #410, .F. ) ;
#6230 = CARTESIAN_POINT ( 'NONE',  ( -4.218607618586945662, -29.69999999999997442, -1.899273372277498817 ) ) ;
#6231 = CARTESIAN_POINT ( 'NONE',  ( 4.218607618586947439, -32.69999999999997442, 1.899273372277220817 ) ) ;
#6232 = ORIENTED_EDGE ( 'NONE', *, *, #5611, .F. ) ;
#6233 = CARTESIAN_POINT ( 'NONE',  ( -4.970396450522633458, -26.39999999999997371, -0.5432854909089367412 ) ) ;
#6234 = CARTESIAN_POINT ( 'NONE',  ( -16.75000000000000711, 104.0000000000000142, 25.25000000000000000 ) ) ;
#6235 = AXIS2_PLACEMENT_3D ( 'NONE', #4436, #6042, #4358 ) ;
#6236 = EDGE_CURVE ( 'NONE', #2345, #140, #4780, .T. ) ;
#6237 = CARTESIAN_POINT ( 'NONE',  ( -1.806316316930254073, -22.79999999999997584, 4.012134265349355466 ) ) ;
#6238 = DIRECTION ( 'NONE',  ( 0.000000000000000000, 0.000000000000000000, 1.000000000000000000 ) ) ;
#6239 = CIRCLE ( 'NONE', #1802, 3.249999999999996003 ) ;
#6240 = ORIENTED_EDGE ( 'NONE', *, *, #4484, .T. ) ;
#6241 = DIRECTION ( 'NONE',  ( -0.000000000000000000, 1.000000000000000000, -0.000000000000000000 ) ) ;
#6242 = ORIENTED_EDGE ( 'NONE', *, *, #2601, .F. ) ;
#6243 = CARTESIAN_POINT ( 'NONE',  ( 2.609727701977318848, -30.49999999999997868, 4.563840657443356541 ) ) ;
#6244 = DIRECTION ( 'NONE',  ( 0.7071067811865474617, 0.000000000000000000, -0.7071067811865474617 ) ) ;
#6245 = ORIENTED_EDGE ( 'NONE', *, *, #3232, .T. ) ;
#6246 = ADVANCED_FACE ( 'NONE', ( #3183 ), #802, .T. ) ;
#6247 = CARTESIAN_POINT ( 'NONE',  ( 0.8969327537763897018, -29.79999999999997229, 4.307610896448506921 ) ) ;
#6248 = EDGE_CURVE ( 'NONE', #7188, #1534, #3664, .T. ) ;
#6249 = CARTESIAN_POINT ( 'NONE',  ( -4.373948876459917479, -31.79999999999997584, -0.4780912319998809612 ) ) ;
#6250 = CARTESIAN_POINT ( 'NONE',  ( -0.2389101988425110512, -34.32441636336011470, -1.988710403826711604 ) ) ;
#6251 = ORIENTED_EDGE ( 'NONE', *, *, #5173, .T. ) ;
#6252 = PLANE ( 'NONE',  #7229 ) ;
#6253 = DIRECTION ( 'NONE',  ( 0.000000000000000000, 0.000000000000000000, 1.000000000000000000 ) ) ;
#6254 = VERTEX_POINT ( 'NONE', #3580 ) ;
#6255 = CARTESIAN_POINT ( 'NONE',  ( -3.257583998163493533, -24.99999999999997158, -2.957726575413957892 ) ) ;
#6256 = ORIENTED_EDGE ( 'NONE', *, *, #6691, .F. ) ;
#6257 = FACE_OUTER_BOUND ( 'NONE', #3453, .T. ) ;
#6258 = DIRECTION ( 'NONE',  ( -0.000000000000000000, -1.000000000000000000, -0.000000000000000000 ) ) ;
#6259 = CARTESIAN_POINT ( 'NONE',  ( -1.806316316930254073, -26.19999999999997797, 4.012134265349355466 ) ) ;
#6260 = CARTESIAN_POINT ( 'NONE',  ( 3.511711140156078071E-31, 43.61806232061201882, 9.745349977981016305E-16 ) ) ;
#6261 = AXIS2_PLACEMENT_3D ( 'NONE', #4711, #7018, #2005 ) ;
#6262 = PLANE ( 'NONE',  #3362 ) ;
#6263 = CARTESIAN_POINT ( 'NONE',  ( -5.146920607196465269, -22.49999999999997513, 1.071694213951994712 ) ) ;
#6264 = DIRECTION ( 'NONE',  ( -1.249000902703301108E-16, 9.199291160483069060E-16, -1.000000000000000000 ) ) ;
#6265 = DIRECTION ( 'NONE',  ( -0.9377796628086615405, 0.000000000000000000, 0.3472309087948148298 ) ) ;
#6266 = VERTEX_POINT ( 'NONE', #5918 ) ;
#6267 = CARTESIAN_POINT ( 'NONE',  ( 4.373948876459917479, -26.79999999999997584, 0.4780912319996028503 ) ) ;
#6268 = AXIS2_PLACEMENT_3D ( 'NONE', #4352, #6591, #404 ) ;
#6269 = CARTESIAN_POINT ( 'NONE',  ( 4.218607618586947439, -26.69999999999996376, 1.899273372277220817 ) ) ;
#6270 = VERTEX_POINT ( 'NONE', #360 ) ;
#6271 = CARTESIAN_POINT ( 'NONE',  ( 16.75000000000363798, 0.000000000000000000, -25.25000000004300915 ) ) ;
#6272 = EDGE_CURVE ( 'NONE', #4082, #2931, #3043, .T. ) ;
#6273 = VECTOR ( 'NONE', #5160, 1000.000000000000000 ) ;
#6274 = AXIS2_PLACEMENT_3D ( 'NONE', #7108, #2101, #1928 ) ;
#6275 = CARTESIAN_POINT ( 'NONE',  ( -17.50000000000000000, 98.00000000000000000, -31.00000000000000000 ) ) ;
#6276 = CC_DESIGN_PERSON_AND_ORGANIZATION_ASSIGNMENT ( #7068, #4395, ( #3418 ) ) ;
#6277 = AXIS2_PLACEMENT_3D ( 'NONE', #1787, #135, #2876 ) ;
#6278 = CARTESIAN_POINT ( 'NONE',  ( -4.314595520699779140E-15, 20.26087079120528145, -1.147109435903499829E-14 ) ) ;
#6279 = ORIENTED_EDGE ( 'NONE', *, *, #938, .F. ) ;
#6280 = AXIS2_PLACEMENT_3D ( 'NONE', #2959, #3070, #2994 ) ;
#6281 = CARTESIAN_POINT ( 'NONE',  ( -2.052632178329834023, -30.19999999999997797, 4.559243483351559156 ) ) ;
#6282 = CARTESIAN_POINT ( 'NONE',  ( 1.948328284467785375E-17, -27.99999999999998934, 7.999999999999930722 ) ) ;
#6283 = ORIENTED_EDGE ( 'NONE', *, *, #5071, .T. ) ;
#6284 = CARTESIAN_POINT ( 'NONE',  ( -0.5026948701872614444, -22.29999999999997229, 4.599042014346876428 ) ) ;
#6285 = CARTESIAN_POINT ( 'NONE',  ( -2.296560377740040071, -31.49999999999997513, -4.016179778550416302 ) ) ;
#6286 = DIRECTION ( 'NONE',  ( -1.249000902703301108E-16, 9.912705577010326536E-16, -1.000000000000000000 ) ) ;
#6287 = AXIS2_PLACEMENT_3D ( 'NONE', #1779, #597, #631 ) ;
#6288 = AXIS2_PLACEMENT_3D ( 'NONE', #6608, #7197, #3853 ) ;
#6289 = CIRCLE ( 'NONE', #5930, 0.5000000000000012212 ) ;
#6291 = EDGE_CURVE ( 'NONE', #7024, #465, #7047, .T. ) ;
#6290 = ORIENTED_EDGE ( 'NONE', *, *, #1318, .T. ) ;
#6292 = DIRECTION ( 'NONE',  ( 0.000000000000000000, 0.000000000000000000, 1.000000000000000000 ) ) ;
#6293 = CARTESIAN_POINT ( 'NONE',  ( 0.8500000000000070832, -40.53628132173995624, 3.116597091726395874 ) ) ;
#6294 = EDGE_LOOP ( 'NONE', ( #5741, #5999 ) ) ;
#6295 = CARTESIAN_POINT ( 'NONE',  ( -0.8969327537763891467, -26.79999999999997584, -4.307610896448784921 ) ) ;
#6296 = ORIENTED_EDGE ( 'NONE', *, *, #2831, .T. ) ;
#6297 = VECTOR ( 'NONE', #554, 1000.000000000000114 ) ;
#6298 = CARTESIAN_POINT ( 'NONE',  ( -16.75000000000000711, 104.0000000000000142, -25.25000000000000000 ) ) ;
#6299 = FACE_OUTER_BOUND ( 'NONE', #7079, .T. ) ;
#6300 = AXIS2_PLACEMENT_3D ( 'NONE', #3271, #7182, #4392 ) ;
#6301 = EDGE_CURVE ( 'NONE', #1515, #3398, #1126, .T. ) ;
#6302 = CARTESIAN_POINT ( 'NONE',  ( 4.373948876459917479, -24.79999999999997584, 0.4780912319996028503 ) ) ;
#6303 = CARTESIAN_POINT ( 'NONE',  ( -16.75000000000000711, 100.5999999999999943, 23.55000000000000071 ) ) ;
#6304 = DIRECTION ( 'NONE',  ( -1.883233150365925861E-16, 1.000000000000000000, 2.719624996528607520E-16 ) ) ;
#6305 = FACE_OUTER_BOUND ( 'NONE', #6865, .T. ) ;
#6306 = CIRCLE ( 'NONE', #109, 0.2999999999999999334 ) ;
#6307 = DIRECTION ( 'NONE',  ( 2.081668171172362031E-17, -1.000000000000000000, -1.110223024625137558E-16 ) ) ;
#6308 = ORIENTED_EDGE ( 'NONE', *, *, #1331, .F. ) ;
#6309 = CARTESIAN_POINT ( 'NONE',  ( 4.793872293848801647, -26.69999999999996376, 2.158265195769587308 ) ) ;
#6310 = CARTESIAN_POINT ( 'NONE',  ( 3.257583998163493533, -26.59999999999997655, 2.957726575413680337 ) ) ;
#6311 = CARTESIAN_POINT ( 'NONE',  ( 0.8969327537763894798, -24.39999999999997726, 4.307610896448506921 ) ) ;
#6312 = DIRECTION ( 'NONE',  ( 1.084683744678891232E-30, 1.000000000000000000, 9.740822494929354281E-16 ) ) ;
#6313 = DIRECTION ( 'NONE',  ( -1.883233150365978123E-16, 1.000000000000000000, 2.719624996528670136E-16 ) ) ;
#6314 = CARTESIAN_POINT ( 'NONE',  ( -4.218607618586945662, -30.29999999999997229, -1.899273372277499039 ) ) ;
#6315 = CARTESIAN_POINT ( 'NONE',  ( 0.8500000000000071942, -39.40000000000006253, 3.575349633252641990 ) ) ;
#6316 = EDGE_CURVE ( 'NONE', #1582, #465, #4975, .T. ) ;
#6317 = DIRECTION ( 'NONE',  ( -0.000000000000000000, 1.000000000000000000, 0.000000000000000000 ) ) ;
#6318 = ORIENTED_EDGE ( 'NONE', *, *, #5488, .T. ) ;
#6319 = CARTESIAN_POINT ( 'NONE',  ( 2.609727701977318848, -24.49999999999996447, 4.563840657443356541 ) ) ;
#6320 = CARTESIAN_POINT ( 'NONE',  ( -16.75000000000000000, 3.400000000000000355, 23.54999999999998650 ) ) ;
#6321 = ORIENTED_EDGE ( 'NONE', *, *, #2318, .F. ) ;
#6322 = CARTESIAN_POINT ( 'NONE',  ( -4.218607618586945662, -29.09999999999997655, -1.899273372277499039 ) ) ;
#6323 = CARTESIAN_POINT ( 'NONE',  ( -16.26345596729044374, 10.00000000000000000, 17.91345596729075140 ) ) ;
#6324 = CARTESIAN_POINT ( 'NONE',  ( -2.296560377740040071, -24.09999999999997300, -4.016179778550416302 ) ) ;
#6325 = DIRECTION ( 'NONE',  ( 1.249000902703301108E-16, -1.067522139062650671E-15, 1.000000000000000000 ) ) ;
#6326 = ORIENTED_EDGE ( 'NONE', *, *, #3305, .T. ) ;
#6327 = CARTESIAN_POINT ( 'NONE',  ( -17.50000000000000000, 8.000000000000003553, -31.00000000000000000 ) ) ;
#6328 = EDGE_CURVE ( 'NONE', #3428, #1335, #5081, .T. ) ;
#6329 = LINE ( 'NONE', #753, #2198 ) ;
#6330 = CARTESIAN_POINT ( 'NONE',  ( -1.019241765654987697, -32.79999999999997584, -4.895012382328145506 ) ) ;
#6331 = VERTEX_POINT ( 'NONE', #394 ) ;
#6332 = CARTESIAN_POINT ( 'NONE',  ( 4.410424890600285863, 107.0000000000000000, 11.91140149678900784 ) ) ;
#6333 = DIRECTION ( 'NONE',  ( 5.551115123125782702E-17, -2.719624996528607027E-16, 1.000000000000000000 ) ) ;
#6334 = DIRECTION ( 'NONE',  ( 1.084683744678891232E-30, 1.000000000000000000, 9.740822494929354281E-16 ) ) ;
#6335 = CARTESIAN_POINT ( 'NONE',  ( 7.831460092124234036E-15, -39.80000000000005400, -2.783746069593514254E-14 ) ) ;
#6336 = DIRECTION ( 'NONE',  ( -0.000000000000000000, 1.000000000000000000, -0.000000000000000000 ) ) ;
#6337 = DIRECTION ( 'NONE',  ( 0.000000000000000000, 0.000000000000000000, 1.000000000000000000 ) ) ;
#6338 = EDGE_CURVE ( 'NONE', #2196, #502, #2012, .T. ) ;
#6339 = EDGE_CURVE ( 'NONE', #2074, #216, #7196, .T. ) ;
#6340 = DIRECTION ( 'NONE',  ( -0.000000000000000000, 1.000000000000000000, -0.000000000000000000 ) ) ;
#6341 = ORIENTED_EDGE ( 'NONE', *, *, #251, .F. ) ;
#6342 = CARTESIAN_POINT ( 'NONE',  ( -0.5712441706673427877, -22.29999999999997229, 5.226184107212377583 ) ) ;
#6343 = CARTESIAN_POINT ( 'NONE',  ( 3.257583998163493533, -24.59999999999997655, 2.957726575413680337 ) ) ;
#6344 = CARTESIAN_POINT ( 'NONE',  ( -3.257583998163493089, -23.59999999999997655, -2.957726575413957892 ) ) ;
#6345 = CARTESIAN_POINT ( 'NONE',  ( -3.701799997913060025, -33.59999999999998010, -3.361052926606751257 ) ) ;
#6346 = DIRECTION ( 'NONE',  ( 0.000000000000000000, -0.000000000000000000, 1.000000000000000000 ) ) ;
#6347 = CARTESIAN_POINT ( 'NONE',  ( 1.019241765654988141, -32.39999999999997726, 4.895012382327868394 ) ) ;
#6348 = PERSON_AND_ORGANIZATION_ROLE ( 'design_owner' ) ;
#6349 = AXIS2_PLACEMENT_3D ( 'NONE', #4875, #2693, #4914 ) ;
#6350 = AXIS2_PLACEMENT_3D ( 'NONE', #4607, #4105, #6851 ) ;
#6351 = FACE_BOUND ( 'NONE', #2663, .T. ) ;
#6352 = ORIENTED_EDGE ( 'NONE', *, *, #5911, .F. ) ;
#6353 = CARTESIAN_POINT ( 'NONE',  ( -4.793872293848800759, -23.69999999999997087, -2.158265195769866640 ) ) ;
#6354 = DIRECTION ( 'NONE',  ( -0.000000000000000000, -1.000000000000000000, -0.000000000000000000 ) ) ;
#6355 = EDGE_LOOP ( 'NONE', ( #479, #2833, #5439, #7124 ) ) ;
#6356 = ADVANCED_FACE ( 'NONE', ( #4341 ), #6545, .F. ) ;
#6357 = CARTESIAN_POINT ( 'NONE',  ( 3.819613949003068498, -24.99999999999997513, -2.184158712315064310 ) ) ;
#6358 = DIRECTION ( 'NONE',  ( -1.883233150365925861E-16, 1.000000000000000000, 2.719624996528607520E-16 ) ) ;
#6359 = ORIENTED_EDGE ( 'NONE', *, *, #2505, .T. ) ;
#6360 = CARTESIAN_POINT ( 'NONE',  ( 8.500000000000001776, 104.0000000000000142, 3.841510274385199875 ) ) ;
#6361 = DIRECTION ( 'NONE',  ( -0.000000000000000000, -1.000000000000000000, -0.000000000000000000 ) ) ;
#6362 = ORIENTED_EDGE ( 'NONE', *, *, #524, .T. ) ;
#6363 = CARTESIAN_POINT ( 'NONE',  ( -3.701799997913059581, -30.99999999999997868, -3.361052926606751701 ) ) ;
#6364 = ORIENTED_EDGE ( 'NONE', *, *, #249, .F. ) ;
#6365 = DIRECTION ( 'NONE',  ( -0.9996314841802270701, 0.000000000000000000, -0.02714582538137666479 ) ) ;
#6366 = EDGE_CURVE ( 'NONE', #6773, #1795, #6958, .T. ) ;
#6367 = CARTESIAN_POINT ( 'NONE',  ( -0.7025099089807124164, -39.19999999999680540, 3.607624032643902634 ) ) ;
#6368 = DIRECTION ( 'NONE',  ( 0.9996314841802270701, 2.168404344971008621E-16, 0.02714582538137666479 ) ) ;
#6369 = DIRECTION ( 'NONE',  ( 0.9996314841802270701, 2.168404344971008621E-16, 0.02714582538137666479 ) ) ;
#6370 = CARTESIAN_POINT ( 'NONE',  ( 22.50000000000000000, 0.000000000000000000, -26.00000000000000355 ) ) ;
#6371 = DIRECTION ( 'NONE',  ( -0.9857564655421142685, -1.848553963265455164E-18, -0.1681790434088577535 ) ) ;
#6372 = CIRCLE ( 'NONE', #2629, 2.099999999999997868 ) ;
#6373 = DIRECTION ( 'NONE',  ( -0.9996314841802270701, 0.000000000000000000, -0.02714582538137666479 ) ) ;
#6374 = ORIENTED_EDGE ( 'NONE', *, *, #3698, .F. ) ;
#6375 = CARTESIAN_POINT ( 'NONE',  ( 5.146920607196465269, -22.89999999999997371, -1.071694213952270935 ) ) ;
#6376 = CIRCLE ( 'NONE', #996, 7.230910042229491630 ) ;
#6377 = DIRECTION ( 'NONE',  ( 5.551115123125782702E-17, -2.719624996528607027E-16, 1.000000000000000000 ) ) ;
#6378 = ADVANCED_FACE ( 'NONE', ( #1089 ), #6578, .F. ) ;
#6379 = CARTESIAN_POINT ( 'NONE',  ( -1.806316316930254073, -30.19999999999997797, 4.012134265349355466 ) ) ;
#6380 = CARTESIAN_POINT ( 'NONE',  ( -0.5026948701872614444, -28.29999999999996874, 4.599042014346876428 ) ) ;
#6381 = FACE_OUTER_BOUND ( 'NONE', #4126, .T. ) ;
#6382 = CARTESIAN_POINT ( 'NONE',  ( 16.74999999999999289, 0.000000000000000000, 25.25000000000000000 ) ) ;
#6383 = CARTESIAN_POINT ( 'NONE',  ( -4.340470396594395375, -21.39999999999997371, 2.481998536721367721 ) ) ;
#6384 = CARTESIAN_POINT ( 'NONE',  ( 3.109937763673246813, -25.69999999999997442, -3.425226516352113837 ) ) ;
#6385 = CARTESIAN_POINT ( 'NONE',  ( -1.806316316930254073, -28.79999999999997584, 4.012134265349355466 ) ) ;
#6386 = EDGE_CURVE ( 'NONE', #101, #3669, #2167, .T. ) ;
#6387 = CARTESIAN_POINT ( 'NONE',  ( -5.834981137867143393E-29, -10.49999999999998934, -5.174090888566251563E-14 ) ) ;
#6388 = ORIENTED_EDGE ( 'NONE', *, *, #5101, .T. ) ;
#6389 = CARTESIAN_POINT ( 'NONE',  ( -4.970396450522633458, -23.79999999999997229, -0.5432854909089366302 ) ) ;
#6390 = CARTESIAN_POINT ( 'NONE',  ( -16.26345596729044374, 10.00000000000000000, 16.26345596729075282 ) ) ;
#6391 = EDGE_LOOP ( 'NONE', ( #6242, #6759, #5302, #5223 ) ) ;
#6392 = AXIS2_PLACEMENT_3D ( 'NONE', #7104, #5500, #484 ) ;
#6393 = AXIS2_PLACEMENT_3D ( 'NONE', #6116, #3421, #2170 ) ;
#6394 = CARTESIAN_POINT ( 'NONE',  ( 3.109937763673247257, -25.09999999999996234, -3.425226516352112061 ) ) ;
#6395 = DIRECTION ( 'NONE',  ( -5.551115123125799958E-17, 0.000000000000000000, -1.000000000000000000 ) ) ;
#6396 = AXIS2_PLACEMENT_3D ( 'NONE', #5073, #6727, #6133 ) ;
#6397 = ORIENTED_EDGE ( 'NONE', *, *, #3990, .F. ) ;
#6398 = DIRECTION ( 'NONE',  ( -1.883233150365978123E-16, 1.000000000000000000, 2.719624996528670136E-16 ) ) ;
#6399 = EDGE_CURVE ( 'NONE', #1655, #3701, #6376, .T. ) ;
#6400 = CYLINDRICAL_SURFACE ( 'NONE', #3011, 6.299999999999998934 ) ;
#6401 = ORIENTED_EDGE ( 'NONE', *, *, #1727, .F. ) ;
#6402 = CARTESIAN_POINT ( 'NONE',  ( -2.609727701977318404, -30.89999999999997371, -4.563840657443636317 ) ) ;
#6403 = VERTEX_POINT ( 'NONE', #6064 ) ;
#6404 = CARTESIAN_POINT ( 'NONE',  ( 2.609727701977319736, -31.09999999999996945, 4.563840657443357429 ) ) ;
#6405 = DIRECTION ( 'NONE',  ( 0.000000000000000000, 1.000000000000000000, 0.000000000000000000 ) ) ;
#6406 = AXIS2_PLACEMENT_3D ( 'NONE', #744, #6938, #4730 ) ;
#6407 = CARTESIAN_POINT ( 'NONE',  ( 4.828467910922310658E-15, -39.20000000000005969, 1.999999999999971356 ) ) ;
#6408 = DIRECTION ( 'NONE',  ( 1.883233150365978123E-16, -1.000000000000000000, -2.719624996528670136E-16 ) ) ;
#6409 = AXIS2_PLACEMENT_3D ( 'NONE', #1635, #4442, #3203 ) ;
#6410 = DIRECTION ( 'NONE',  ( 0.000000000000000000, 0.000000000000000000, 1.000000000000000000 ) ) ;
#6411 = CIRCLE ( 'NONE', #6162, 6.299999999999998934 ) ;
#6412 = ADVANCED_FACE ( 'NONE', ( #1054 ), #3859, .F. ) ;
#6413 = CARTESIAN_POINT ( 'NONE',  ( 0.08491925327926294620, -27.65000000000005898, -2.000000000000024425 ) ) ;
#6414 = DIRECTION ( 'NONE',  ( -0.9996314841802270701, 0.000000000000000000, -0.02714582538137666479 ) ) ;
#6415 = AXIS2_PLACEMENT_3D ( 'NONE', #2750, #1186, #519 ) ;
#6416 = FACE_OUTER_BOUND ( 'NONE', #2569, .T. ) ;
#6417 = EDGE_LOOP ( 'NONE', ( #5063, #1245 ) ) ;
#6418 = CARTESIAN_POINT ( 'NONE',  ( 6.781000381201734761, 115.6000000000000369, -2.510795465376894242 ) ) ;
#6419 = ADVANCED_FACE ( 'NONE', ( #536 ), #877, .F. ) ;
#6420 = CIRCLE ( 'NONE', #7245, 0.5000000000000012212 ) ;
#6421 = CARTESIAN_POINT ( 'NONE',  ( -3.109937763673246813, -24.09999999999996589, 3.425226516351835393 ) ) ;
#6422 = VECTOR ( 'NONE', #3139, 1000.000000000000000 ) ;
#6423 = CARTESIAN_POINT ( 'NONE',  ( -7.570475129353368244E-29, -26.49999999999998224, -6.732622487754946985E-14 ) ) ;
#6424 = DIRECTION ( 'NONE',  ( -1.084683744678891232E-30, -1.000000000000000000, -9.740822494929354281E-16 ) ) ;
#6425 = CARTESIAN_POINT ( 'NONE',  ( 0.5712441706673430097, -22.69999999999997442, -5.226184107212654695 ) ) ;
#6426 = CARTESIAN_POINT ( 'NONE',  ( 3.257583998163493533, -29.19999999999997797, 2.957726575413679893 ) ) ;
#6427 = DIRECTION ( 'NONE',  ( -0.9377796628086615405, -5.807183573696489173E-17, 0.3472309087948147743 ) ) ;
#6428 = VERTEX_POINT ( 'NONE', #5003 ) ;
#6429 = CARTESIAN_POINT ( 'NONE',  ( 4.793872293848801647, -26.69999999999996376, 2.158265195769587308 ) ) ;
#6430 = CARTESIAN_POINT ( 'NONE',  ( -4.298415381974969307, -41.85000000000005116, -0.1167270491399483578 ) ) ;
#6431 = ORIENTED_EDGE ( 'NONE', *, *, #5355, .T. ) ;
#6432 = EDGE_CURVE ( 'NONE', #2141, #4549, #1116, .T. ) ;
#6433 = FACE_BOUND ( 'NONE', #1424, .T. ) ;
#6434 = ORIENTED_EDGE ( 'NONE', *, *, #4610, .F. ) ;
#6435 = CARTESIAN_POINT ( 'NONE',  ( -22.50000000000000000, 0.000000000000000000, -26.00000000000000355 ) ) ;
#6436 = DIRECTION ( 'NONE',  ( -1.249000902703301108E-16, 1.101411730778925368E-15, -1.000000000000000000 ) ) ;
#6437 = VERTEX_POINT ( 'NONE', #2374 ) ;
#6438 = CARTESIAN_POINT ( 'NONE',  ( -0.5712441706673425657, -31.69999999999996732, 5.226184107212376695 ) ) ;
#6439 = EDGE_LOOP ( 'NONE', ( #1737, #2183, #6245, #5879 ) ) ;
#6440 = CARTESIAN_POINT ( 'NONE',  ( -3.674999999999992717, -42.00000000000005684, -2.819971292920011586E-14 ) ) ;
#6441 = AXIS2_PLACEMENT_3D ( 'NONE', #4147, #3131, #4692 ) ;
#6442 = DIRECTION ( 'NONE',  ( -5.551115123125779621E-17, 0.000000000000000000, -1.000000000000000000 ) ) ;
#6443 = CARTESIAN_POINT ( 'NONE',  ( -4.373948876459917479, -31.79999999999997584, -0.4780912319998809612 ) ) ;
#6444 = CARTESIAN_POINT ( 'NONE',  ( 0.6500000000000069056, -39.20000000000005969, -1.891428031937800736 ) ) ;
#6445 = DIRECTION ( 'NONE',  ( -0.000000000000000000, -1.000000000000000000, -0.000000000000000000 ) ) ;
#6446 = CARTESIAN_POINT ( 'NONE',  ( 1.674477191708585000, -33.50821867612373239, -4.316831513229402617 ) ) ;
#6447 = CARTESIAN_POINT ( 'NONE',  ( 3.409574497832740625E-17, 43.61806232061201172, 14.00000000000000178 ) ) ;
#6448 = CYLINDRICAL_SURFACE ( 'NONE', #5654, 1.700000000000007061 ) ;
#6449 = ORIENTED_EDGE ( 'NONE', *, *, #4898, .F. ) ;
#6450 = CARTESIAN_POINT ( 'NONE',  ( -0.5026948701872614444, -22.29999999999997229, 4.599042014346876428 ) ) ;
#6451 = CARTESIAN_POINT ( 'NONE',  ( -4.529290134332890183, -29.89999999999997371, 0.9430909082777386709 ) ) ;
#6452 = CARTESIAN_POINT ( 'NONE',  ( -0.5712441706673426767, -30.29999999999997229, 5.226184107212377583 ) ) ;
#6453 = DIRECTION ( 'NONE',  ( -1.883233150365925861E-16, 1.000000000000000000, 2.719624996528607027E-16 ) ) ;
#6454 = CARTESIAN_POINT ( 'NONE',  ( -4.218607618586945662, -33.09999999999997300, -1.899273372277499039 ) ) ;
#6455 = ADVANCED_FACE ( 'NONE', ( #1316, #6210 ), #4626, .F. ) ;
#6456 = EDGE_CURVE ( 'NONE', #5812, #2196, #2205, .T. ) ;
#6457 = CARTESIAN_POINT ( 'NONE',  ( -0.8499999999999965361, -39.34501480980346599, 1.810386699023153856 ) ) ;
#6458 = ORIENTED_EDGE ( 'NONE', *, *, #1948, .T. ) ;
#6459 = CARTESIAN_POINT ( 'NONE',  ( -2.052632178329834023, -26.19999999999997797, 4.559243483351559156 ) ) ;
#6460 = DIRECTION ( 'NONE',  ( 0.000000000000000000, 0.000000000000000000, 1.000000000000000000 ) ) ;
#6461 = ORIENTED_EDGE ( 'NONE', *, *, #1380, .F. ) ;
#6462 = EDGE_CURVE ( 'NONE', #6254, #219, #1243, .T. ) ;
#6463 = FACE_OUTER_BOUND ( 'NONE', #3174, .T. ) ;
#6464 = CIRCLE ( 'NONE', #3766, 1.700000000000013944 ) ;
#6465 = FACE_OUTER_BOUND ( 'NONE', #3353, .T. ) ;
#6466 = DIRECTION ( 'NONE',  ( 0.000000000000000000, 1.000000000000000000, 2.719624996528570049E-16 ) ) ;
#6467 = CARTESIAN_POINT ( 'NONE',  ( 3.701799997913059581, -29.99999999999997513, 3.361052926606474589 ) ) ;
#6468 = ORIENTED_EDGE ( 'NONE', *, *, #7195, .F. ) ;
#6469 = DIRECTION ( 'NONE',  ( 1.084683744678891232E-30, 1.000000000000000000, 9.740822494929354281E-16 ) ) ;
#6470 = CARTESIAN_POINT ( 'NONE',  ( -0.8277853614417451933, -39.29464234885418961, 3.580757985653160613 ) ) ;
#6471 = CARTESIAN_POINT ( 'NONE',  ( -3.819613949003068498, -31.99999999999997158, 2.184158712314787198 ) ) ;
#6472 = DIRECTION ( 'NONE',  ( -0.000000000000000000, 1.000000000000000000, -0.000000000000000000 ) ) ;
#6473 = CYLINDRICAL_SURFACE ( 'NONE', #2066, 3.249999999999996003 ) ;
#6474 = CARTESIAN_POINT ( 'NONE',  ( 1.788743099060071673, -33.50434026425804035, -4.291148297236602183 ) ) ;
#6475 = LINE ( 'NONE', #4348, #5005 ) ;
#6476 = VERTEX_POINT ( 'NONE', #6172 ) ;
#6477 = CARTESIAN_POINT ( 'NONE',  ( -1.806316316930254073, -22.19999999999997797, 4.012134265349355466 ) ) ;
#6478 = CARTESIAN_POINT ( 'NONE',  ( 5.146920607196465269, -26.89999999999997726, -1.071694213952271379 ) ) ;
#6479 = DIRECTION ( 'NONE',  ( -0.9996314841802272921, 0.000000000000000000, -0.02714582538137674458 ) ) ;
#6480 = CARTESIAN_POINT ( 'NONE',  ( 2.296560377740041403, -29.89999999999998082, 4.016179778550139190 ) ) ;
#6481 = CARTESIAN_POINT ( 'NONE',  ( 0.5712441706673430097, -33.29999999999997584, -5.226184107212652918 ) ) ;
#6482 = CARTESIAN_POINT ( 'NONE',  ( 2.296560377740041403, -29.09999999999997655, 4.016179778550139190 ) ) ;
#6483 = VECTOR ( 'NONE', #5305, 1000.000000000000114 ) ;
#6484 = CARTESIAN_POINT ( 'NONE',  ( -4.410424890600207704, 107.0000000000000000, -11.91140149678913396 ) ) ;
#6485 = ORIENTED_EDGE ( 'NONE', *, *, #3101, .T. ) ;
#6486 = CARTESIAN_POINT ( 'NONE',  ( -4.340470396594395375, -30.59999999999997300, 2.481998536721367721 ) ) ;
#6487 = B_SPLINE_CURVE_WITH_KNOTS ( 'NONE', 3,
 ( #5747, #4018, #2998, #4678, #5270, #287 ),
 .UNSPECIFIED., .F., .F.,
 ( 4, 2, 4 ),
 ( 0.000000000000000000, 0.0001578409105453986762, 0.0003156818210907973523 ),
 .UNSPECIFIED. ) ;
#6488 = EDGE_CURVE ( 'NONE', #500, #6270, #5207, .T. ) ;
#6489 = CARTESIAN_POINT ( 'NONE',  ( -6.297678350335424113, -39.80000000000005400, -0.1710186999027016319 ) ) ;
#6490 = EDGE_CURVE ( 'NONE', #3394, #1777, #6874, .T. ) ;
#6491 = LINE ( 'NONE', #5806, #2979 ) ;
#6492 = APPROVAL ( #3166, '未指定' ) ;
#6493 = ORIENTED_EDGE ( 'NONE', *, *, #3016, .F. ) ;
#6494 = CARTESIAN_POINT ( 'NONE',  ( 2.296560377740040959, -32.49999999999997158, 4.016179778550139190 ) ) ;
#6495 = CARTESIAN_POINT ( 'NONE',  ( 7.530142788065678365E-15, -38.20000000000005258, -2.740232069649055721E-14 ) ) ;
#6496 = VERTEX_POINT ( 'NONE', #1864 ) ;
#6497 = AXIS2_PLACEMENT_3D ( 'NONE', #4217, #3132, #1477 ) ;
#6498 = CARTESIAN_POINT ( 'NONE',  ( 3.534020185992327256, -26.49999999999997158, -3.892302859491017397 ) ) ;
#6499 = ORIENTED_EDGE ( 'NONE', *, *, #5441, .F. ) ;
#6500 = CARTESIAN_POINT ( 'NONE',  ( 3.819613949003068498, -28.99999999999997868, -2.184158712315064310 ) ) ;
#6501 = CARTESIAN_POINT ( 'NONE',  ( -4.218607618586946550, -31.69999999999997087, -1.899273372277498817 ) ) ;
#6502 = CARTESIAN_POINT ( 'NONE',  ( 3.819613949003068054, -23.59999999999997655, -2.184158712315064310 ) ) ;
#6503 = FACE_OUTER_BOUND ( 'NONE', #4448, .T. ) ;
#6504 = AXIS2_PLACEMENT_3D ( 'NONE', #3721, #2673, #4925 ) ;
#6505 = EDGE_CURVE ( 'NONE', #1086, #531, #3912, .T. ) ;
#6506 = DIRECTION ( 'NONE',  ( 0.9996314841802270701, 0.000000000000000000, 0.02714582538137666479 ) ) ;
#6507 = DIRECTION ( 'NONE',  ( 0.000000000000000000, 0.000000000000000000, 1.000000000000000000 ) ) ;
#6508 = CIRCLE ( 'NONE', #202, 3.249999999999996003 ) ;
#6509 = CARTESIAN_POINT ( 'NONE',  ( 1.779750791149280476, -33.50618172023978047, -4.416018215110032230 ) ) ;
#6510 = VECTOR ( 'NONE', #3513, 1000.000000000000114 ) ;
#6511 = VECTOR ( 'NONE', #5274, 1000.000000000000000 ) ;
#6512 = DIRECTION ( 'NONE',  ( 0.000000000000000000, 0.000000000000000000, -1.000000000000000000 ) ) ;
#6513 = CARTESIAN_POINT ( 'NONE',  ( -8.110363845595184529, 107.0000000000000000, 9.775240745137610432 ) ) ;
#6514 = ADVANCED_FACE ( 'NONE', ( #4010 ), #3401, .T. ) ;
#6515 = ADVANCED_FACE ( 'NONE', ( #5700 ), #799, .F. ) ;
#6516 = TOROIDAL_SURFACE ( 'NONE', #6989, 6.299999999999999822, 0.5000000000000008882 ) ;
#6517 = VECTOR ( 'NONE', #3634, 1000.000000000000000 ) ;
#6518 = CARTESIAN_POINT ( 'NONE',  ( -1.806316316930254073, -32.79999999999997584, 4.012134265349355466 ) ) ;
#6519 = ORIENTED_EDGE ( 'NONE', *, *, #6301, .T. ) ;
#6520 = DIRECTION ( 'NONE',  ( -0.000000000000000000, 1.000000000000000000, -0.000000000000000000 ) ) ;
#6521 = CARTESIAN_POINT ( 'NONE',  ( -3.534020185992325036, -26.09999999999997300, 3.892302859490741174 ) ) ;
#6522 = CARTESIAN_POINT ( 'NONE',  ( -1.250087534711858295, -26.56699005180338347, 1.561179415756306144 ) ) ;
#6523 = CARTESIAN_POINT ( 'NONE',  ( 1.806316316930254740, -22.59999999999997655, -4.012134265349632578 ) ) ;
#6524 = CARTESIAN_POINT ( 'NONE',  ( 5.146920607196465269, -30.89999999999997371, -1.071694213952270935 ) ) ;
#6525 = CARTESIAN_POINT ( 'NONE',  ( -7.868705687030792444E-16, 43.61806232061202593, -6.299999999999998046 ) ) ;
#6526 = EDGE_CURVE ( 'NONE', #465, #1582, #7160, .T. ) ;
#6527 = SHAPE_DEFINITION_REPRESENTATION ( #1343, #2808 ) ;
#6528 = CIRCLE ( 'NONE', #1743, 1.700000000000013944 ) ;
#6529 = AXIS2_PLACEMENT_3D ( 'NONE', #6941, #4155, #5221 ) ;
#6530 = CARTESIAN_POINT ( 'NONE',  ( -17.50000000000000000, 98.00000000000000000, -31.00000000000000000 ) ) ;
#6531 = EDGE_LOOP ( 'NONE', ( #5142, #5323, #6832, #4597 ) ) ;
#6532 = CARTESIAN_POINT ( 'NONE',  ( -4.970396450522633458, -28.39999999999997726, -0.5432854909089367412 ) ) ;
#6533 = CARTESIAN_POINT ( 'NONE',  ( 0.8500000000000073053, -41.24761480621975096, 3.309481174301187600 ) ) ;
#6534 = DIRECTION ( 'NONE',  ( 1.084683744678891232E-30, 1.000000000000000000, 9.740822494929354281E-16 ) ) ;
#6535 = CARTESIAN_POINT ( 'NONE',  ( 0.8969327537763897018, -32.99999999999997158, 4.307610896448506921 ) ) ;
#6536 = VERTEX_POINT ( 'NONE', #6803 ) ;
#6537 = CARTESIAN_POINT ( 'NONE',  ( -0.5026948701872614444, -32.29999999999997584, 4.599042014346876428 ) ) ;
#6538 = DIRECTION ( 'NONE',  ( -0.000000000000000000, -1.000000000000000000, -0.000000000000000000 ) ) ;
#6539 = ORIENTED_EDGE ( 'NONE', *, *, #5383, .F. ) ;
#6540 = CARTESIAN_POINT ( 'NONE',  ( 4.340470396594395375, -26.39999999999997371, -2.481998536721644832 ) ) ;
#6541 = ORIENTED_EDGE ( 'NONE', *, *, #4898, .T. ) ;
#6542 = CARTESIAN_POINT ( 'NONE',  ( -2.609727701977318404, -32.09999999999997300, -4.563840657443636317 ) ) ;
#6543 = CARTESIAN_POINT ( 'NONE',  ( -2.296560377740040071, -31.49999999999997513, -4.016179778550416302 ) ) ;
#6544 = CARTESIAN_POINT ( 'NONE',  ( 4.373948876459917479, -25.39999999999997726, 0.4780912319996027948 ) ) ;
#6545 = CYLINDRICAL_SURFACE ( 'NONE', #1937, 1.649999999999998579 ) ;
#6546 = LINE ( 'NONE', #3681, #7220 ) ;
#6547 = FACE_OUTER_BOUND ( 'NONE', #1871, .T. ) ;
#6548 = CARTESIAN_POINT ( 'NONE',  ( -4.793872293848801647, -29.09999999999997655, -2.158265195769866640 ) ) ;
#6549 = CARTESIAN_POINT ( 'NONE',  ( 1.806316316930254740, -28.59999999999997655, -4.012134265349632578 ) ) ;
#6550 = CARTESIAN_POINT ( 'NONE',  ( 1.881280832530410230, -33.50129640959661970, -4.274503051894699368 ) ) ;
#6551 = PLANE ( 'NONE',  #1159 ) ;
#6552 = ADVANCED_FACE ( 'NONE', ( #2956 ), #6177, .T. ) ;
#6553 = VECTOR ( 'NONE', #5058, 1000.000000000000000 ) ;
#6554 = CARTESIAN_POINT ( 'NONE',  ( 3.312158083603123284E-17, -10.50000000000000000, 13.19999999999994778 ) ) ;
#6555 = CARTESIAN_POINT ( 'NONE',  ( -3.257583998163493533, -30.19999999999997442, -2.957726575413957892 ) ) ;
#6556 = ORIENTED_EDGE ( 'NONE', *, *, #764, .T. ) ;
#6557 = CARTESIAN_POINT ( 'NONE',  ( -16.75000000000000711, 100.5999999999999943, -25.25000000000000000 ) ) ;
#6558 = CARTESIAN_POINT ( 'NONE',  ( -3.534020185992325036, -30.09999999999997300, 3.892302859490741174 ) ) ;
#6559 = EDGE_CURVE ( 'NONE', #2544, #4006, #1352, .T. ) ;
#6560 = CARTESIAN_POINT ( 'NONE',  ( 6.260599701156728106E-15, -25.15000000000002700, 1.999999999999994005 ) ) ;
#6561 = CARTESIAN_POINT ( 'NONE',  ( -3.109937763673246813, -27.49999999999997868, 3.425226516351835393 ) ) ;
#6562 = CARTESIAN_POINT ( 'NONE',  ( 3.701799997913060025, -30.59999999999997300, 3.361052926606473257 ) ) ;
#6563 = CARTESIAN_POINT ( 'NONE',  ( 4.529290134332890183, -22.89999999999997371, -0.9430909082780154495 ) ) ;
#6564 = CARTESIAN_POINT ( 'NONE',  ( -12.52078873619541532, 107.0000000000000000, -2.136160751651512424 ) ) ;
#6565 = ORIENTED_EDGE ( 'NONE', *, *, #4125, .T. ) ;
#6566 = CARTESIAN_POINT ( 'NONE',  ( -2.609727701977318404, -28.09999999999997655, -4.563840657443636317 ) ) ;
#6567 = CYLINDRICAL_SURFACE ( 'NONE', #2667, 1.700000000000000178 ) ;
#6568 = CARTESIAN_POINT ( 'NONE',  ( 5.997788905081373301, -35.40000000000005542, 0.1628749522882334266 ) ) ;
#6569 = ORIENTED_EDGE ( 'NONE', *, *, #5528, .F. ) ;
#6570 = DIRECTION ( 'NONE',  ( 2.081668171172362031E-17, -1.000000000000000000, -1.110223024625137558E-16 ) ) ;
#6571 = DIRECTION ( 'NONE',  ( -0.7071067811865475727, 0.000000000000000000, 0.7071067811865475727 ) ) ;
#6572 = EDGE_LOOP ( 'NONE', ( #3605, #650, #4632, #1946 ) ) ;
#6573 = CARTESIAN_POINT ( 'NONE',  ( -4.970396450522633458, -21.19999999999997442, -0.5432854909089367412 ) ) ;
#6574 = ORIENTED_EDGE ( 'NONE', *, *, #829, .T. ) ;
#6575 = CARTESIAN_POINT ( 'NONE',  ( 1.019241765654988363, -28.99999999999997513, 4.895012382327868394 ) ) ;
#6576 = DIRECTION ( 'NONE',  ( 1.883233150365925861E-16, -1.000000000000000000, -2.719624996528607520E-16 ) ) ;
#6577 = CARTESIAN_POINT ( 'NONE',  ( 3.257583998163493533, -25.19999999999997797, 2.957726575413679893 ) ) ;
#6578 = CYLINDRICAL_SURFACE ( 'NONE', #3222, 1.999999999999999112 ) ;
#6579 = FACE_OUTER_BOUND ( 'NONE', #7009, .T. ) ;
#6580 = FACE_OUTER_BOUND ( 'NONE', #1846, .T. ) ;
#6581 = CARTESIAN_POINT ( 'NONE',  ( -1.019241765654987697, -26.79999999999997584, -4.895012382328145506 ) ) ;
#6582 = CARTESIAN_POINT ( 'NONE',  ( -0.5026948701872614444, -27.69999999999997442, 4.599042014346875540 ) ) ;
#6583 = EDGE_LOOP ( 'NONE', ( #1309, #1645 ) ) ;
#6584 = AXIS2_PLACEMENT_3D ( 'NONE', #3656, #1513, #3726 ) ;
#6585 = CARTESIAN_POINT ( 'NONE',  ( 16.75000000000363798, 104.0000000000000142, -23.55000000004300986 ) ) ;
#6586 = ADVANCED_FACE ( 'NONE', ( #6433, #7010 ), #3613, .F. ) ;
#6587 = CARTESIAN_POINT ( 'NONE',  ( -3.822243638138202768E-15, -27.65000000000010516, 2.000000000000004441 ) ) ;
#6588 = CARTESIAN_POINT ( 'NONE',  ( -3.109937763673246813, -28.69999999999997442, 3.425226516351835393 ) ) ;
#6589 = VERTEX_POINT ( 'NONE', #3639 ) ;
#6590 = EDGE_CURVE ( 'NONE', #5070, #6082, #5601, .T. ) ;
#6591 = DIRECTION ( 'NONE',  ( -0.000000000000000000, 1.000000000000000000, 0.000000000000000000 ) ) ;
#6592 = CARTESIAN_POINT ( 'NONE',  ( 5.146920607196465269, -28.89999999999997371, -1.071694213952271379 ) ) ;
#6593 = CARTESIAN_POINT ( 'NONE',  ( -0.3340924052489778751, -27.60741551060704779, 1.973620112648984515 ) ) ;
#6594 = CARTESIAN_POINT ( 'NONE',  ( 3.257583998163493533, -27.99999999999997158, 2.957726575413679893 ) ) ;
#6595 = CARTESIAN_POINT ( 'NONE',  ( -1.019241765654987697, -29.39999999999997371, -4.895012382328145506 ) ) ;
#6596 = CARTESIAN_POINT ( 'NONE',  ( 6.852178853933925737E-15, -34.60000000000005116, -2.642325569774023549E-14 ) ) ;
#6597 = EDGE_CURVE ( 'NONE', #3617, #2981, #1895, .T. ) ;
#6598 = CARTESIAN_POINT ( 'NONE',  ( -0.9000890909449682509, -35.31860532093388372, 1.786012216747364878 ) ) ;
#6599 = ORIENTED_EDGE ( 'NONE', *, *, #7121, .F. ) ;
#6600 = CARTESIAN_POINT ( 'NONE',  ( 3.701799997913059581, -27.19999999999997442, 3.361052926606474589 ) ) ;
#6601 = CARTESIAN_POINT ( 'NONE',  ( 0.8500000000000073053, -40.80000000000008242, 3.059105261345907323 ) ) ;
#6602 = CARTESIAN_POINT ( 'NONE',  ( -0.5712441706673425657, -26.89999999999997371, 5.226184107212376695 ) ) ;
#6603 = LINE ( 'NONE', #1598, #5470 ) ;
#6604 = EDGE_CURVE ( 'NONE', #7254, #284, #2031, .T. ) ;
#6605 = ORIENTED_EDGE ( 'NONE', *, *, #2720, .F. ) ;
#6606 = CARTESIAN_POINT ( 'NONE',  ( 8.110363845595081500, 104.0000000000000284, -9.775240745137567799 ) ) ;
#6607 = CIRCLE ( 'NONE', #1826, 0.5000000000000012212 ) ;
#6608 = CARTESIAN_POINT ( 'NONE',  ( -7.800000000000000711, -26.49999999999998224, -6.635200417344089751E-14 ) ) ;
#6609 = VERTEX_POINT ( 'NONE', #895 ) ;
#6610 = CARTESIAN_POINT ( 'NONE',  ( 2.052632178329834467, -33.19999999999998153, -4.559243483351837156 ) ) ;
#6611 = VERTEX_POINT ( 'NONE', #247 ) ;
#6612 = CARTESIAN_POINT ( 'NONE',  ( -4.340470396594395375, -28.59999999999997655, 2.481998536721367721 ) ) ;
#6613 = CARTESIAN_POINT ( 'NONE',  ( 0.8969327537763894798, -26.39999999999997726, 4.307610896448506921 ) ) ;
#6614 = CARTESIAN_POINT ( 'NONE',  ( -3.109937763673246813, -24.69999999999997442, 3.425226516351835393 ) ) ;
#6615 = CARTESIAN_POINT ( 'NONE',  ( 1.806316316930254740, -23.79999999999997584, -4.012134265349632578 ) ) ;
#6616 = DIRECTION ( 'NONE',  ( 2.081668171172362031E-17, -1.000000000000000000, -1.110223024625137558E-16 ) ) ;
#6617 = AXIS2_PLACEMENT_3D ( 'NONE', #1208, #5634, #4564 ) ;
#6618 = DIRECTION ( 'NONE',  ( -0.000000000000000000, 1.000000000000000000, -0.000000000000000000 ) ) ;
#6619 = CARTESIAN_POINT ( 'NONE',  ( 17.50000000000000000, 104.0000000000000142, 31.00000000000000000 ) ) ;
#6620 = CARTESIAN_POINT ( 'NONE',  ( 4.340470396594395375, -28.39999999999997016, -2.481998536721644832 ) ) ;
#6621 = CARTESIAN_POINT ( 'NONE',  ( -3.819613949003068498, -21.99999999999997868, 2.184158712314787198 ) ) ;
#6622 = ORIENTED_EDGE ( 'NONE', *, *, #1081, .F. ) ;
#6623 = DIRECTION ( 'NONE',  ( 0.9996314841802270701, 0.000000000000000000, 0.02714582538137666132 ) ) ;
#6624 = AXIS2_PLACEMENT_3D ( 'NONE', #3565, #5175, #5798 ) ;
#6625 = CARTESIAN_POINT ( 'NONE',  ( 1.088273117000917445, -27.03588900051834898, 1.679762959287728563 ) ) ;
#6626 = CARTESIAN_POINT ( 'NONE',  ( 4.529290134332889295, -29.49999999999997868, -0.9430909082780156716 ) ) ;
#6627 = ORIENTED_EDGE ( 'NONE', *, *, #3998, .F. ) ;
#6628 = EDGE_CURVE ( 'NONE', #7050, #2701, #4076, .T. ) ;
#6629 = CARTESIAN_POINT ( 'NONE',  ( 0.8500000000000066391, -40.35182051200276021, -3.310275423951818397 ) ) ;
#6630 = CARTESIAN_POINT ( 'NONE',  ( -2.052632178329834023, -22.19999999999997797, 4.559243483351559156 ) ) ;
#6631 = CARTESIAN_POINT ( 'NONE',  ( 4.970396450522633458, -23.39999999999997371, 0.5432854909086584083 ) ) ;
#6632 = CARTESIAN_POINT ( 'NONE',  ( -1.249955976047108397, -26.31552403652568017, 1.561284746963169434 ) ) ;
#6633 = CARTESIAN_POINT ( 'NONE',  ( -0.5026948701872614444, -25.69999999999997442, 4.599042014346875540 ) ) ;
#6634 = CIRCLE ( 'NONE', #5345, 0.5000000000000012212 ) ;
#6635 = LINE ( 'NONE', #5020, #618 ) ;
#6636 = CIRCLE ( 'NONE', #2773, 6.000000000000000888 ) ;
#6637 = CIRCLE ( 'NONE', #3488, 3.249999999999999556 ) ;
#6638 = APPROVAL_ROLE ( '' ) ;
#6639 = CIRCLE ( 'NONE', #6409, 14.00000000000000000 ) ;
#6640 = CARTESIAN_POINT ( 'NONE',  ( 0.5026948701872619996, -31.29999999999997584, -4.599042014347151763 ) ) ;
#6641 = ORIENTED_EDGE ( 'NONE', *, *, #7036, .F. ) ;
#6642 = CARTESIAN_POINT ( 'NONE',  ( 4.793872293848802535, -31.29999999999997229, 2.158265195769588196 ) ) ;
#6643 = CARTESIAN_POINT ( 'NONE',  ( 6.500000000000002665, 104.0000000000000142, -4.000000000000000000 ) ) ;
#6644 = EDGE_CURVE ( 'NONE', #4994, #30, #749, .T. ) ;
#6645 = CARTESIAN_POINT ( 'NONE',  ( 7.002837505963205151E-15, -35.40000000000005542, -2.664082569746253131E-14 ) ) ;
#6646 = AXIS2_PLACEMENT_3D ( 'NONE', #2317, #5018, #1770 ) ;
#6647 = ORIENTED_EDGE ( 'NONE', *, *, #3647, .F. ) ;
#6648 = CARTESIAN_POINT ( 'NONE',  ( -1.806316316930254073, -30.19999999999997797, 4.012134265349355466 ) ) ;
#6649 = PLANE ( 'NONE',  #7219 ) ;
#6650 = VERTEX_POINT ( 'NONE', #1998 ) ;
#6651 = CARTESIAN_POINT ( 'NONE',  ( -2.609727701977318404, -22.89999999999997016, -4.563840657443636317 ) ) ;
#6652 = EDGE_LOOP ( 'NONE', ( #13, #3317, #2872, #5088, #641, #5041 ) ) ;
#6653 = CIRCLE ( 'NONE', #3150, 3.674999999999999822 ) ;
#6654 = EDGE_CURVE ( 'NONE', #492, #1751, #456, .T. ) ;
#6655 = CARTESIAN_POINT ( 'NONE',  ( -4.218607618586946550, -23.69999999999997087, -1.899273372277498817 ) ) ;
#6656 = CARTESIAN_POINT ( 'NONE',  ( 1.806316316930254517, -33.19999999999998153, -4.012134265349633466 ) ) ;
#6657 = DIRECTION ( 'NONE',  ( 0.000000000000000000, 0.000000000000000000, -1.000000000000000000 ) ) ;
#6658 = DIRECTION ( 'NONE',  ( 0.000000000000000000, 1.000000000000000000, 0.000000000000000000 ) ) ;
#6659 = CARTESIAN_POINT ( 'NONE',  ( -1.498801083244019705E-15, -10.49999999999997691, -12.00000000000005151 ) ) ;
#6660 = CARTESIAN_POINT ( 'NONE',  ( -5.146920607196465269, -29.29999999999997584, 1.071694213951994712 ) ) ;
#6661 = CARTESIAN_POINT ( 'NONE',  ( -4.529290134332890183, -21.89999999999996305, 0.9430909082777386709 ) ) ;
#6662 = ORIENTED_EDGE ( 'NONE', *, *, #606, .F. ) ;
#6663 = CARTESIAN_POINT ( 'NONE',  ( -16.75000000000000711, 104.0000000000000142, -22.00000000000000355 ) ) ;
#6664 = CARTESIAN_POINT ( 'NONE',  ( -16.75000000000000711, 98.00000000000000000, -25.25000000000000000 ) ) ;
#6665 = CARTESIAN_POINT ( 'NONE',  ( -3.109937763673246813, -30.69999999999997442, 3.425226516351835393 ) ) ;
#6666 = CARTESIAN_POINT ( 'NONE',  ( 7.831460092124234036E-15, -39.80000000000005400, -2.783746069593514254E-14 ) ) ;
#6667 = CARTESIAN_POINT ( 'NONE',  ( 1.215387913032379030, -26.73460894188500703, -1.590230356178336413 ) ) ;
#6668 = CARTESIAN_POINT ( 'NONE',  ( -16.75000000000000711, 104.0000000000000142, 25.25000000000000000 ) ) ;
#6669 = CARTESIAN_POINT ( 'NONE',  ( -4.218607618586945662, -23.09999999999997300, -1.899273372277499039 ) ) ;
#6670 = CARTESIAN_POINT ( 'NONE',  ( 1.019241765654988141, -30.39999999999997726, 4.895012382327868394 ) ) ;
#6671 = LINE ( 'NONE', #7185, #2140 ) ;
#6672 = B_SPLINE_CURVE_WITH_KNOTS ( 'NONE', 3,
 ( #1058, #4312, #2741, #946 ),
 .UNSPECIFIED., .F., .F.,
 ( 4, 4 ),
 ( 0.01533190960126744502, 0.01547459440940041411 ),
 .UNSPECIFIED. ) ;
#6673 = CARTESIAN_POINT ( 'NONE',  ( 3.819613949003068498, -30.99999999999997513, -2.184158712315064310 ) ) ;
#6674 = ORIENTED_EDGE ( 'NONE', *, *, #4671, .F. ) ;
#6675 = CARTESIAN_POINT ( 'NONE',  ( -4.970396450522633458, -22.39999999999997016, -0.5432854909089367412 ) ) ;
#6676 = DIRECTION ( 'NONE',  ( 0.000000000000000000, 0.000000000000000000, 1.000000000000000000 ) ) ;
#6677 = CARTESIAN_POINT ( 'NONE',  ( 2.609727701977319736, -27.09999999999997655, 4.563840657443357429 ) ) ;
#6678 = ADVANCED_FACE ( 'NONE', ( #2512 ), #1160, .T. ) ;
#6679 = ADVANCED_FACE ( 'NONE', ( #859 ), #824, .F. ) ;
#6680 = DIRECTION ( 'NONE',  ( -1.249000902703301108E-16, 9.912705577010326536E-16, -1.000000000000000000 ) ) ;
#6681 = EDGE_LOOP ( 'NONE', ( #6641, #1633 ) ) ;
#6682 = ADVANCED_FACE ( 'NONE', ( #6463 ), #6772, .F. ) ;
#6683 = CARTESIAN_POINT ( 'NONE',  ( -1.607871006203008986E-15, -33.99999999999996447, -6.500000000000073719 ) ) ;
#6684 = ORIENTED_EDGE ( 'NONE', *, *, #1939, .F. ) ;
#6685 = CARTESIAN_POINT ( 'NONE',  ( -3.701799997913060025, -27.59999999999997655, -3.361052926606751257 ) ) ;
#6686 = CARTESIAN_POINT ( 'NONE',  ( 0.6192658981112495464, -33.54697257351450190, -4.825361052292602260 ) ) ;
#6687 = ORIENTED_EDGE ( 'NONE', *, *, #6780, .T. ) ;
#6688 = CARTESIAN_POINT ( 'NONE',  ( -3.109937763673246813, -24.09999999999996589, 3.425226516351835393 ) ) ;
#6689 = CARTESIAN_POINT ( 'NONE',  ( -3.257583998163493089, -27.59999999999997655, -2.957726575413957892 ) ) ;
#6690 = CARTESIAN_POINT ( 'NONE',  ( 0.7853506097239588701, -35.65502814221111549, -1.840027466714262205 ) ) ;
#6691 = EDGE_CURVE ( 'NONE', #6820, #2146, #7037, .T. ) ;
#6692 = DIRECTION ( 'NONE',  ( 1.722095177413782400E-18, 0.7071067811865476838, 0.7071067811865474617 ) ) ;
#6693 = CARTESIAN_POINT ( 'NONE',  ( -16.75000000000000711, 98.00000000000000000, 25.25000000000000000 ) ) ;
#6694 = CARTESIAN_POINT ( 'NONE',  ( -0.5026948701872614444, -22.29999999999997229, 4.599042014346876428 ) ) ;
#6695 = ORIENTED_EDGE ( 'NONE', *, *, #1317, .F. ) ;
#6696 = CARTESIAN_POINT ( 'NONE',  ( 4.410424890600285863, 107.0000000000000000, 11.91140149678900784 ) ) ;
#6697 = CARTESIAN_POINT ( 'NONE',  ( 0.08449948986361285885, -25.15000000000007319, 1.999999999999978018 ) ) ;
#6698 = CARTESIAN_POINT ( 'NONE',  ( 3.257583998163493533, -24.59999999999997655, 2.957726575413680337 ) ) ;
#6699 = VECTOR ( 'NONE', #400, 1000.000000000000000 ) ;
#6700 = DIRECTION ( 'NONE',  ( -0.000000000000000000, -1.000000000000000000, -0.000000000000000000 ) ) ;
#6701 = CARTESIAN_POINT ( 'NONE',  ( -5.146920607196466158, -23.89999999999997371, 1.071694213951994712 ) ) ;
#6702 = CARTESIAN_POINT ( 'NONE',  ( -2.296560377740040071, -34.09999999999997300, -4.016179778550416302 ) ) ;
#6703 = CARTESIAN_POINT ( 'NONE',  ( 5.997788905081371524, -41.85000000000005116, 0.1628749522882316225 ) ) ;
#6704 = CARTESIAN_POINT ( 'NONE',  ( 3.534020185992327256, -30.49999999999997158, -3.892302859491017397 ) ) ;
#6705 = LINE ( 'NONE', #2753, #849 ) ;
#6706 = ADVANCED_FACE ( 'NONE', ( #5369 ), #2582, .F. ) ;
#6707 = CARTESIAN_POINT ( 'NONE',  ( 4.218607618586947439, -30.69999999999996376, 1.899273372277220817 ) ) ;
#6708 = VERTEX_POINT ( 'NONE', #3540 ) ;
#6709 = CARTESIAN_POINT ( 'NONE',  ( -4.373948876459917479, -34.39999999999997016, -0.4780912319998809612 ) ) ;
#6710 = DIRECTION ( 'NONE',  ( 0.7071067811865474617, 0.000000000000000000, -0.7071067811865474617 ) ) ;
#6711 = CARTESIAN_POINT ( 'NONE',  ( 22.50000000000000000, 8.000000000000003553, 26.00000000000000355 ) ) ;
#6712 = CARTESIAN_POINT ( 'NONE',  ( 4.529290134332889295, -31.49999999999997158, -0.9430909082780156716 ) ) ;
#6713 = ORIENTED_EDGE ( 'NONE', *, *, #2408, .F. ) ;
#6714 = EDGE_CURVE ( 'NONE', #1335, #3428, #179, .T. ) ;
#6715 = DIRECTION ( 'NONE',  ( -1.883233150365925861E-16, 1.000000000000000000, 2.719624996528607520E-16 ) ) ;
#6716 = ORIENTED_EDGE ( 'NONE', *, *, #1137, .T. ) ;
#6717 = CARTESIAN_POINT ( 'NONE',  ( 1.019241765654988141, -32.39999999999997726, 4.895012382327868394 ) ) ;
#6718 = DIRECTION ( 'NONE',  ( 0.7071067811865475727, 0.000000000000000000, -0.7071067811865475727 ) ) ;
#6719 = ORIENTED_EDGE ( 'NONE', *, *, #2528, .T. ) ;
#6720 = CIRCLE ( 'NONE', #3563, 3.000000000000000000 ) ;
#6721 = CARTESIAN_POINT ( 'NONE',  ( -2.609727701977318404, -28.09999999999997655, -4.563840657443636317 ) ) ;
#6722 = CARTESIAN_POINT ( 'NONE',  ( 0.5026948701872619996, -27.29999999999997229, -4.599042014347151763 ) ) ;
#6723 = CARTESIAN_POINT ( 'NONE',  ( 4.218607618586947439, -30.69999999999996376, 1.899273372277220817 ) ) ;
#6724 = CARTESIAN_POINT ( 'NONE',  ( -0.7846433738278926207, -34.74352548819345543, -1.840341835344090571 ) ) ;
#6725 = VECTOR ( 'NONE', #1179, 1000.000000000000114 ) ;
#6726 = CARTESIAN_POINT ( 'NONE',  ( -2.448335403656232589, -21.97518753865499264, 3.728213999394236478 ) ) ;
#6727 = DIRECTION ( 'NONE',  ( 1.084683744678891232E-30, 1.000000000000000000, 9.740822494929354281E-16 ) ) ;
#6728 = EDGE_LOOP ( 'NONE', ( #3536, #2450, #7011, #4533 ) ) ;
#6729 = CARTESIAN_POINT ( 'NONE',  ( 0.8969327537763897018, -25.79999999999997584, 4.307610896448506921 ) ) ;
#6730 = VERTEX_POINT ( 'NONE', #2990 ) ;
#6731 = DIRECTION ( 'NONE',  ( 0.9996314841802271811, 0.000000000000000000, 0.02714582538137668560 ) ) ;
#6732 = AXIS2_PLACEMENT_3D ( 'NONE', #4048, #1283, #1754 ) ;
#6733 = DIRECTION ( 'NONE',  ( -0.000000000000000000, -1.000000000000000000, -0.000000000000000000 ) ) ;
#6734 = CARTESIAN_POINT ( 'NONE',  ( 3.109937763673247257, -25.09999999999996234, -3.425226516352112061 ) ) ;
#6735 = B_SPLINE_CURVE_WITH_KNOTS ( 'NONE', 3,
 ( #6587, #1579, #548, #3792, #2125, #7174, #2823, #585, #6625, #6072, #2782, #3834, #4349, #443, #7214, #4429, #5454, #3866, #1546, #6104, #6697, #6031 ),
 .UNSPECIFIED., .F., .F.,
 ( 4, 2, 2, 2, 2, 2, 2, 2, 2, 2, 4 ),
 ( 1.914987727983469711E-17, 0.0002513128374594375807, 0.0005026256749188560795, 0.001005251349837692860, 0.001507877024756529641, 0.002010502699675366638, 0.002513128374594203636, 0.003015754049513040200, 0.003518379724431877197, 0.003769692561891297214, 0.004021005399350717664 ),
 .UNSPECIFIED. ) ;
#6736 = LINE ( 'NONE', #5610, #5094 ) ;
#6737 = CARTESIAN_POINT ( 'NONE',  ( 0.3340924052489879781, -27.60741551060704424, -1.973620112649033587 ) ) ;
#6738 = AXIS2_PLACEMENT_3D ( 'NONE', #6666, #2785, #4936 ) ;
#6739 = CARTESIAN_POINT ( 'NONE',  ( -0.8499999999999930944, -40.35243882499251100, -3.309691492358134202 ) ) ;
#6740 = EDGE_CURVE ( 'NONE', #1795, #6901, #6491, .T. ) ;
#6741 = CARTESIAN_POINT ( 'NONE',  ( -1.019241765654987697, -32.79999999999997584, -4.895012382328145506 ) ) ;
#6742 = CARTESIAN_POINT ( 'NONE',  ( -0.5712441706673427877, -28.29999999999996874, 5.226184107212377583 ) ) ;
#6743 = CARTESIAN_POINT ( 'NONE',  ( 3.511711140156078071E-31, 43.61806232061201882, 9.745349977981016305E-16 ) ) ;
#6744 = AXIS2_PLACEMENT_3D ( 'NONE', #655, #2898, #5128 ) ;
#6745 = FACE_OUTER_BOUND ( 'NONE', #2724, .T. ) ;
#6746 = ORIENTED_EDGE ( 'NONE', *, *, #5098, .F. ) ;
#6747 = AXIS2_PLACEMENT_3D ( 'NONE', #3881, #3427, #2252 ) ;
#6748 = CARTESIAN_POINT ( 'NONE',  ( 2.052632178329834023, -23.79999999999997584, -4.559243483351834492 ) ) ;
#6749 = PLANE ( 'NONE',  #1852 ) ;
#6750 = AXIS2_PLACEMENT_3D ( 'NONE', #2423, #1407, #1329 ) ;
#6751 = TOROIDAL_SURFACE ( 'NONE', #2314, 3.674999999999999822, 0.5000000000000004441 ) ;
#6752 = B_SPLINE_CURVE_WITH_KNOTS ( 'NONE', 3,
 ( #4805, #7041, #2034, #4879, #3247, #1601, #3818, #1491, #6057, #1047, #3282, #5514, #499, #5692, #6796, #6089, #5624, #4586, #6163, #4518, #5589, #5100 ),
 .UNSPECIFIED., .F., .F.,
 ( 4, 2, 2, 2, 2, 2, 2, 2, 2, 2, 4 ),
 ( 1.937096842299602718E-17, 0.0002513128374594378518, 0.0005026256749188564047, 0.001005251349837693511, 0.001507877024756530508, 0.002010502699675368373, 0.002513128374594205371, 0.003015754049513041934, 0.003518379724431879366, 0.003769692561891299816, 0.004021005399350719399 ),
 .UNSPECIFIED. ) ;
#6753 = CARTESIAN_POINT ( 'NONE',  ( 1.806316316930254740, -29.79999999999997229, -4.012134265349632578 ) ) ;
#6754 = CARTESIAN_POINT ( 'NONE',  ( -5.997788905081356425, -34.60000000000005116, -0.1628749522882870504 ) ) ;
#6755 = CIRCLE ( 'NONE', #5357, 6.500000000000005329 ) ;
#6756 = CARTESIAN_POINT ( 'NONE',  ( 1.806316316930254740, -31.79999999999997584, -4.012134265349632578 ) ) ;
#6757 = ORIENTED_EDGE ( 'NONE', *, *, #2720, .T. ) ;
#6758 = DIRECTION ( 'NONE',  ( -1.249000902703301108E-16, 9.912705577010326536E-16, -1.000000000000000000 ) ) ;
#6759 = ORIENTED_EDGE ( 'NONE', *, *, #6628, .F. ) ;
#6760 = CARTESIAN_POINT ( 'NONE',  ( 3.701799997913060025, -28.59999999999997655, 3.361052926606473257 ) ) ;
#6761 = FACE_OUTER_BOUND ( 'NONE', #4594, .T. ) ;
#6762 = ORIENTED_EDGE ( 'NONE', *, *, #4459, .F. ) ;
#6763 = CARTESIAN_POINT ( 'NONE',  ( -0.5026948701872614444, -28.29999999999996874, 4.599042014346876428 ) ) ;
#6764 = VECTOR ( 'NONE', #1145, 1000.000000000000000 ) ;
#6765 = CARTESIAN_POINT ( 'NONE',  ( -4.529290134332890183, -29.89999999999997371, 0.9430909082777386709 ) ) ;
#6766 = CARTESIAN_POINT ( 'NONE',  ( -0.5542288450738025452, -34.48147278442996821, -1.923620666062272333 ) ) ;
#6767 = ORIENTED_EDGE ( 'NONE', *, *, #5269, .T. ) ;
#6768 = CARTESIAN_POINT ( 'NONE',  ( 0.8158750391878483166, -22.09554082155324650, 4.576196606931012489 ) ) ;
#6769 = SECURITY_CLASSIFICATION ( '', '', #5466 ) ;
#6770 = VECTOR ( 'NONE', #1717, 1000.000000000000000 ) ;
#6771 = CARTESIAN_POINT ( 'NONE',  ( 8.908906796682288132, 78.44092671982706122, -3.298693633550742188 ) ) ;
#6772 = CONICAL_SURFACE ( 'NONE', #3610, 4.000000000000000000, 0.7853981633974453924 ) ;
#6773 = VERTEX_POINT ( 'NONE', #789 ) ;
#6774 = CARTESIAN_POINT ( 'NONE',  ( 4.529290134332889295, -22.29999999999996874, -0.9430909082780156716 ) ) ;
#6775 = ORIENTED_EDGE ( 'NONE', *, *, #3983, .T. ) ;
#6776 = DIRECTION ( 'NONE',  ( -0.000000000000000000, -1.000000000000000000, -0.000000000000000000 ) ) ;
#6777 = PLANE ( 'NONE',  #5435 ) ;
#6778 = CARTESIAN_POINT ( 'NONE',  ( 3.819613949003068498, -24.99999999999997513, -2.184158712315064310 ) ) ;
#6779 = FACE_OUTER_BOUND ( 'NONE', #6794, .T. ) ;
#6780 = EDGE_CURVE ( 'NONE', #4440, #2761, #6372, .T. ) ;
#6781 = CARTESIAN_POINT ( 'NONE',  ( 1.087698864615182615, -25.76263176511228181, -1.680175404466460964 ) ) ;
#6782 = DIRECTION ( 'NONE',  ( -1.249000902703301108E-16, 9.740822494929352309E-16, -1.000000000000000000 ) ) ;
#6783 = CARTESIAN_POINT ( 'NONE',  ( -3.819613949003068498, -21.39999999999997371, 2.184158712314787198 ) ) ;
#6784 = CARTESIAN_POINT ( 'NONE',  ( -17.50000000000000000, 8.000000000000003553, -31.00000000000000000 ) ) ;
#6785 = EDGE_LOOP ( 'NONE', ( #5837, #3280, #1172, #5974 ) ) ;
#6786 = CARTESIAN_POINT ( 'NONE',  ( -4.218607618586945662, -27.69999999999997087, -1.899273372277498817 ) ) ;
#6787 = EDGE_CURVE ( 'NONE', #4190, #2455, #2042, .T. ) ;
#6788 = EDGE_CURVE ( 'NONE', #124, #2649, #7060, .T. ) ;
#6789 = CARTESIAN_POINT ( 'NONE',  ( 4.373948876459917479, -32.79999999999997584, 0.4780912319996028503 ) ) ;
#6790 = VERTEX_POINT ( 'NONE', #4331 ) ;
#6791 = CARTESIAN_POINT ( 'NONE',  ( -3.534020185992325924, -24.69999999999997442, 3.892302859490741618 ) ) ;
#6792 = CARTESIAN_POINT ( 'NONE',  ( 17.50000000000000000, 8.000000000000000000, 31.00000000000000000 ) ) ;
#6793 = LINE ( 'NONE', #1669, #5740 ) ;
#6794 = EDGE_LOOP ( 'NONE', ( #2621, #1009, #6060, #2358 ) ) ;
#6795 = EDGE_CURVE ( 'NONE', #5268, #3957, #2184, .T. ) ;
#6796 = CARTESIAN_POINT ( 'NONE',  ( -0.9982349165022024184, -25.63082198743543572, -1.737642417621886537 ) ) ;
#6797 = ORIENTED_EDGE ( 'NONE', *, *, #3584, .F. ) ;
#6798 = CARTESIAN_POINT ( 'NONE',  ( 2.052632178329834467, -29.19999999999997442, -4.559243483351837156 ) ) ;
#6799 = PLANE ( 'NONE',  #6277 ) ;
#6800 = ORIENTED_EDGE ( 'NONE', *, *, #752, .F. ) ;
#6801 = CARTESIAN_POINT ( 'NONE',  ( -3.109937763673246813, -31.49999999999997158, 3.425226516351835393 ) ) ;
#6802 = CARTESIAN_POINT ( 'NONE',  ( 2.296560377740040515, -30.49999999999997868, 4.016179778550139190 ) ) ;
#6803 = CARTESIAN_POINT ( 'NONE',  ( -22.50000000000000000, 98.00000000000000000, 26.00000000000000355 ) ) ;
#6804 = ORIENTED_EDGE ( 'NONE', *, *, #4145, .T. ) ;
#6805 = CARTESIAN_POINT ( 'NONE',  ( 2.571758278209441957E-16, 1.040949779275251742E-16, 27.59999999999999432 ) ) ;
#6806 = FACE_OUTER_BOUND ( 'NONE', #1400, .T. ) ;
#6807 = ORIENTED_EDGE ( 'NONE', *, *, #1710, .T. ) ;
#6808 = CARTESIAN_POINT ( 'NONE',  ( -0.5026948701872614444, -23.69999999999997442, 4.599042014346875540 ) ) ;
#6809 = ORIENTED_EDGE ( 'NONE', *, *, #4615, .T. ) ;
#6810 = CARTESIAN_POINT ( 'NONE',  ( 0.8500000000000068612, -40.30000000000006111, -3.575349633252697945 ) ) ;
#6811 = CARTESIAN_POINT ( 'NONE',  ( -0.8499999999999929834, -40.29999999999878924, -3.575349633252822734 ) ) ;
#6812 = CARTESIAN_POINT ( 'NONE',  ( 2.296560377740040515, -26.49999999999997868, 4.016179778550139190 ) ) ;
#6813 = FACE_OUTER_BOUND ( 'NONE', #7032, .T. ) ;
#6814 = EDGE_CURVE ( 'NONE', #2095, #4262, #6720, .T. ) ;
#6815 = FACE_OUTER_BOUND ( 'NONE', #2514, .T. ) ;
#6816 = CARTESIAN_POINT ( 'NONE',  ( -3.534020185992325924, -22.69999999999997442, 3.892302859490741618 ) ) ;
#6817 = CARTESIAN_POINT ( 'NONE',  ( -0.6499999999999928058, -39.20000000000005969, 3.617060270440596081 ) ) ;
#6818 = CARTESIAN_POINT ( 'NONE',  ( 7.153496157992482986E-15, -36.20000000000005258, -2.685839569718482398E-14 ) ) ;
#6819 = CIRCLE ( 'NONE', #4011, 6.000000000000000888 ) ;
#6820 = VERTEX_POINT ( 'NONE', #6054 ) ;
#6821 = CARTESIAN_POINT ( 'NONE',  ( -0.8969327537763892577, -25.39999999999997371, -4.307610896448784921 ) ) ;
#6822 = CARTESIAN_POINT ( 'NONE',  ( 0.5026948701872619996, -27.29999999999997229, -4.599042014347151763 ) ) ;
#6823 = ORIENTED_EDGE ( 'NONE', *, *, #6925, .F. ) ;
#6824 = DIRECTION ( 'NONE',  ( -1.883233150365978123E-16, 1.000000000000000000, 2.719624996528670136E-16 ) ) ;
#6825 = EDGE_CURVE ( 'NONE', #1086, #1274, #2279, .T. ) ;
#6826 = CARTESIAN_POINT ( 'NONE',  ( 3.819613949003068054, -29.59999999999997300, -2.184158712315064310 ) ) ;
#6827 = DIRECTION ( 'NONE',  ( -0.000000000000000000, 1.000000000000000000, -0.000000000000000000 ) ) ;
#6828 = CARTESIAN_POINT ( 'NONE',  ( 16.75000000000363798, 104.0000000000000142, -25.25000000004300915 ) ) ;
#6829 = VERTEX_POINT ( 'NONE', #5545 ) ;
#6830 = CARTESIAN_POINT ( 'NONE',  ( -3.534020185992324148, -28.09999999999996589, 3.892302859490740286 ) ) ;
#6831 = CARTESIAN_POINT ( 'NONE',  ( 1.899620077356284373E-17, -27.99999999999998934, 7.799999999999932321 ) ) ;
#6832 = ORIENTED_EDGE ( 'NONE', *, *, #4437, .F. ) ;
#6833 = CARTESIAN_POINT ( 'NONE',  ( -3.257583998163493533, -30.99999999999997868, -2.957726575413957892 ) ) ;
#6834 = CARTESIAN_POINT ( 'NONE',  ( -1.806316316930254073, -28.19999999999997442, 4.012134265349355466 ) ) ;
#6835 = EDGE_CURVE ( 'NONE', #2981, #4951, #3437, .T. ) ;
#6836 = DIRECTION ( 'NONE',  ( 0.000000000000000000, 0.000000000000000000, 1.000000000000000000 ) ) ;
#6837 = EDGE_LOOP ( 'NONE', ( #3480, #3328, #6605, #4130 ) ) ;
#6838 = DIRECTION ( 'NONE',  ( 5.551115123125782702E-17, -2.719624996528607027E-16, 1.000000000000000000 ) ) ;
#6839 = DIRECTION ( 'NONE',  ( 5.551115123125782702E-17, -2.719624996528607027E-16, 1.000000000000000000 ) ) ;
#6840 = ORIENTED_EDGE ( 'NONE', *, *, #4610, .T. ) ;
#6841 = CARTESIAN_POINT ( 'NONE',  ( -3.819613949003068498, -21.39999999999997371, 2.184158712314787198 ) ) ;
#6842 = VERTEX_POINT ( 'NONE', #5432 ) ;
#6843 = CARTESIAN_POINT ( 'NONE',  ( 0.8277853614417578498, -39.29464234885418250, -3.580757985653215236 ) ) ;
#6844 = EDGE_CURVE ( 'NONE', #1248, #4092, #7116, .T. ) ;
#6845 = CARTESIAN_POINT ( 'NONE',  ( -16.75000000000000000, 3.851859888774471706E-31, 25.25000000000000000 ) ) ;
#6846 = CARTESIAN_POINT ( 'NONE',  ( -4.218607618586946550, -27.69999999999996376, -1.899273372277498817 ) ) ;
#6847 = DIRECTION ( 'NONE',  ( -1.883233150365978123E-16, 1.000000000000000000, 2.719624996528670136E-16 ) ) ;
#6848 = VECTOR ( 'NONE', #1294, 1000.000000000000000 ) ;
#6849 = DIRECTION ( 'NONE',  ( -0.9377796628086615405, 0.000000000000000000, 0.3472309087948147743 ) ) ;
#6850 = CYLINDRICAL_SURFACE ( 'NONE', #2790, 3.249999999999996003 ) ;
#6851 = DIRECTION ( 'NONE',  ( 5.551115123125790098E-17, 0.000000000000000000, 1.000000000000000000 ) ) ;
#6852 = ORIENTED_EDGE ( 'NONE', *, *, #6045, .T. ) ;
#6853 = CARTESIAN_POINT ( 'NONE',  ( -0.5712441706673427877, -24.29999999999997229, 5.226184107212377583 ) ) ;
#6854 = CARTESIAN_POINT ( 'NONE',  ( 0.5026948701872619996, -29.29999999999997229, -4.599042014347153540 ) ) ;
#6855 = CARTESIAN_POINT ( 'NONE',  ( 2.296560377740040515, -28.49999999999997513, 4.016179778550139190 ) ) ;
#6856 = CARTESIAN_POINT ( 'NONE',  ( 3.534020185992325480, -33.09999999999997300, -3.892302859491017397 ) ) ;
#6857 = DIRECTION ( 'NONE',  ( -5.551115123125782702E-17, 2.719624996528607027E-16, -1.000000000000000000 ) ) ;
#6858 = VECTOR ( 'NONE', #195, 1000.000000000000000 ) ;
#6859 = AXIS2_PLACEMENT_3D ( 'NONE', #4603, #74, #5676 ) ;
#6860 = AXIS2_PLACEMENT_3D ( 'NONE', #3026, #2982, #2472 ) ;
#6861 = CYLINDRICAL_SURFACE ( 'NONE', #1205, 1.649999999999998579 ) ;
#6862 = TOROIDAL_SURFACE ( 'NONE', #4635, 5.850000000000000533, 0.1499999999999999944 ) ;
#6863 = AXIS2_PLACEMENT_3D ( 'NONE', #363, #3154, #7133 ) ;
#6864 = CARTESIAN_POINT ( 'NONE',  ( -5.997788905081353761, -37.00000000000005684, -0.1628749522882877443 ) ) ;
#6865 = EDGE_LOOP ( 'NONE', ( #276, #1785, #684, #3832 ) ) ;
#6866 = VECTOR ( 'NONE', #4370, 1000.000000000000000 ) ;
#6867 = ADVANCED_FACE ( 'NONE', ( #7191 ), #1568, .T. ) ;
#6868 = VECTOR ( 'NONE', #5889, 1000.000000000000000 ) ;
#6869 = CARTESIAN_POINT ( 'NONE',  ( 5.146920607196465269, -33.49999999999997158, -1.071694213952271379 ) ) ;
#6870 = CARTESIAN_POINT ( 'NONE',  ( 6.109403585000321442E-15, -36.10000000000005116, -2.000000000000026201 ) ) ;
#6871 = ORIENTED_EDGE ( 'NONE', *, *, #1942, .F. ) ;
#6872 = CARTESIAN_POINT ( 'NONE',  ( 2.296560377740041403, -31.89999999999997371, 4.016179778550139190 ) ) ;
#6873 = CARTESIAN_POINT ( 'NONE',  ( 22.50000000000000000, 104.0000000000000142, 26.00000000000000355 ) ) ;
#6874 = LINE ( 'NONE', #1171, #763 ) ;
#6875 = AXIS2_PLACEMENT_3D ( 'NONE', #6390, #2548, #820 ) ;
#6876 = CIRCLE ( 'NONE', #7101, 1.999999999999999112 ) ;
#6877 = CIRCLE ( 'NONE', #6044, 1.700000000000013944 ) ;
#6878 = EDGE_LOOP ( 'NONE', ( #1873, #1212, #4806, #5363 ) ) ;
#6879 = CARTESIAN_POINT ( 'NONE',  ( 16.75000000000363798, 8.000000000000000000, -25.25000000004300915 ) ) ;
#6880 = EDGE_LOOP ( 'NONE', ( #5493, #1272, #5593, #3071 ) ) ;
#6881 = ADVANCED_FACE ( 'NONE', ( #2175 ), #5510, .T. ) ;
#6882 = CARTESIAN_POINT ( 'NONE',  ( -2.296560377740040071, -24.89999999999997371, -4.016179778550416302 ) ) ;
#6883 = ORIENTED_EDGE ( 'NONE', *, *, #1936, .F. ) ;
#6884 = CIRCLE ( 'NONE', #2086, 3.674999999999999822 ) ;
#6885 = DIRECTION ( 'NONE',  ( 1.883233150365978123E-16, -1.000000000000000000, -2.719624996528670136E-16 ) ) ;
#6886 = CARTESIAN_POINT ( 'NONE',  ( -17.50000000000000000, 8.000000000000000000, -31.00000000000000000 ) ) ;
#6887 = DIRECTION ( 'NONE',  ( 0.9996314841802270701, 2.168404344971008621E-16, 0.02714582538137666479 ) ) ;
#6888 = CARTESIAN_POINT ( 'NONE',  ( 16.75000000000363798, 100.5999999999999943, -23.55000000004300986 ) ) ;
#6889 = DIRECTION ( 'NONE',  ( 0.000000000000000000, 0.000000000000000000, -1.000000000000000000 ) ) ;
#6890 = CARTESIAN_POINT ( 'NONE',  ( 1.714505518806294638E-15, 0.000000000000000000, -14.00000000000000000 ) ) ;
#6891 = AXIS2_PLACEMENT_3D ( 'NONE', #182, #3076, #1903 ) ;
#6892 = CARTESIAN_POINT ( 'NONE',  ( 0.000000000000000000, 1.040949779275251742E-16, -27.59999999999999432 ) ) ;
#6893 = ORIENTED_EDGE ( 'NONE', *, *, #7119, .F. ) ;
#6894 = CARTESIAN_POINT ( 'NONE',  ( -3.534020185992324148, -24.09999999999996589, 3.892302859490740286 ) ) ;
#6895 = CARTESIAN_POINT ( 'NONE',  ( -0.8969327537763892577, -27.39999999999997726, -4.307610896448784921 ) ) ;
#6896 = CARTESIAN_POINT ( 'NONE',  ( -4.529290134332890183, -27.89999999999997726, 0.9430909082777386709 ) ) ;
#6897 = DIRECTION ( 'NONE',  ( 1.084683744678891232E-30, 1.000000000000000000, 9.740822494929354281E-16 ) ) ;
#6898 = CARTESIAN_POINT ( 'NONE',  ( -7.570475129353368244E-29, -26.49999999999998224, -6.732622487754946985E-14 ) ) ;
#6899 = DIRECTION ( 'NONE',  ( -0.000000000000000000, 1.000000000000000000, -0.000000000000000000 ) ) ;
#6900 = CARTESIAN_POINT ( 'NONE',  ( -12.52078873619540822, 104.0000000000000000, -2.136160751651518197 ) ) ;
#6901 = VERTEX_POINT ( 'NONE', #6568 ) ;
#6902 = CARTESIAN_POINT ( 'NONE',  ( 4.793872293848801647, -24.69999999999997087, 2.158265195769587308 ) ) ;
#6903 = EDGE_CURVE ( 'NONE', #1808, #6829, #2617, .T. ) ;
#6904 = CARTESIAN_POINT ( 'NONE',  ( 16.75000000000363798, 104.0000000000000142, -28.50000000004300915 ) ) ;
#6905 = VERTEX_POINT ( 'NONE', #495 ) ;
#6906 = EDGE_CURVE ( 'NONE', #5401, #2940, #3773, .T. ) ;
#6907 = CARTESIAN_POINT ( 'NONE',  ( -2.296560377740040071, -28.89999999999997371, -4.016179778550416302 ) ) ;
#6908 = CARTESIAN_POINT ( 'NONE',  ( 1.806316316930254517, -23.19999999999997797, -4.012134265349633466 ) ) ;
#6909 = DIRECTION ( 'NONE',  ( -1.249000902703301108E-16, 8.896017825522101418E-16, -1.000000000000000000 ) ) ;
#6910 = VECTOR ( 'NONE', #1158, 1000.000000000000000 ) ;
#6911 = EDGE_CURVE ( 'NONE', #614, #4870, #1394, .T. ) ;
#6912 = VERTEX_POINT ( 'NONE', #4950 ) ;
#6913 = DIRECTION ( 'NONE',  ( 0.7068462011514097254, -0.7071067811865494601, 0.01919499720807700885 ) ) ;
#6914 = LINE ( 'NONE', #5912, #5926 ) ;
#6915 = CARTESIAN_POINT ( 'NONE',  ( -2.609727701977318404, -26.89999999999997371, -4.563840657443636317 ) ) ;
#6916 = EDGE_LOOP ( 'NONE', ( #1038, #6574, #6290, #1207 ) ) ;
#6917 = DIRECTION ( 'NONE',  ( 0.000000000000000000, -1.000000000000000000, 0.000000000000000000 ) ) ;
#6918 = DIRECTION ( 'NONE',  ( 1.084683744678891232E-30, 1.000000000000000000, 9.740822494929354281E-16 ) ) ;
#6919 = EDGE_CURVE ( 'NONE', #3169, #6901, #1150, .T. ) ;
#6920 = FACE_OUTER_BOUND ( 'NONE', #1745, .T. ) ;
#6921 = CARTESIAN_POINT ( 'NONE',  ( 7.274040777774582584E-16, -2.077341958608789341, -1.757831232144805540E-14 ) ) ;
#6922 = CARTESIAN_POINT ( 'NONE',  ( 2.296560377740041403, -27.09999999999997655, 4.016179778550139190 ) ) ;
#6923 = CARTESIAN_POINT ( 'NONE',  ( 17.50000000000000000, 98.00000000000000000, 31.00000000000000000 ) ) ;
#6924 = LINE ( 'NONE', #3084, #7239 ) ;
#6925 = EDGE_CURVE ( 'NONE', #4838, #3666, #6603, .T. ) ;
#6926 = ORIENTED_EDGE ( 'NONE', *, *, #6488, .T. ) ;
#6927 = CARTESIAN_POINT ( 'NONE',  ( 2.609727701977318848, -24.49999999999996447, 4.563840657443356541 ) ) ;
#6928 = CARTESIAN_POINT ( 'NONE',  ( -0.8499999999999930944, -39.40000000000006253, -3.575349633252697501 ) ) ;
#6929 = CARTESIAN_POINT ( 'NONE',  ( -2.296560377740040071, -23.49999999999996447, -4.016179778550416302 ) ) ;
#6930 = CARTESIAN_POINT ( 'NONE',  ( 2.922492426713782609E-17, 43.61806232061201172, 12.00000000000000178 ) ) ;
#6931 = FACE_OUTER_BOUND ( 'NONE', #4015, .T. ) ;
#6932 = CARTESIAN_POINT ( 'NONE',  ( 4.970396450522633458, -32.79999999999997584, 0.5432854909086584083 ) ) ;
#6933 = CARTESIAN_POINT ( 'NONE',  ( 5.997788905081373301, -38.60000000000005826, 0.1628749522882325662 ) ) ;
#6934 = CIRCLE ( 'NONE', #383, 0.5000000000000012212 ) ;
#6935 = CARTESIAN_POINT ( 'NONE',  ( -17.50000000000000000, 10.00000000000000000, -31.00000000000000000 ) ) ;
#6936 = ORIENTED_EDGE ( 'NONE', *, *, #1347, .T. ) ;
#6937 = CARTESIAN_POINT ( 'NONE',  ( -1.019241765654987697, -33.99999999999997158, -4.895012382328145506 ) ) ;
#6938 = DIRECTION ( 'NONE',  ( -1.883233150365978123E-16, 1.000000000000000000, 2.719624996528670136E-16 ) ) ;
#6939 = ORIENTED_EDGE ( 'NONE', *, *, #3795, .T. ) ;
#6940 = CARTESIAN_POINT ( 'NONE',  ( -16.26345596729044374, 10.00000000000000000, 17.91345596729075140 ) ) ;
#6941 = CARTESIAN_POINT ( 'NONE',  ( -16.75000000000000711, 3.400000000000000355, -25.25000000000000000 ) ) ;
#6942 = EDGE_CURVE ( 'NONE', #245, #4558, #2322, .T. ) ;
#6943 = ORIENTED_EDGE ( 'NONE', *, *, #146, .F. ) ;
#6944 = FACE_OUTER_BOUND ( 'NONE', #6049, .T. ) ;
#6945 = DIRECTION ( 'NONE',  ( -0.000000000000000000, 1.000000000000000000, -0.000000000000000000 ) ) ;
#6946 = CARTESIAN_POINT ( 'NONE',  ( 2.052632178329834023, -32.59999999999997300, -4.559243483351834492 ) ) ;
#6947 = VERTEX_POINT ( 'NONE', #6086 ) ;
#6948 = CARTESIAN_POINT ( 'NONE',  ( -4.340470396594395375, -32.59999999999997300, 2.481998536721367721 ) ) ;
#6949 = DIRECTION ( 'NONE',  ( 0.9996314841802272921, 0.000000000000000000, 0.02714582538137663703 ) ) ;
#6950 = EDGE_CURVE ( 'NONE', #4951, #2981, #6411, .T. ) ;
#6951 = LINE ( 'NONE', #3650, #5347 ) ;
#6952 = CARTESIAN_POINT ( 'NONE',  ( 16.74999999999999289, 104.0000000000000142, 25.25000000000000000 ) ) ;
#6953 = DIRECTION ( 'NONE',  ( 0.9377796628086615405, 0.000000000000000000, -0.3472309087948147743 ) ) ;
#6954 = FACE_OUTER_BOUND ( 'NONE', #470, .T. ) ;
#6955 = CYLINDRICAL_SURFACE ( 'NONE', #2382, 6.000000000000000888 ) ;
#6956 = ORIENTED_EDGE ( 'NONE', *, *, #2035, .F. ) ;
#6957 = CARTESIAN_POINT ( 'NONE',  ( 4.970396450522633458, -22.79999999999997229, 0.5432854909086584083 ) ) ;
#6958 = CIRCLE ( 'NONE', #4501, 6.000000000000000888 ) ;
#6959 = LINE ( 'NONE', #5896, #309 ) ;
#6960 = CARTESIAN_POINT ( 'NONE',  ( 1.806316316930254517, -23.19999999999997797, -4.012134265349633466 ) ) ;
#6961 = CARTESIAN_POINT ( 'NONE',  ( 5.997788905081371524, -39.40000000000005542, 0.1628749522882323997 ) ) ;
#6962 = EDGE_CURVE ( 'NONE', #6254, #742, #5475, .T. ) ;
#6963 = LINE ( 'NONE', #3530, #681 ) ;
#6964 = CARTESIAN_POINT ( 'NONE',  ( 3.534020185992327256, -22.49999999999997513, -3.892302859491017397 ) ) ;
#6965 = CARTESIAN_POINT ( 'NONE',  ( 0.8969327537763897018, -24.99999999999997158, 4.307610896448506921 ) ) ;
#6966 = APPROVAL_STATUS ( 'not_yet_approved' ) ;
#6967 = FACE_OUTER_BOUND ( 'NONE', #5498, .T. ) ;
#6968 = ORIENTED_EDGE ( 'NONE', *, *, #5412, .T. ) ;
#6969 = CARTESIAN_POINT ( 'NONE',  ( 4.970396450522633458, -22.79999999999997229, 0.5432854909086584083 ) ) ;
#6970 = DIRECTION ( 'NONE',  ( -1.883233150365978123E-16, 1.000000000000000000, 2.719624996528670136E-16 ) ) ;
#6971 = ORIENTED_EDGE ( 'NONE', *, *, #3982, .T. ) ;
#6972 = VECTOR ( 'NONE', #6520, 1000.000000000000000 ) ;
#6973 = DIRECTION ( 'NONE',  ( -0.9996314841802272921, 0.000000000000000000, -0.02714582538137666826 ) ) ;
#6974 = AXIS2_PLACEMENT_3D ( 'NONE', #2468, #3560, #268 ) ;
#6975 = CIRCLE ( 'NONE', #1956, 2.099999999999997868 ) ;
#6976 = ORIENTED_EDGE ( 'NONE', *, *, #5208, .T. ) ;
#6977 = CARTESIAN_POINT ( 'NONE',  ( -16.75000000000000711, 104.0000000000000142, 22.00000000000000355 ) ) ;
#6978 = CARTESIAN_POINT ( 'NONE',  ( 6.165562966833950344E-15, -36.10000000000005116, 1.999999999999972689 ) ) ;
#6979 = ORIENTED_EDGE ( 'NONE', *, *, #1249, .F. ) ;
#6980 = CARTESIAN_POINT ( 'NONE',  ( -4.970396450522633458, -33.19999999999997442, -0.5432854909089367412 ) ) ;
#6981 = VERTEX_POINT ( 'NONE', #6754 ) ;
#6982 = VECTOR ( 'NONE', #6120, 1000.000000000000000 ) ;
#6983 = CARTESIAN_POINT ( 'NONE',  ( 2.052632178329834023, -31.79999999999997584, -4.559243483351834492 ) ) ;
#6984 = LINE ( 'NONE', #7125, #1612 ) ;
#6985 = AXIS2_PLACEMENT_3D ( 'NONE', #4136, #261, #6953 ) ;
#6986 = AXIS2_PLACEMENT_3D ( 'NONE', #2232, #3974, #110 ) ;
#6987 = CARTESIAN_POINT ( 'NONE',  ( -0.8499999999999924283, -39.34661890167286202, 3.575349633252641546 ) ) ;
#6988 = DIRECTION ( 'NONE',  ( -0.9996314841802270701, 0.000000000000000000, -0.02714582538137666479 ) ) ;
#6989 = AXIS2_PLACEMENT_3D ( 'NONE', #1387, #4119, #1349 ) ;
#6990 = CARTESIAN_POINT ( 'NONE',  ( -6.781000381201733873, 107.0000000000000000, 2.510795465376902236 ) ) ;
#6991 = CARTESIAN_POINT ( 'NONE',  ( -2.296560377740040071, -28.09999999999997655, -4.016179778550416302 ) ) ;
#6992 = CARTESIAN_POINT ( 'NONE',  ( 1.894209833842212642, -33.50174681299162671, -4.337948794700849042 ) ) ;
#6993 = EDGE_CURVE ( 'NONE', #541, #4034, #1733, .T. ) ;
#6994 = DIRECTION ( 'NONE',  ( 0.000000000000000000, 0.000000000000000000, -1.000000000000000000 ) ) ;
#6995 = AXIS2_PLACEMENT_3D ( 'NONE', #4214, #6346, #880 ) ;
#6996 = CARTESIAN_POINT ( 'NONE',  ( 2.514171872813561606E-15, -16.00000000000005684, -2.133269141900060837E-14 ) ) ;
#6997 = ORIENTED_EDGE ( 'NONE', *, *, #6911, .T. ) ;
#6998 = EDGE_CURVE ( 'NONE', #2298, #2837, #5586, .T. ) ;
#6999 = CARTESIAN_POINT ( 'NONE',  ( -0.7025305800565374570, -39.20000000000005258, -3.607620317969914225 ) ) ;
#7000 = VECTOR ( 'NONE', #4647, 1000.000000000000000 ) ;
#7001 = DIRECTION ( 'NONE',  ( -1.249000902703301108E-16, 8.896017825522087613E-16, -1.000000000000000000 ) ) ;
#7002 = CYLINDRICAL_SURFACE ( 'NONE', #3025, 3.249999999999999556 ) ;
#7003 = CARTESIAN_POINT ( 'NONE',  ( -4.970396450522633458, -23.19999999999997442, -0.5432854909089367412 ) ) ;
#7004 = EDGE_CURVE ( 'NONE', #219, #7122, #3960, .T. ) ;
#7005 = FACE_OUTER_BOUND ( 'NONE', #635, .T. ) ;
#7006 = ORIENTED_EDGE ( 'NONE', *, *, #2035, .T. ) ;
#7007 = CARTESIAN_POINT ( 'NONE',  ( 3.701799997913060025, -26.59999999999997655, 3.361052926606473257 ) ) ;
#7008 = CARTESIAN_POINT ( 'NONE',  ( 16.75000000000363798, 8.000000000000000000, -25.25000000004300915 ) ) ;
#7009 = EDGE_LOOP ( 'NONE', ( #4366, #6519, #82, #2404 ) ) ;
#7010 = FACE_OUTER_BOUND ( 'NONE', #4000, .T. ) ;
#7011 = ORIENTED_EDGE ( 'NONE', *, *, #5857, .F. ) ;
#7012 = CARTESIAN_POINT ( 'NONE',  ( -4.218607618586945662, -33.69999999999997442, -1.899273372277498817 ) ) ;
#7013 = CARTESIAN_POINT ( 'NONE',  ( 0.8756282573772915523, -35.43874311703986280, 1.798815694559311007 ) ) ;
#7014 = EDGE_LOOP ( 'NONE', ( #782, #4877, #1133, #1716 ) ) ;
#7015 = CARTESIAN_POINT ( 'NONE',  ( 3.701799997913059581, -27.99999999999997158, 3.361052926606474589 ) ) ;
#7016 = ORIENTED_EDGE ( 'NONE', *, *, #1331, .T. ) ;
#7017 = CARTESIAN_POINT ( 'NONE',  ( 1.806316316930254517, -31.19999999999997797, -4.012134265349633466 ) ) ;
#7018 = DIRECTION ( 'NONE',  ( 0.7071067811865475727, -0.000000000000000000, 0.7071067811865475727 ) ) ;
#7019 = CARTESIAN_POINT ( 'NONE',  ( -5.797862608245309524, -39.80000000000005400, -0.1574457872120132162 ) ) ;
#7020 = CYLINDRICAL_SURFACE ( 'NONE', #313, 6.000000000000000888 ) ;
#7021 = CARTESIAN_POINT ( 'NONE',  ( 1.149080352591017595, -33.52882917136925300, -4.693785556000161563 ) ) ;
#7022 = CARTESIAN_POINT ( 'NONE',  ( -6.297678350335425002, -36.60000000000005826, -0.1710186999027007715 ) ) ;
#7023 = CARTESIAN_POINT ( 'NONE',  ( 16.75000000000363798, 0.000000000000000000, -25.25000000004300915 ) ) ;
#7024 = VERTEX_POINT ( 'NONE', #565 ) ;
#7025 = EDGE_CURVE ( 'NONE', #6136, #7122, #3390, .T. ) ;
#7026 = CARTESIAN_POINT ( 'NONE',  ( 3.819613949003068498, -22.99999999999997513, -2.184158712315064310 ) ) ;
#7027 = CARTESIAN_POINT ( 'NONE',  ( 0.5712441706673431208, -27.29999999999997229, -5.226184107212654695 ) ) ;
#7028 = CARTESIAN_POINT ( 'NONE',  ( -0.9981678913698096567, -25.63084144107247653, 1.737649070697118159 ) ) ;
#7029 = CARTESIAN_POINT ( 'NONE',  ( -0.5026948701872614444, -31.69999999999996732, 4.599042014346875540 ) ) ;
#7030 = CARTESIAN_POINT ( 'NONE',  ( -4.970396450522633458, -33.79999999999997584, -0.5432854909089366302 ) ) ;
#7031 = DIRECTION ( 'NONE',  ( 0.000000000000000000, 0.000000000000000000, -1.000000000000000000 ) ) ;
#7032 = EDGE_LOOP ( 'NONE', ( #3041, #5420, #4196, #2327 ) ) ;
#7033 = CARTESIAN_POINT ( 'NONE',  ( 3.534020185992327256, -31.69999999999996732, -3.892302859491017397 ) ) ;
#7034 = DIRECTION ( 'NONE',  ( -1.084683744678891232E-30, -1.000000000000000000, -9.740822494929354281E-16 ) ) ;
#7035 = ORIENTED_EDGE ( 'NONE', *, *, #6105, .F. ) ;
#7036 = EDGE_CURVE ( 'NONE', #2146, #4371, #2310, .T. ) ;
#7037 = LINE ( 'NONE', #1966, #6422 ) ;
#7038 = AXIS2_PLACEMENT_3D ( 'NONE', #3452, #6226, #4027 ) ;
#7039 = VERTEX_POINT ( 'NONE', #2802 ) ;
#7040 = PLANE ( 'NONE',  #2780 ) ;
#7041 = CARTESIAN_POINT ( 'NONE',  ( -0.08511271316662454012, -27.65000000000005187, -2.000000000000023537 ) ) ;
#7042 = ORIENTED_EDGE ( 'NONE', *, *, #924, .T. ) ;
#7043 = CARTESIAN_POINT ( 'NONE',  ( -4.340470396594395375, -27.39999999999997371, 2.481998536721367721 ) ) ;
#7044 = ORIENTED_EDGE ( 'NONE', *, *, #3015, .T. ) ;
#7045 = ADVANCED_FACE ( 'NONE', ( #4583, #1270 ), #2399, .F. ) ;
#7046 = CARTESIAN_POINT ( 'NONE',  ( -3.819613949003068498, -29.99999999999997868, 2.184158712314787198 ) ) ;
#7047 = LINE ( 'NONE', #3289, #4153 ) ;
#7048 = CARTESIAN_POINT ( 'NONE',  ( 0.2949483249237388471, -22.07739020914873862, 4.810186972594103771 ) ) ;
#7049 = DIRECTION ( 'NONE',  ( -0.000000000000000000, 1.000000000000000000, -0.000000000000000000 ) ) ;
#7050 = VERTEX_POINT ( 'NONE', #5172 ) ;
#7051 = CARTESIAN_POINT ( 'NONE',  ( -0.5047364101313169815, -33.58558043463482790, -4.476528668335747696 ) ) ;
#7052 = CARTESIAN_POINT ( 'NONE',  ( 4.793872293848802535, -25.29999999999997229, 2.158265195769588196 ) ) ;
#7053 = EDGE_CURVE ( 'NONE', #181, #4754, #2365, .T. ) ;
#7054 = CARTESIAN_POINT ( 'NONE',  ( 8.110363845595077947, 107.0000000000000284, -9.775240745137580234 ) ) ;
#7055 = CARTESIAN_POINT ( 'NONE',  ( -16.75000000000000711, 0.000000000000000000, -25.25000000000000000 ) ) ;
#7056 = CARTESIAN_POINT ( 'NONE',  ( 4.529290134332889295, -27.49999999999997868, -0.9430909082780156716 ) ) ;
#7057 = ORIENTED_EDGE ( 'NONE', *, *, #3206, .F. ) ;
#7058 = CARTESIAN_POINT ( 'NONE',  ( 16.74999999999999289, 100.5999999999999943, 28.50000000000000000 ) ) ;
#7059 = CARTESIAN_POINT ( 'NONE',  ( 3.701799997913060025, -30.59999999999997300, 3.361052926606473257 ) ) ;
#7060 = CIRCLE ( 'NONE', #3902, 1.649999999999998579 ) ;
#7061 = CARTESIAN_POINT ( 'NONE',  ( 4.793872293848802535, -23.29999999999997229, 2.158265195769588196 ) ) ;
#7062 = CARTESIAN_POINT ( 'NONE',  ( 16.74999999999999289, 3.851859888774471706E-31, 28.49999999999999645 ) ) ;
#7063 = CARTESIAN_POINT ( 'NONE',  ( 0.5026948701872618885, -26.69999999999997442, -4.599042014347152652 ) ) ;
#7064 = ADVANCED_FACE ( 'NONE', ( #1816 ), #6862, .T. ) ;
#7065 = CARTESIAN_POINT ( 'NONE',  ( -3.109937763673246813, -24.09999999999996589, 3.425226516351835393 ) ) ;
#7066 = CARTESIAN_POINT ( 'NONE',  ( -3.257583998163493533, -26.19999999999997442, -2.957726575413957892 ) ) ;
#7067 = CARTESIAN_POINT ( 'NONE',  ( -4.373948876459917479, -28.39999999999997726, -0.4780912319998809612 ) ) ;
#7068 = PERSON_AND_ORGANIZATION ( #960, #2371 ) ;
#7069 = DIRECTION ( 'NONE',  ( 0.6385255567472967186, 9.873481602195220643E-17, -0.7696006193997992906 ) ) ;
#7070 = ORIENTED_EDGE ( 'NONE', *, *, #4449, .T. ) ;
#7071 = CARTESIAN_POINT ( 'NONE',  ( 1.019241765654988363, -30.99999999999997868, 4.895012382327868394 ) ) ;
#7072 = LINE ( 'NONE', #2064, #790 ) ;
#7073 = AXIS2_PLACEMENT_3D ( 'NONE', #3510, #2845, #5069 ) ;
#7074 = EDGE_CURVE ( 'NONE', #279, #3666, #1484, .T. ) ;
#7075 = CARTESIAN_POINT ( 'NONE',  ( 4.218607618586946550, -23.29999999999997229, 1.899273372277221039 ) ) ;
#7076 = DIRECTION ( 'NONE',  ( -0.000000000000000000, -1.000000000000000000, -0.000000000000000000 ) ) ;
#7077 = DIRECTION ( 'NONE',  ( -0.9377796628086615405, 0.000000000000000000, 0.3472309087948148298 ) ) ;
#7078 = DIRECTION ( 'NONE',  ( -1.883233150365925861E-16, 1.000000000000000000, 2.719624996528607520E-16 ) ) ;
#7079 = EDGE_LOOP ( 'NONE', ( #4041, #1960, #3443, #3212 ) ) ;
#7080 = VECTOR ( 'NONE', #3868, 1000.000000000000000 ) ;
#7081 = AXIS2_PLACEMENT_3D ( 'NONE', #6596, #3874, #3842 ) ;
#7082 = CARTESIAN_POINT ( 'NONE',  ( 2.052632178329834023, -22.59999999999997655, -4.559243483351834492 ) ) ;
#7083 = EDGE_LOOP ( 'NONE', ( #6662, #6195, #4675, #3358 ) ) ;
#7084 = CARTESIAN_POINT ( 'NONE',  ( -1.019241765654987697, -29.99999999999997513, -4.895012382328145506 ) ) ;
#7085 = CARTESIAN_POINT ( 'NONE',  ( 5.992466222859490636E-15, -34.30000000000006821, 1.999999999999972689 ) ) ;
#7086 = CARTESIAN_POINT ( 'NONE',  ( 4.218607618586946550, -25.29999999999997229, 1.899273372277221039 ) ) ;
#7087 = CARTESIAN_POINT ( 'NONE',  ( 16.75000000000363798, 104.0000000000000142, -25.25000000004300915 ) ) ;
#7088 = AXIS2_PLACEMENT_3D ( 'NONE', #1406, #5890, #870 ) ;
#7089 = AXIS2_PLACEMENT_3D ( 'NONE', #3184, #1573, #945 ) ;
#7090 = ADVANCED_FACE ( 'NONE', ( #633 ), #5030, .T. ) ;
#7091 = CARTESIAN_POINT ( 'NONE',  ( -4.596554406903733181, -21.88226232587997089, 1.973362731194236552 ) ) ;
#7092 = DIRECTION ( 'NONE',  ( -0.7071067811865474617, 0.000000000000000000, 0.7071067811865474617 ) ) ;
#7093 = CARTESIAN_POINT ( 'NONE',  ( 2.052632178329834023, -26.59999999999997300, -4.559243483351834492 ) ) ;
#7094 = CARTESIAN_POINT ( 'NONE',  ( 4.218607618586946550, -30.09999999999997655, 1.899273372277221039 ) ) ;
#7095 = CIRCLE ( 'NONE', #3934, 6.000000000000000888 ) ;
#7096 = CARTESIAN_POINT ( 'NONE',  ( 1.931202925112257995, -33.49996731997335786, -4.287088581644090013 ) ) ;
#7097 = AXIS2_PLACEMENT_3D ( 'NONE', #6495, #2662, #354 ) ;
#7098 = VECTOR ( 'NONE', #5955, 1000.000000000000114 ) ;
#7099 = CYLINDRICAL_SURFACE ( 'NONE', #566, 7.230910042229491630 ) ;
#7100 = CARTESIAN_POINT ( 'NONE',  ( -4.970396450522633458, -33.80000000000387672, -0.5432854909089366302 ) ) ;
#7101 = AXIS2_PLACEMENT_3D ( 'NONE', #5062, #707, #166 ) ;
#7102 = CARTESIAN_POINT ( 'NONE',  ( 4.218607618586946550, -31.29999999999997229, 1.899273372277221039 ) ) ;
#7103 = ORIENTED_EDGE ( 'NONE', *, *, #3687, .T. ) ;
#7104 = CARTESIAN_POINT ( 'NONE',  ( 18.45000000000000639, 3.400000000000000355, 25.25000000000000000 ) ) ;
#7105 = CARTESIAN_POINT ( 'NONE',  ( -2.609727701977318848, -29.49999999999997513, -4.563840657443635429 ) ) ;
#7106 = CARTESIAN_POINT ( 'NONE',  ( 0.8500000000000069722, -41.06348586678818435, -3.116302184333860748 ) ) ;
#7107 = CARTESIAN_POINT ( 'NONE',  ( 4.529290134332889295, -24.29999999999997229, -0.9430909082780156716 ) ) ;
#7108 = CARTESIAN_POINT ( 'NONE',  ( 0.000000000000000000, 10.00000000000000000, 25.50000000000000000 ) ) ;
#7109 = CIRCLE ( 'NONE', #3609, 6.000000000000000888 ) ;
#7110 = AXIS2_PLACEMENT_3D ( 'NONE', #1791, #2924, #6395 ) ;
#7111 = DIRECTION ( 'NONE',  ( -0.000000000000000000, -1.000000000000000000, -0.000000000000000000 ) ) ;
#7112 = ORIENTED_EDGE ( 'NONE', *, *, #5021, .F. ) ;
#7113 = CARTESIAN_POINT ( 'NONE',  ( -4.793872293848801647, -28.29999999999997584, -2.158265195769866640 ) ) ;
#7114 = DIRECTION ( 'NONE',  ( 0.000000000000000000, 0.000000000000000000, 1.000000000000000000 ) ) ;
#7115 = CIRCLE ( 'NONE', #1518, 3.249999999999996003 ) ;
#7116 = LINE ( 'NONE', #2220, #6107 ) ;
#7117 = ORIENTED_EDGE ( 'NONE', *, *, #4938, .F. ) ;
#7118 = CARTESIAN_POINT ( 'NONE',  ( -3.819613949003068498, -31.99999999999997158, 2.184158712314787198 ) ) ;
#7119 = EDGE_CURVE ( 'NONE', #4677, #2940, #2948, .T. ) ;
#7120 = CARTESIAN_POINT ( 'NONE',  ( 7.278751743239353846E-15, -41.30000000000006111, -2.821334266021798569E-14 ) ) ;
#7121 = EDGE_CURVE ( 'NONE', #5844, #1565, #4447, .T. ) ;
#7122 = VERTEX_POINT ( 'NONE', #6711 ) ;
#7123 = CARTESIAN_POINT ( 'NONE',  ( -4.793872293848801647, -23.09999999999997300, -2.158265195769866640 ) ) ;
#7124 = ORIENTED_EDGE ( 'NONE', *, *, #6011, .T. ) ;
#7125 = CARTESIAN_POINT ( 'NONE',  ( 1.948328284475867193E-17, 43.61806232061201172, 8.000000000000001776 ) ) ;
#7126 = CARTESIAN_POINT ( 'NONE',  ( -0.5026948701872614444, -26.89999999999997371, 4.599042014346875540 ) ) ;
#7127 = EDGE_CURVE ( 'NONE', #3850, #3235, #6793, .T. ) ;
#7128 = CARTESIAN_POINT ( 'NONE',  ( -0.8499999999999924283, -40.66704210896789817, 3.059105261346825255 ) ) ;
#7129 = DIRECTION ( 'NONE',  ( -1.249000902703301354E-16, 8.673617379884035472E-16, -1.000000000000000000 ) ) ;
#7130 = DIRECTION ( 'NONE',  ( -1.883233150365978123E-16, 1.000000000000000000, 2.719624996528670136E-16 ) ) ;
#7131 = CARTESIAN_POINT ( 'NONE',  ( -3.109937763673246813, -29.49999999999997868, 3.425226516351835393 ) ) ;
#7132 = ORIENTED_EDGE ( 'NONE', *, *, #1276, .F. ) ;
#7133 = DIRECTION ( 'NONE',  ( -1.249000902703301108E-16, 9.740822494929352309E-16, -1.000000000000000000 ) ) ;
#7134 = B_SPLINE_CURVE_WITH_KNOTS ( 'NONE', 3,
 ( #300, #807, #5856, #1256, #5196, #2461 ),
 .UNSPECIFIED., .F., .F.,
 ( 4, 2, 4 ),
 ( 0.0002023635705427213308, 0.0005995575755347911772, 0.0009967515805268611050 ),
 .UNSPECIFIED. ) ;
#7135 = DIRECTION ( 'NONE',  ( 0.7071067811865475727, 0.000000000000000000, -0.7071067811865475727 ) ) ;
#7136 = EDGE_CURVE ( 'NONE', #3957, #920, #2836, .T. ) ;
#7137 = DIRECTION ( 'NONE',  ( 0.7071067811865474617, 0.000000000000000000, 0.7071067811865474617 ) ) ;
#7138 = CARTESIAN_POINT ( 'NONE',  ( 3.257583998163493533, -29.19999999999997797, 2.957726575413679893 ) ) ;
#7139 = ORIENTED_EDGE ( 'NONE', *, *, #961, .F. ) ;
#7140 = CARTESIAN_POINT ( 'NONE',  ( 16.74999999999999289, 3.851859888774471706E-31, 22.00000000000000711 ) ) ;
#7141 = CARTESIAN_POINT ( 'NONE',  ( -2.052632178329834023, -30.19999999999997797, 4.559243483351559156 ) ) ;
#7142 = CARTESIAN_POINT ( 'NONE',  ( 1.019241765654988363, -24.99999999999997158, 4.895012382327868394 ) ) ;
#7143 = CARTESIAN_POINT ( 'NONE',  ( 0.8500000000000068612, -41.30000000000006111, -3.442504536049705965 ) ) ;
#7144 = CARTESIAN_POINT ( 'NONE',  ( 4.218607618586946550, -22.09999999999997300, 1.899273372277221039 ) ) ;
#7145 = LINE ( 'NONE', #2133, #3312 ) ;
#7146 = PERSON_AND_ORGANIZATION_ROLE ( 'classification_officer' ) ;
#7147 = CARTESIAN_POINT ( 'NONE',  ( 5.992466222859490636E-15, -34.30000000000006821, 1.999999999999972689 ) ) ;
#7148 = ORIENTED_EDGE ( 'NONE', *, *, #3426, .T. ) ;
#7149 = CARTESIAN_POINT ( 'NONE',  ( 4.793872293848802535, -27.29999999999997584, 2.158265195769588196 ) ) ;
#7151 = DIRECTION ( 'NONE',  ( -1.883233150365925861E-16, 1.000000000000000000, 2.719624996528607520E-16 ) ) ;
#7150 = CARTESIAN_POINT ( 'NONE',  ( -4.529290134332889295, -22.49999999999997513, 0.9430909082777385599 ) ) ;
#7152 = CARTESIAN_POINT ( 'NONE',  ( 4.793872293848802535, -27.29999999999997584, 2.158265195769588196 ) ) ;
#7153 = DIRECTION ( 'NONE',  ( 1.084683744678891232E-30, 1.000000000000000000, 9.740822494929354281E-16 ) ) ;
#7154 = CARTESIAN_POINT ( 'NONE',  ( -4.373948876459917479, -32.39999999999997016, -0.4780912319998809612 ) ) ;
#7155 = CARTESIAN_POINT ( 'NONE',  ( 4.218607618586946550, -30.69999999999997087, 1.899273372277220817 ) ) ;
#7156 = DIRECTION ( 'NONE',  ( -1.883233150365925861E-16, 1.000000000000000000, 2.719624996528607520E-16 ) ) ;
#7157 = ORIENTED_EDGE ( 'NONE', *, *, #1718, .F. ) ;
#7158 = CARTESIAN_POINT ( 'NONE',  ( 1.019241765654988363, -23.79999999999997584, 4.895012382327868394 ) ) ;
#7159 = ORIENTED_EDGE ( 'NONE', *, *, #3194, .T. ) ;
#7160 = B_SPLINE_CURVE_WITH_KNOTS ( 'NONE', 3,
 ( #3438, #5666, #683, #5597, #578, #62, #2296, #2341, #2263, #4489, #714, #6724, #105, #6766, #644, #6250, #3971, #4561 ),
 .UNSPECIFIED., .F., .F.,
 ( 4, 2, 2, 2, 2, 2, 2, 2, 4 ),
 ( 7.667880730885553989E-20, 0.0003565829035256480530, 0.0007131658070512959975, 0.001069748710576943779, 0.001426331614102591561, 0.001782914517628239343, 0.002139497421153887559, 0.002496080324679535774, 0.002852663228205183556 ),
 .UNSPECIFIED. ) ;
#7161 = CARTESIAN_POINT ( 'NONE',  ( 3.257583998163493533, -24.59999999999997655, 2.957726575413680337 ) ) ;
#7162 = CARTESIAN_POINT ( 'NONE',  ( -1.806316316930254073, -24.79999999999997229, 4.012134265349355466 ) ) ;
#7163 = CARTESIAN_POINT ( 'NONE',  ( 0.8969327537763897018, -26.99999999999997513, 4.307610896448506921 ) ) ;
#7164 = DIRECTION ( 'NONE',  ( -0.9996314841802270701, 0.000000000000000000, -0.02714582538137666479 ) ) ;
#7165 = CIRCLE ( 'NONE', #6235, 6.000000000000000888 ) ;
#7166 = EDGE_CURVE ( 'NONE', #528, #5469, #3463, .T. ) ;
#7167 = LINE ( 'NONE', #911, #7098 ) ;
#7168 = CARTESIAN_POINT ( 'NONE',  ( -3.701799997913059581, -26.99999999999997513, -3.361052926606751701 ) ) ;
#7169 = CARTESIAN_POINT ( 'NONE',  ( -0.5026948701872614444, -29.69999999999997797, 4.599042014346875540 ) ) ;
#7170 = ORIENTED_EDGE ( 'NONE', *, *, #3848, .F. ) ;
#7171 = CIRCLE ( 'NONE', #4357, 6.000000000000000888 ) ;
#7172 = LINE ( 'NONE', #1578, #5938 ) ;
#7173 = CARTESIAN_POINT ( 'NONE',  ( 0.5712441706673430097, -24.69999999999997442, -5.226184107212654695 ) ) ;
#7174 = CARTESIAN_POINT ( 'NONE',  ( 0.6384728509051734724, -27.48705951372591727, 1.901723362889726765 ) ) ;
#7175 = AXIS2_PLACEMENT_3D ( 'NONE', #3172, #2760, #2067 ) ;
#7176 = CARTESIAN_POINT ( 'NONE',  ( 3.257583998163493533, -31.19999999999997797, 2.957726575413679893 ) ) ;
#7177 = ORIENTED_EDGE ( 'NONE', *, *, #6950, .T. ) ;
#7178 = FACE_OUTER_BOUND ( 'NONE', #4149, .T. ) ;
#7179 = EDGE_CURVE ( 'NONE', #4558, #245, #5271, .T. ) ;
#7180 = CARTESIAN_POINT ( 'NONE',  ( -4.340470396594395375, -27.99999999999997513, 2.481998536721368165 ) ) ;
#7181 = CARTESIAN_POINT ( 'NONE',  ( -2.609727701977318404, -24.09999999999997300, -4.563840657443636317 ) ) ;
#7182 = DIRECTION ( 'NONE',  ( 1.084683744678891232E-30, 1.000000000000000000, 9.740822494929354281E-16 ) ) ;
#7183 = CARTESIAN_POINT ( 'NONE',  ( 3.109937763673246813, -24.49999999999997513, -3.425226516352113837 ) ) ;
#7184 = CARTESIAN_POINT ( 'NONE',  ( 3.534020185992324592, -29.09999999999997300, -3.892302859491016953 ) ) ;
#7185 = CARTESIAN_POINT ( 'NONE',  ( 22.50000000000000000, 98.00000000000000000, -26.00000000000000355 ) ) ;
#7186 = ADVANCED_FACE ( 'NONE', ( #5027, #3350 ), #4038, .F. ) ;
#7187 = CARTESIAN_POINT ( 'NONE',  ( 1.806316316930254517, -31.19999999999997797, -4.012134265349633466 ) ) ;
#7188 = VERTEX_POINT ( 'NONE', #779 ) ;
#7189 = CARTESIAN_POINT ( 'NONE',  ( -4.340470396594395375, -32.59999999999997300, 2.481998536721367721 ) ) ;
#7190 = CARTESIAN_POINT ( 'NONE',  ( 0.000000000000000000, 104.0000000000000142, 0.000000000000000000 ) ) ;
#7191 = FACE_OUTER_BOUND ( 'NONE', #3541, .T. ) ;
#7192 = CARTESIAN_POINT ( 'NONE',  ( -4.529290134332889295, -32.49999999999997158, 0.9430909082777385599 ) ) ;
#7193 = ORIENTED_EDGE ( 'NONE', *, *, #6097, .T. ) ;
#7194 = CARTESIAN_POINT ( 'NONE',  ( 4.529290134332889295, -28.89999999999997371, -0.9430909082780154495 ) ) ;
#7195 = EDGE_CURVE ( 'NONE', #3856, #2971, #1649, .T. ) ;
#7196 = CIRCLE ( 'NONE', #1360, 3.249999999999999556 ) ;
#7197 = DIRECTION ( 'NONE',  ( 1.084683744678891232E-30, 1.000000000000000000, 9.740822494929352309E-16 ) ) ;
#7198 = ORIENTED_EDGE ( 'NONE', *, *, #7119, .T. ) ;
#7199 = CARTESIAN_POINT ( 'NONE',  ( -5.146920607196465269, -23.29999999999997229, 1.071694213951994712 ) ) ;
#7200 = VERTEX_POINT ( 'NONE', #6933 ) ;
#7201 = CARTESIAN_POINT ( 'NONE',  ( -4.373948876459917479, -23.79999999999997229, -0.4780912319998809612 ) ) ;
#7202 = CARTESIAN_POINT ( 'NONE',  ( -1.806316316930254073, -32.19999999999998153, 4.012134265349355466 ) ) ;
#7203 = CARTESIAN_POINT ( 'NONE',  ( -0.8499999999999935385, -39.20000000000005969, -8.991389646815644454 ) ) ;
#7204 = AXIS2_PLACEMENT_3D ( 'NONE', #1065, #3300, #516 ) ;
#7205 = CARTESIAN_POINT ( 'NONE',  ( 22.50000000000000000, 10.00000000000000000, -26.00000000000000355 ) ) ;
#7206 = CARTESIAN_POINT ( 'NONE',  ( -0.8499999999999922062, -42.00000000000005684, 3.472481101460433095 ) ) ;
#7207 = CARTESIAN_POINT ( 'NONE',  ( -5.146920607196465269, -25.29999999999997229, 1.071694213951994712 ) ) ;
#7208 = CARTESIAN_POINT ( 'NONE',  ( -4.218607618586945662, -33.09999999999997300, -1.899273372277499039 ) ) ;
#7209 = VERTEX_POINT ( 'NONE', #6315 ) ;
#7210 = CARTESIAN_POINT ( 'NONE',  ( 4.793872293848802535, -29.29999999999997584, 2.158265195769588196 ) ) ;
#7211 = DIRECTION ( 'NONE',  ( -0.7696006193998030653, 5.487004635205512266E-17, -0.6385255567472923888 ) ) ;
#7212 = VECTOR ( 'NONE', #994, 1000.000000000000000 ) ;
#7213 = CARTESIAN_POINT ( 'NONE',  ( -2.609727701977318404, -24.89999999999997371, -4.563840657443636317 ) ) ;
#7214 = CARTESIAN_POINT ( 'NONE',  ( 0.9982349165022113002, -25.63082198743544282, 1.737642417621839463 ) ) ;
#7215 = CARTESIAN_POINT ( 'NONE',  ( -0.8969327537763891467, -27.99999999999997158, -4.307610896448784921 ) ) ;
#7216 = B_SPLINE_CURVE_WITH_KNOTS ( 'NONE', 3,
 ( #6560, #1067, #4860, #3228, #2053, #7028, #1551, #3764, #449, #6002, #6632, #6522, #1473, #2719, #4940, #1520, #3162, #2686, #4903, #3302, #6593, #2017, #956, #3196 ),
 .UNSPECIFIED., .F., .F.,
 ( 4, 2, 2, 2, 2, 2, 2, 2, 2, 2, 2, 4 ),
 ( 0.004021005399350717664, 0.004522488613844521943, 0.005023971828338326222, 0.005525455042832130501, 0.005776196650079032206, 0.006026938257325933912, 0.006528421471819749466, 0.007029904686313563286, 0.007280646293560475400, 0.007531387900807385780, 0.007782129508054297026, 0.008032871115301208273 ),
 .UNSPECIFIED. ) ;
#7217 = AXIS2_PLACEMENT_3D ( 'NONE', #1434, #5958, #3683 ) ;
#7218 = LINE ( 'NONE', #3193, #7080 ) ;
#7219 = AXIS2_PLACEMENT_3D ( 'NONE', #972, #6571, #5946 ) ;
#7220 = VECTOR ( 'NONE', #5489, 1000.000000000000000 ) ;
#7221 = ADVANCED_FACE ( 'NONE', ( #5360 ), #6861, .F. ) ;
#7222 = CARTESIAN_POINT ( 'NONE',  ( 1.207807306469924402, -26.06742923377400345, -1.594254474322606141 ) ) ;
#7223 = CARTESIAN_POINT ( 'NONE',  ( -3.534020185992325924, -24.69999999999997442, 3.892302859490741618 ) ) ;
#7224 = CARTESIAN_POINT ( 'NONE',  ( -6.297678350335425002, -35.00000000000004974, -0.1710186999027003274 ) ) ;
#7225 = CARTESIAN_POINT ( 'NONE',  ( -4.373948876459917479, -23.19999999999997442, -0.4780912319998809612 ) ) ;
#7226 = AXIS2_PLACEMENT_3D ( 'NONE', #6234, #1232, #5171 ) ;
#7227 = CARTESIAN_POINT ( 'NONE',  ( 16.75000000000363798, 3.851859888774471706E-31, -25.25000000004300915 ) ) ;
#7228 = VECTOR ( 'NONE', #4617, 1000.000000000000000 ) ;
#7229 = AXIS2_PLACEMENT_3D ( 'NONE', #3324, #1246, #2927 ) ;
#7230 = EDGE_CURVE ( 'NONE', #5860, #2588, #4115, .T. ) ;
#7231 = VECTOR ( 'NONE', #1415, 1000.000000000000000 ) ;
#7232 = CARTESIAN_POINT ( 'NONE',  ( -3.819613949003068498, -29.99999999999997868, 2.184158712314787198 ) ) ;
#7233 = ORIENTED_EDGE ( 'NONE', *, *, #4325, .T. ) ;
#7234 = CARTESIAN_POINT ( 'NONE',  ( 3.701799997913059581, -25.19999999999997797, 3.361052926606474589 ) ) ;
#7236 = DIRECTION ( 'NONE',  ( -1.084683744678891232E-30, -1.000000000000000000, -9.740822494929354281E-16 ) ) ;
#7235 = CARTESIAN_POINT ( 'NONE',  ( 1.806316316930254517, -33.19999999999998153, -4.012134265349633466 ) ) ;
#7237 = EDGE_CURVE ( 'NONE', #6609, #920, #496, .T. ) ;
#7238 = DIRECTION ( 'NONE',  ( -0.000000000000000000, 1.000000000000000000, -0.000000000000000000 ) ) ;
#7239 = VECTOR ( 'NONE', #5787, 1000.000000000000000 ) ;
#7240 = ORIENTED_EDGE ( 'NONE', *, *, #5530, .T. ) ;
#7241 = DIRECTION ( 'NONE',  ( 1.084683744678891232E-30, 1.000000000000000000, 9.740822494929354281E-16 ) ) ;
#7242 = VERTEX_POINT ( 'NONE', #1922 ) ;
#7243 = CARTESIAN_POINT ( 'NONE',  ( 0.5712441706673430097, -24.69999999999997442, -5.226184107212654695 ) ) ;
#7244 = ORIENTED_EDGE ( 'NONE', *, *, #3670, .T. ) ;
#7245 = AXIS2_PLACEMENT_3D ( 'NONE', #7022, #3655, #6029 ) ;
#7246 = CARTESIAN_POINT ( 'NONE',  ( 3.257583998163493533, -26.59999999999997655, 2.957726575413680337 ) ) ;
#7247 = CARTESIAN_POINT ( 'NONE',  ( -4.373948876459917479, -24.39999999999997371, -0.4780912319998809612 ) ) ;
#7248 = ADVANCED_FACE ( 'NONE', ( #850 ), #4179, .T. ) ;
#7249 = CARTESIAN_POINT ( 'NONE',  ( 6.109403585000321442E-15, -36.10000000000005116, -2.000000000000026201 ) ) ;
#7250 = DIRECTION ( 'NONE',  ( -1.249000902703301108E-16, 9.912705577010326536E-16, -1.000000000000000000 ) ) ;
#7251 = DIRECTION ( 'NONE',  ( -0.000000000000000000, -1.000000000000000000, -0.000000000000000000 ) ) ;
#7252 = CARTESIAN_POINT ( 'NONE',  ( -4.793872293848801647, -27.09999999999997655, -2.158265195769866640 ) ) ;
#7253 = CARTESIAN_POINT ( 'NONE',  ( -4.529290134332889295, -29.29999999999997584, 0.9430909082777385599 ) ) ;
#7254 = VERTEX_POINT ( 'NONE', #1887 ) ;
ENDSEC;
END-ISO-10303-21;
