[0.167s] DEBUG:colcon:Command line arguments: ['/usr/bin/colcon', 'list']
[0.167s] DEBUG:colcon:Parsed command line arguments: Namespace(log_base=None, log_level=None, verb_name='list', build_base='build', ignore_user_meta=False, metas=['./colcon.meta'], base_paths=['.'], packages_ignore=None, packages_ignore_regex=None, paths=None, packages_up_to=None, packages_up_to_regex=None, packages_above=None, packages_above_and_dependencies=None, packages_above_depth=None, packages_select_by_dep=None, packages_skip_by_dep=None, packages_skip_up_to=None, packages_select_build_failed=False, packages_skip_build_finished=False, packages_select_test_failures=False, packages_skip_test_passed=False, packages_select=None, packages_skip=None, packages_select_regex=None, packages_skip_regex=None, packages_start=None, packages_end=None, allow_overriding=[], topological_order=False, names_only=False, paths_only=False, topological_graph=False, topological_graph_dot=False, topological_graph_density=False, topological_graph_legend=False, topological_graph_dot_cluster=False, topological_graph_dot_include_skipped=False, verb_parser=<colcon_defaults.argument_parser.defaults.DefaultArgumentsDecorator object at 0x7e3e6285ce20>, verb_extension=<colcon_package_information.verb.list.ListVerb object at 0x7e3e629d9c90>, main=<bound method ListVerb.main of <colcon_package_information.verb.list.ListVerb object at 0x7e3e629d9c90>>)
[0.461s] Level 1:colcon.colcon_core.package_discovery:discover_packages(colcon_meta) check parameters
[0.462s] Level 1:colcon.colcon_core.package_discovery:discover_packages(recursive) check parameters
[0.462s] Level 1:colcon.colcon_core.package_discovery:discover_packages(ignore) check parameters
[0.462s] Level 1:colcon.colcon_core.package_discovery:discover_packages(path) check parameters
[0.462s] Level 1:colcon.colcon_core.package_discovery:discover_packages(colcon_meta) discover
[0.462s] Level 1:colcon.colcon_core.package_discovery:discover_packages(recursive) discover
[0.462s] INFO:colcon.colcon_core.package_discovery:Crawling recursively for packages in '/home/haoran/Arm/meter_replacement'
[0.462s] Level 1:colcon.colcon_core.package_identification:_identify(.) by extensions ['ignore', 'ignore_ament_install']
[0.463s] Level 1:colcon.colcon_core.package_identification:_identify(.) by extension 'ignore'
[0.463s] Level 1:colcon.colcon_core.package_identification:_identify(.) by extension 'ignore_ament_install'
[0.463s] Level 1:colcon.colcon_core.package_identification:_identify(.) by extensions ['colcon_pkg']
[0.463s] Level 1:colcon.colcon_core.package_identification:_identify(.) by extension 'colcon_pkg'
[0.463s] Level 1:colcon.colcon_core.package_identification:_identify(.) by extensions ['colcon_meta']
[0.463s] Level 1:colcon.colcon_core.package_identification:_identify(.) by extension 'colcon_meta'
[0.463s] Level 1:colcon.colcon_core.package_identification:_identify(.) by extensions ['ros']
[0.463s] Level 1:colcon.colcon_core.package_identification:_identify(.) by extension 'ros'
[0.490s] Level 1:colcon.colcon_core.package_identification:_identify(.) by extensions ['cmake', 'python']
[0.490s] Level 1:colcon.colcon_core.package_identification:_identify(.) by extension 'cmake'
[0.491s] Level 1:colcon.colcon_core.package_identification:_identify(.) by extension 'python'
[0.491s] Level 1:colcon.colcon_core.package_identification:_identify(.) by extensions ['python_setup_py']
[0.491s] Level 1:colcon.colcon_core.package_identification:_identify(.) by extension 'python_setup_py'
[0.491s] Level 1:colcon.colcon_core.package_identification:_identify(app) by extensions ['ignore', 'ignore_ament_install']
[0.492s] Level 1:colcon.colcon_core.package_identification:_identify(app) by extension 'ignore'
[0.492s] Level 1:colcon.colcon_core.package_identification:_identify(app) by extension 'ignore_ament_install'
[0.492s] Level 1:colcon.colcon_core.package_identification:_identify(app) by extensions ['colcon_pkg']
[0.492s] Level 1:colcon.colcon_core.package_identification:_identify(app) by extension 'colcon_pkg'
[0.492s] Level 1:colcon.colcon_core.package_identification:_identify(app) by extensions ['colcon_meta']
[0.492s] Level 1:colcon.colcon_core.package_identification:_identify(app) by extension 'colcon_meta'
[0.492s] Level 1:colcon.colcon_core.package_identification:_identify(app) by extensions ['ros']
[0.492s] Level 1:colcon.colcon_core.package_identification:_identify(app) by extension 'ros'
[0.493s] Level 1:colcon.colcon_core.package_identification:_identify(app) by extensions ['cmake', 'python']
[0.493s] Level 1:colcon.colcon_core.package_identification:_identify(app) by extension 'cmake'
[0.493s] Level 1:colcon.colcon_core.package_identification:_identify(app) by extension 'python'
[0.493s] Level 1:colcon.colcon_core.package_identification:_identify(app) by extensions ['python_setup_py']
[0.493s] Level 1:colcon.colcon_core.package_identification:_identify(app) by extension 'python_setup_py'
[0.493s] Level 1:colcon.colcon_core.package_identification:_identify(assets) by extensions ['ignore', 'ignore_ament_install']
[0.493s] Level 1:colcon.colcon_core.package_identification:_identify(assets) by extension 'ignore'
[0.493s] Level 1:colcon.colcon_core.package_identification:_identify(assets) by extension 'ignore_ament_install'
[0.493s] Level 1:colcon.colcon_core.package_identification:_identify(assets) by extensions ['colcon_pkg']
[0.493s] Level 1:colcon.colcon_core.package_identification:_identify(assets) by extension 'colcon_pkg'
[0.493s] Level 1:colcon.colcon_core.package_identification:_identify(assets) by extensions ['colcon_meta']
[0.493s] Level 1:colcon.colcon_core.package_identification:_identify(assets) by extension 'colcon_meta'
[0.494s] Level 1:colcon.colcon_core.package_identification:_identify(assets) by extensions ['ros']
[0.494s] Level 1:colcon.colcon_core.package_identification:_identify(assets) by extension 'ros'
[0.494s] Level 1:colcon.colcon_core.package_identification:_identify(assets) by extensions ['cmake', 'python']
[0.494s] Level 1:colcon.colcon_core.package_identification:_identify(assets) by extension 'cmake'
[0.494s] Level 1:colcon.colcon_core.package_identification:_identify(assets) by extension 'python'
[0.494s] Level 1:colcon.colcon_core.package_identification:_identify(assets) by extensions ['python_setup_py']
[0.494s] Level 1:colcon.colcon_core.package_identification:_identify(assets) by extension 'python_setup_py'
[0.494s] Level 1:colcon.colcon_core.package_identification:_identify(assets/cad) by extensions ['ignore', 'ignore_ament_install']
[0.494s] Level 1:colcon.colcon_core.package_identification:_identify(assets/cad) by extension 'ignore'
[0.495s] Level 1:colcon.colcon_core.package_identification:_identify(assets/cad) by extension 'ignore_ament_install'
[0.495s] Level 1:colcon.colcon_core.package_identification:_identify(assets/cad) by extensions ['colcon_pkg']
[0.495s] Level 1:colcon.colcon_core.package_identification:_identify(assets/cad) by extension 'colcon_pkg'
[0.495s] Level 1:colcon.colcon_core.package_identification:_identify(assets/cad) by extensions ['colcon_meta']
[0.495s] Level 1:colcon.colcon_core.package_identification:_identify(assets/cad) by extension 'colcon_meta'
[0.495s] Level 1:colcon.colcon_core.package_identification:_identify(assets/cad) by extensions ['ros']
[0.495s] Level 1:colcon.colcon_core.package_identification:_identify(assets/cad) by extension 'ros'
[0.495s] Level 1:colcon.colcon_core.package_identification:_identify(assets/cad) by extensions ['cmake', 'python']
[0.495s] Level 1:colcon.colcon_core.package_identification:_identify(assets/cad) by extension 'cmake'
[0.495s] Level 1:colcon.colcon_core.package_identification:_identify(assets/cad) by extension 'python'
[0.496s] Level 1:colcon.colcon_core.package_identification:_identify(assets/cad) by extensions ['python_setup_py']
[0.496s] Level 1:colcon.colcon_core.package_identification:_identify(assets/cad) by extension 'python_setup_py'
[0.496s] Level 1:colcon.colcon_core.package_identification:_identify(assets/cad/camera) by extensions ['ignore', 'ignore_ament_install']
[0.496s] Level 1:colcon.colcon_core.package_identification:_identify(assets/cad/camera) by extension 'ignore'
[0.496s] Level 1:colcon.colcon_core.package_identification:_identify(assets/cad/camera) by extension 'ignore_ament_install'
[0.496s] Level 1:colcon.colcon_core.package_identification:_identify(assets/cad/camera) by extensions ['colcon_pkg']
[0.496s] Level 1:colcon.colcon_core.package_identification:_identify(assets/cad/camera) by extension 'colcon_pkg'
[0.496s] Level 1:colcon.colcon_core.package_identification:_identify(assets/cad/camera) by extensions ['colcon_meta']
[0.496s] Level 1:colcon.colcon_core.package_identification:_identify(assets/cad/camera) by extension 'colcon_meta'
[0.496s] Level 1:colcon.colcon_core.package_identification:_identify(assets/cad/camera) by extensions ['ros']
[0.496s] Level 1:colcon.colcon_core.package_identification:_identify(assets/cad/camera) by extension 'ros'
[0.496s] Level 1:colcon.colcon_core.package_identification:_identify(assets/cad/camera) by extensions ['cmake', 'python']
[0.497s] Level 1:colcon.colcon_core.package_identification:_identify(assets/cad/camera) by extension 'cmake'
[0.497s] Level 1:colcon.colcon_core.package_identification:_identify(assets/cad/camera) by extension 'python'
[0.497s] Level 1:colcon.colcon_core.package_identification:_identify(assets/cad/camera) by extensions ['python_setup_py']
[0.497s] Level 1:colcon.colcon_core.package_identification:_identify(assets/cad/camera) by extension 'python_setup_py'
[0.497s] Level 1:colcon.colcon_core.package_identification:_identify(assets/cad/camera/intel-realsense-d435) by extensions ['ignore', 'ignore_ament_install']
[0.497s] Level 1:colcon.colcon_core.package_identification:_identify(assets/cad/camera/intel-realsense-d435) by extension 'ignore'
[0.497s] Level 1:colcon.colcon_core.package_identification:_identify(assets/cad/camera/intel-realsense-d435) by extension 'ignore_ament_install'
[0.497s] Level 1:colcon.colcon_core.package_identification:_identify(assets/cad/camera/intel-realsense-d435) by extensions ['colcon_pkg']
[0.497s] Level 1:colcon.colcon_core.package_identification:_identify(assets/cad/camera/intel-realsense-d435) by extension 'colcon_pkg'
[0.497s] Level 1:colcon.colcon_core.package_identification:_identify(assets/cad/camera/intel-realsense-d435) by extensions ['colcon_meta']
[0.497s] Level 1:colcon.colcon_core.package_identification:_identify(assets/cad/camera/intel-realsense-d435) by extension 'colcon_meta'
[0.497s] Level 1:colcon.colcon_core.package_identification:_identify(assets/cad/camera/intel-realsense-d435) by extensions ['ros']
[0.498s] Level 1:colcon.colcon_core.package_identification:_identify(assets/cad/camera/intel-realsense-d435) by extension 'ros'
[0.498s] Level 1:colcon.colcon_core.package_identification:_identify(assets/cad/camera/intel-realsense-d435) by extensions ['cmake', 'python']
[0.498s] Level 1:colcon.colcon_core.package_identification:_identify(assets/cad/camera/intel-realsense-d435) by extension 'cmake'
[0.498s] Level 1:colcon.colcon_core.package_identification:_identify(assets/cad/camera/intel-realsense-d435) by extension 'python'
[0.498s] Level 1:colcon.colcon_core.package_identification:_identify(assets/cad/camera/intel-realsense-d435) by extensions ['python_setup_py']
[0.498s] Level 1:colcon.colcon_core.package_identification:_identify(assets/cad/camera/intel-realsense-d435) by extension 'python_setup_py'
[0.498s] Level 1:colcon.colcon_core.package_identification:_identify(assets/cad/camera/intel-realsense-d435/source) by extensions ['ignore', 'ignore_ament_install']
[0.498s] Level 1:colcon.colcon_core.package_identification:_identify(assets/cad/camera/intel-realsense-d435/source) by extension 'ignore'
[0.498s] Level 1:colcon.colcon_core.package_identification:_identify(assets/cad/camera/intel-realsense-d435/source) by extension 'ignore_ament_install'
[0.498s] Level 1:colcon.colcon_core.package_identification:_identify(assets/cad/camera/intel-realsense-d435/source) by extensions ['colcon_pkg']
[0.498s] Level 1:colcon.colcon_core.package_identification:_identify(assets/cad/camera/intel-realsense-d435/source) by extension 'colcon_pkg'
[0.499s] Level 1:colcon.colcon_core.package_identification:_identify(assets/cad/camera/intel-realsense-d435/source) by extensions ['colcon_meta']
[0.499s] Level 1:colcon.colcon_core.package_identification:_identify(assets/cad/camera/intel-realsense-d435/source) by extension 'colcon_meta'
[0.499s] Level 1:colcon.colcon_core.package_identification:_identify(assets/cad/camera/intel-realsense-d435/source) by extensions ['ros']
[0.499s] Level 1:colcon.colcon_core.package_identification:_identify(assets/cad/camera/intel-realsense-d435/source) by extension 'ros'
[0.499s] Level 1:colcon.colcon_core.package_identification:_identify(assets/cad/camera/intel-realsense-d435/source) by extensions ['cmake', 'python']
[0.499s] Level 1:colcon.colcon_core.package_identification:_identify(assets/cad/camera/intel-realsense-d435/source) by extension 'cmake'
[0.499s] Level 1:colcon.colcon_core.package_identification:_identify(assets/cad/camera/intel-realsense-d435/source) by extension 'python'
[0.499s] Level 1:colcon.colcon_core.package_identification:_identify(assets/cad/camera/intel-realsense-d435/source) by extensions ['python_setup_py']
[0.499s] Level 1:colcon.colcon_core.package_identification:_identify(assets/cad/camera/intel-realsense-d435/source) by extension 'python_setup_py'
[0.499s] Level 1:colcon.colcon_core.package_identification:_identify(assets/cad/electric_meter) by extensions ['ignore', 'ignore_ament_install']
[0.499s] Level 1:colcon.colcon_core.package_identification:_identify(assets/cad/electric_meter) by extension 'ignore'
[0.500s] Level 1:colcon.colcon_core.package_identification:_identify(assets/cad/electric_meter) by extension 'ignore_ament_install'
[0.500s] Level 1:colcon.colcon_core.package_identification:_identify(assets/cad/electric_meter) by extensions ['colcon_pkg']
[0.500s] Level 1:colcon.colcon_core.package_identification:_identify(assets/cad/electric_meter) by extension 'colcon_pkg'
[0.500s] Level 1:colcon.colcon_core.package_identification:_identify(assets/cad/electric_meter) by extensions ['colcon_meta']
[0.500s] Level 1:colcon.colcon_core.package_identification:_identify(assets/cad/electric_meter) by extension 'colcon_meta'
[0.500s] Level 1:colcon.colcon_core.package_identification:_identify(assets/cad/electric_meter) by extensions ['ros']
[0.500s] Level 1:colcon.colcon_core.package_identification:_identify(assets/cad/electric_meter) by extension 'ros'
[0.500s] Level 1:colcon.colcon_core.package_identification:_identify(assets/cad/electric_meter) by extensions ['cmake', 'python']
[0.500s] Level 1:colcon.colcon_core.package_identification:_identify(assets/cad/electric_meter) by extension 'cmake'
[0.500s] Level 1:colcon.colcon_core.package_identification:_identify(assets/cad/electric_meter) by extension 'python'
[0.500s] Level 1:colcon.colcon_core.package_identification:_identify(assets/cad/electric_meter) by extensions ['python_setup_py']
[0.500s] Level 1:colcon.colcon_core.package_identification:_identify(assets/cad/electric_meter) by extension 'python_setup_py'
[0.501s] Level 1:colcon.colcon_core.package_identification:_identify(assets/cad/electric_meter/source) by extensions ['ignore', 'ignore_ament_install']
[0.501s] Level 1:colcon.colcon_core.package_identification:_identify(assets/cad/electric_meter/source) by extension 'ignore'
[0.501s] Level 1:colcon.colcon_core.package_identification:_identify(assets/cad/electric_meter/source) by extension 'ignore_ament_install'
[0.501s] Level 1:colcon.colcon_core.package_identification:_identify(assets/cad/electric_meter/source) by extensions ['colcon_pkg']
[0.501s] Level 1:colcon.colcon_core.package_identification:_identify(assets/cad/electric_meter/source) by extension 'colcon_pkg'
[0.501s] Level 1:colcon.colcon_core.package_identification:_identify(assets/cad/electric_meter/source) by extensions ['colcon_meta']
[0.501s] Level 1:colcon.colcon_core.package_identification:_identify(assets/cad/electric_meter/source) by extension 'colcon_meta'
[0.501s] Level 1:colcon.colcon_core.package_identification:_identify(assets/cad/electric_meter/source) by extensions ['ros']
[0.501s] Level 1:colcon.colcon_core.package_identification:_identify(assets/cad/electric_meter/source) by extension 'ros'
[0.501s] Level 1:colcon.colcon_core.package_identification:_identify(assets/cad/electric_meter/source) by extensions ['cmake', 'python']
[0.501s] Level 1:colcon.colcon_core.package_identification:_identify(assets/cad/electric_meter/source) by extension 'cmake'
[0.501s] Level 1:colcon.colcon_core.package_identification:_identify(assets/cad/electric_meter/source) by extension 'python'
[0.502s] Level 1:colcon.colcon_core.package_identification:_identify(assets/cad/electric_meter/source) by extensions ['python_setup_py']
[0.502s] Level 1:colcon.colcon_core.package_identification:_identify(assets/cad/electric_meter/source) by extension 'python_setup_py'
[0.502s] Level 1:colcon.colcon_core.package_identification:_identify(assets/cad/electric_screwdriver) by extensions ['ignore', 'ignore_ament_install']
[0.502s] Level 1:colcon.colcon_core.package_identification:_identify(assets/cad/electric_screwdriver) by extension 'ignore'
[0.502s] Level 1:colcon.colcon_core.package_identification:_identify(assets/cad/electric_screwdriver) by extension 'ignore_ament_install'
[0.502s] Level 1:colcon.colcon_core.package_identification:_identify(assets/cad/electric_screwdriver) by extensions ['colcon_pkg']
[0.502s] Level 1:colcon.colcon_core.package_identification:_identify(assets/cad/electric_screwdriver) by extension 'colcon_pkg'
[0.502s] Level 1:colcon.colcon_core.package_identification:_identify(assets/cad/electric_screwdriver) by extensions ['colcon_meta']
[0.502s] Level 1:colcon.colcon_core.package_identification:_identify(assets/cad/electric_screwdriver) by extension 'colcon_meta'
[0.502s] Level 1:colcon.colcon_core.package_identification:_identify(assets/cad/electric_screwdriver) by extensions ['ros']
[0.502s] Level 1:colcon.colcon_core.package_identification:_identify(assets/cad/electric_screwdriver) by extension 'ros'
[0.502s] Level 1:colcon.colcon_core.package_identification:_identify(assets/cad/electric_screwdriver) by extensions ['cmake', 'python']
[0.502s] Level 1:colcon.colcon_core.package_identification:_identify(assets/cad/electric_screwdriver) by extension 'cmake'
[0.502s] Level 1:colcon.colcon_core.package_identification:_identify(assets/cad/electric_screwdriver) by extension 'python'
[0.502s] Level 1:colcon.colcon_core.package_identification:_identify(assets/cad/electric_screwdriver) by extensions ['python_setup_py']
[0.503s] Level 1:colcon.colcon_core.package_identification:_identify(assets/cad/electric_screwdriver) by extension 'python_setup_py'
[0.503s] Level 1:colcon.colcon_core.package_identification:_identify(assets/cad/electric_screwdriver/e350-dsf0045) by extensions ['ignore', 'ignore_ament_install']
[0.503s] Level 1:colcon.colcon_core.package_identification:_identify(assets/cad/electric_screwdriver/e350-dsf0045) by extension 'ignore'
[0.503s] Level 1:colcon.colcon_core.package_identification:_identify(assets/cad/electric_screwdriver/e350-dsf0045) by extension 'ignore_ament_install'
[0.503s] Level 1:colcon.colcon_core.package_identification:_identify(assets/cad/electric_screwdriver/e350-dsf0045) by extensions ['colcon_pkg']
[0.503s] Level 1:colcon.colcon_core.package_identification:_identify(assets/cad/electric_screwdriver/e350-dsf0045) by extension 'colcon_pkg'
[0.503s] Level 1:colcon.colcon_core.package_identification:_identify(assets/cad/electric_screwdriver/e350-dsf0045) by extensions ['colcon_meta']
[0.503s] Level 1:colcon.colcon_core.package_identification:_identify(assets/cad/electric_screwdriver/e350-dsf0045) by extension 'colcon_meta'
[0.503s] Level 1:colcon.colcon_core.package_identification:_identify(assets/cad/electric_screwdriver/e350-dsf0045) by extensions ['ros']
[0.504s] Level 1:colcon.colcon_core.package_identification:_identify(assets/cad/electric_screwdriver/e350-dsf0045) by extension 'ros'
[0.504s] Level 1:colcon.colcon_core.package_identification:_identify(assets/cad/electric_screwdriver/e350-dsf0045) by extensions ['cmake', 'python']
[0.504s] Level 1:colcon.colcon_core.package_identification:_identify(assets/cad/electric_screwdriver/e350-dsf0045) by extension 'cmake'
[0.504s] Level 1:colcon.colcon_core.package_identification:_identify(assets/cad/electric_screwdriver/e350-dsf0045) by extension 'python'
[0.504s] Level 1:colcon.colcon_core.package_identification:_identify(assets/cad/electric_screwdriver/e350-dsf0045) by extensions ['python_setup_py']
[0.504s] Level 1:colcon.colcon_core.package_identification:_identify(assets/cad/electric_screwdriver/e350-dsf0045) by extension 'python_setup_py'
[0.504s] Level 1:colcon.colcon_core.package_identification:_identify(assets/cad/electric_screwdriver/e350-dsf0045/source) by extensions ['ignore', 'ignore_ament_install']
[0.504s] Level 1:colcon.colcon_core.package_identification:_identify(assets/cad/electric_screwdriver/e350-dsf0045/source) by extension 'ignore'
[0.504s] Level 1:colcon.colcon_core.package_identification:_identify(assets/cad/electric_screwdriver/e350-dsf0045/source) by extension 'ignore_ament_install'
[0.504s] Level 1:colcon.colcon_core.package_identification:_identify(assets/cad/electric_screwdriver/e350-dsf0045/source) by extensions ['colcon_pkg']
[0.505s] Level 1:colcon.colcon_core.package_identification:_identify(assets/cad/electric_screwdriver/e350-dsf0045/source) by extension 'colcon_pkg'
[0.505s] Level 1:colcon.colcon_core.package_identification:_identify(assets/cad/electric_screwdriver/e350-dsf0045/source) by extensions ['colcon_meta']
[0.505s] Level 1:colcon.colcon_core.package_identification:_identify(assets/cad/electric_screwdriver/e350-dsf0045/source) by extension 'colcon_meta'
[0.505s] Level 1:colcon.colcon_core.package_identification:_identify(assets/cad/electric_screwdriver/e350-dsf0045/source) by extensions ['ros']
[0.505s] Level 1:colcon.colcon_core.package_identification:_identify(assets/cad/electric_screwdriver/e350-dsf0045/source) by extension 'ros'
[0.505s] Level 1:colcon.colcon_core.package_identification:_identify(assets/cad/electric_screwdriver/e350-dsf0045/source) by extensions ['cmake', 'python']
[0.505s] Level 1:colcon.colcon_core.package_identification:_identify(assets/cad/electric_screwdriver/e350-dsf0045/source) by extension 'cmake'
[0.505s] Level 1:colcon.colcon_core.package_identification:_identify(assets/cad/electric_screwdriver/e350-dsf0045/source) by extension 'python'
[0.505s] Level 1:colcon.colcon_core.package_identification:_identify(assets/cad/electric_screwdriver/e350-dsf0045/source) by extensions ['python_setup_py']
[0.505s] Level 1:colcon.colcon_core.package_identification:_identify(assets/cad/electric_screwdriver/e350-dsf0045/source) by extension 'python_setup_py'
[0.505s] Level 1:colcon.colcon_core.package_identification:_identify(assets/cad/gripper) by extensions ['ignore', 'ignore_ament_install']
[0.506s] Level 1:colcon.colcon_core.package_identification:_identify(assets/cad/gripper) by extension 'ignore'
[0.506s] Level 1:colcon.colcon_core.package_identification:_identify(assets/cad/gripper) by extension 'ignore_ament_install'
[0.506s] Level 1:colcon.colcon_core.package_identification:_identify(assets/cad/gripper) by extensions ['colcon_pkg']
[0.506s] Level 1:colcon.colcon_core.package_identification:_identify(assets/cad/gripper) by extension 'colcon_pkg'
[0.506s] Level 1:colcon.colcon_core.package_identification:_identify(assets/cad/gripper) by extensions ['colcon_meta']
[0.506s] Level 1:colcon.colcon_core.package_identification:_identify(assets/cad/gripper) by extension 'colcon_meta'
[0.506s] Level 1:colcon.colcon_core.package_identification:_identify(assets/cad/gripper) by extensions ['ros']
[0.506s] Level 1:colcon.colcon_core.package_identification:_identify(assets/cad/gripper) by extension 'ros'
[0.506s] Level 1:colcon.colcon_core.package_identification:_identify(assets/cad/gripper) by extensions ['cmake', 'python']
[0.506s] Level 1:colcon.colcon_core.package_identification:_identify(assets/cad/gripper) by extension 'cmake'
[0.506s] Level 1:colcon.colcon_core.package_identification:_identify(assets/cad/gripper) by extension 'python'
[0.507s] Level 1:colcon.colcon_core.package_identification:_identify(assets/cad/gripper) by extensions ['python_setup_py']
[0.507s] Level 1:colcon.colcon_core.package_identification:_identify(assets/cad/gripper) by extension 'python_setup_py'
[0.507s] Level 1:colcon.colcon_core.package_identification:_identify(assets/cad/gripper/epg40-100) by extensions ['ignore', 'ignore_ament_install']
[0.507s] Level 1:colcon.colcon_core.package_identification:_identify(assets/cad/gripper/epg40-100) by extension 'ignore'
[0.507s] Level 1:colcon.colcon_core.package_identification:_identify(assets/cad/gripper/epg40-100) by extension 'ignore_ament_install'
[0.507s] Level 1:colcon.colcon_core.package_identification:_identify(assets/cad/gripper/epg40-100) by extensions ['colcon_pkg']
[0.507s] Level 1:colcon.colcon_core.package_identification:_identify(assets/cad/gripper/epg40-100) by extension 'colcon_pkg'
[0.507s] Level 1:colcon.colcon_core.package_identification:_identify(assets/cad/gripper/epg40-100) by extensions ['colcon_meta']
[0.507s] Level 1:colcon.colcon_core.package_identification:_identify(assets/cad/gripper/epg40-100) by extension 'colcon_meta'
[0.508s] Level 1:colcon.colcon_core.package_identification:_identify(assets/cad/gripper/epg40-100) by extensions ['ros']
[0.508s] Level 1:colcon.colcon_core.package_identification:_identify(assets/cad/gripper/epg40-100) by extension 'ros'
[0.508s] Level 1:colcon.colcon_core.package_identification:_identify(assets/cad/gripper/epg40-100) by extensions ['cmake', 'python']
[0.508s] Level 1:colcon.colcon_core.package_identification:_identify(assets/cad/gripper/epg40-100) by extension 'cmake'
[0.508s] Level 1:colcon.colcon_core.package_identification:_identify(assets/cad/gripper/epg40-100) by extension 'python'
[0.508s] Level 1:colcon.colcon_core.package_identification:_identify(assets/cad/gripper/epg40-100) by extensions ['python_setup_py']
[0.508s] Level 1:colcon.colcon_core.package_identification:_identify(assets/cad/gripper/epg40-100) by extension 'python_setup_py'
[0.508s] Level 1:colcon.colcon_core.package_identification:_identify(assets/cad/gripper/epg40-100/source) by extensions ['ignore', 'ignore_ament_install']
[0.508s] Level 1:colcon.colcon_core.package_identification:_identify(assets/cad/gripper/epg40-100/source) by extension 'ignore'
[0.508s] Level 1:colcon.colcon_core.package_identification:_identify(assets/cad/gripper/epg40-100/source) by extension 'ignore_ament_install'
[0.508s] Level 1:colcon.colcon_core.package_identification:_identify(assets/cad/gripper/epg40-100/source) by extensions ['colcon_pkg']
[0.508s] Level 1:colcon.colcon_core.package_identification:_identify(assets/cad/gripper/epg40-100/source) by extension 'colcon_pkg'
[0.509s] Level 1:colcon.colcon_core.package_identification:_identify(assets/cad/gripper/epg40-100/source) by extensions ['colcon_meta']
[0.509s] Level 1:colcon.colcon_core.package_identification:_identify(assets/cad/gripper/epg40-100/source) by extension 'colcon_meta'
[0.509s] Level 1:colcon.colcon_core.package_identification:_identify(assets/cad/gripper/epg40-100/source) by extensions ['ros']
[0.509s] Level 1:colcon.colcon_core.package_identification:_identify(assets/cad/gripper/epg40-100/source) by extension 'ros'
[0.509s] Level 1:colcon.colcon_core.package_identification:_identify(assets/cad/gripper/epg40-100/source) by extensions ['cmake', 'python']
[0.509s] Level 1:colcon.colcon_core.package_identification:_identify(assets/cad/gripper/epg40-100/source) by extension 'cmake'
[0.509s] Level 1:colcon.colcon_core.package_identification:_identify(assets/cad/gripper/epg40-100/source) by extension 'python'
[0.509s] Level 1:colcon.colcon_core.package_identification:_identify(assets/cad/gripper/epg40-100/source) by extensions ['python_setup_py']
[0.509s] Level 1:colcon.colcon_core.package_identification:_identify(assets/cad/gripper/epg40-100/source) by extension 'python_setup_py'
[0.509s] Level 1:colcon.colcon_core.package_identification:_identify(config) by extensions ['ignore', 'ignore_ament_install']
[0.509s] Level 1:colcon.colcon_core.package_identification:_identify(config) by extension 'ignore'
[0.509s] Level 1:colcon.colcon_core.package_identification:_identify(config) by extension 'ignore_ament_install'
[0.509s] Level 1:colcon.colcon_core.package_identification:_identify(config) by extensions ['colcon_pkg']
[0.509s] Level 1:colcon.colcon_core.package_identification:_identify(config) by extension 'colcon_pkg'
[0.510s] Level 1:colcon.colcon_core.package_identification:_identify(config) by extensions ['colcon_meta']
[0.510s] Level 1:colcon.colcon_core.package_identification:_identify(config) by extension 'colcon_meta'
[0.510s] Level 1:colcon.colcon_core.package_identification:_identify(config) by extensions ['ros']
[0.510s] Level 1:colcon.colcon_core.package_identification:_identify(config) by extension 'ros'
[0.510s] Level 1:colcon.colcon_core.package_identification:_identify(config) by extensions ['cmake', 'python']
[0.510s] Level 1:colcon.colcon_core.package_identification:_identify(config) by extension 'cmake'
[0.510s] Level 1:colcon.colcon_core.package_identification:_identify(config) by extension 'python'
[0.510s] Level 1:colcon.colcon_core.package_identification:_identify(config) by extensions ['python_setup_py']
[0.510s] Level 1:colcon.colcon_core.package_identification:_identify(config) by extension 'python_setup_py'
[0.510s] Level 1:colcon.colcon_core.package_identification:_identify(log) by extensions ['ignore', 'ignore_ament_install']
[0.510s] Level 1:colcon.colcon_core.package_identification:_identify(log) by extension 'ignore'
[0.510s] Level 1:colcon.colcon_core.package_identification:_identify(log) ignored
[0.511s] Level 1:colcon.colcon_core.package_identification:_identify(logs) by extensions ['ignore', 'ignore_ament_install']
[0.511s] Level 1:colcon.colcon_core.package_identification:_identify(logs) by extension 'ignore'
[0.511s] Level 1:colcon.colcon_core.package_identification:_identify(logs) by extension 'ignore_ament_install'
[0.511s] Level 1:colcon.colcon_core.package_identification:_identify(logs) by extensions ['colcon_pkg']
[0.511s] Level 1:colcon.colcon_core.package_identification:_identify(logs) by extension 'colcon_pkg'
[0.511s] Level 1:colcon.colcon_core.package_identification:_identify(logs) by extensions ['colcon_meta']
[0.511s] Level 1:colcon.colcon_core.package_identification:_identify(logs) by extension 'colcon_meta'
[0.511s] Level 1:colcon.colcon_core.package_identification:_identify(logs) by extensions ['ros']
[0.511s] Level 1:colcon.colcon_core.package_identification:_identify(logs) by extension 'ros'
[0.511s] Level 1:colcon.colcon_core.package_identification:_identify(logs) by extensions ['cmake', 'python']
[0.511s] Level 1:colcon.colcon_core.package_identification:_identify(logs) by extension 'cmake'
[0.511s] Level 1:colcon.colcon_core.package_identification:_identify(logs) by extension 'python'
[0.511s] Level 1:colcon.colcon_core.package_identification:_identify(logs) by extensions ['python_setup_py']
[0.511s] Level 1:colcon.colcon_core.package_identification:_identify(logs) by extension 'python_setup_py'
[0.512s] Level 1:colcon.colcon_core.package_identification:_identify(logs/calibration) by extensions ['ignore', 'ignore_ament_install']
[0.512s] Level 1:colcon.colcon_core.package_identification:_identify(logs/calibration) by extension 'ignore'
[0.512s] Level 1:colcon.colcon_core.package_identification:_identify(logs/calibration) by extension 'ignore_ament_install'
[0.512s] Level 1:colcon.colcon_core.package_identification:_identify(logs/calibration) by extensions ['colcon_pkg']
[0.512s] Level 1:colcon.colcon_core.package_identification:_identify(logs/calibration) by extension 'colcon_pkg'
[0.512s] Level 1:colcon.colcon_core.package_identification:_identify(logs/calibration) by extensions ['colcon_meta']
[0.513s] Level 1:colcon.colcon_core.package_identification:_identify(logs/calibration) by extension 'colcon_meta'
[0.513s] Level 1:colcon.colcon_core.package_identification:_identify(logs/calibration) by extensions ['ros']
[0.513s] Level 1:colcon.colcon_core.package_identification:_identify(logs/calibration) by extension 'ros'
[0.513s] Level 1:colcon.colcon_core.package_identification:_identify(logs/calibration) by extensions ['cmake', 'python']
[0.513s] Level 1:colcon.colcon_core.package_identification:_identify(logs/calibration) by extension 'cmake'
[0.513s] Level 1:colcon.colcon_core.package_identification:_identify(logs/calibration) by extension 'python'
[0.513s] Level 1:colcon.colcon_core.package_identification:_identify(logs/calibration) by extensions ['python_setup_py']
[0.513s] Level 1:colcon.colcon_core.package_identification:_identify(logs/calibration) by extension 'python_setup_py'
[0.513s] Level 1:colcon.colcon_core.package_identification:_identify(logs/commissioning) by extensions ['ignore', 'ignore_ament_install']
[0.513s] Level 1:colcon.colcon_core.package_identification:_identify(logs/commissioning) by extension 'ignore'
[0.513s] Level 1:colcon.colcon_core.package_identification:_identify(logs/commissioning) by extension 'ignore_ament_install'
[0.514s] Level 1:colcon.colcon_core.package_identification:_identify(logs/commissioning) by extensions ['colcon_pkg']
[0.514s] Level 1:colcon.colcon_core.package_identification:_identify(logs/commissioning) by extension 'colcon_pkg'
[0.514s] Level 1:colcon.colcon_core.package_identification:_identify(logs/commissioning) by extensions ['colcon_meta']
[0.514s] Level 1:colcon.colcon_core.package_identification:_identify(logs/commissioning) by extension 'colcon_meta'
[0.514s] Level 1:colcon.colcon_core.package_identification:_identify(logs/commissioning) by extensions ['ros']
[0.514s] Level 1:colcon.colcon_core.package_identification:_identify(logs/commissioning) by extension 'ros'
[0.514s] Level 1:colcon.colcon_core.package_identification:_identify(logs/commissioning) by extensions ['cmake', 'python']
[0.514s] Level 1:colcon.colcon_core.package_identification:_identify(logs/commissioning) by extension 'cmake'
[0.514s] Level 1:colcon.colcon_core.package_identification:_identify(logs/commissioning) by extension 'python'
[0.515s] Level 1:colcon.colcon_core.package_identification:_identify(logs/commissioning) by extensions ['python_setup_py']
[0.515s] Level 1:colcon.colcon_core.package_identification:_identify(logs/commissioning) by extension 'python_setup_py'
[0.515s] Level 1:colcon.colcon_core.package_identification:_identify(logs/commissioning/runs) by extensions ['ignore', 'ignore_ament_install']
[0.515s] Level 1:colcon.colcon_core.package_identification:_identify(logs/commissioning/runs) by extension 'ignore'
[0.515s] Level 1:colcon.colcon_core.package_identification:_identify(logs/commissioning/runs) by extension 'ignore_ament_install'
[0.515s] Level 1:colcon.colcon_core.package_identification:_identify(logs/commissioning/runs) by extensions ['colcon_pkg']
[0.515s] Level 1:colcon.colcon_core.package_identification:_identify(logs/commissioning/runs) by extension 'colcon_pkg'
[0.515s] Level 1:colcon.colcon_core.package_identification:_identify(logs/commissioning/runs) by extensions ['colcon_meta']
[0.515s] Level 1:colcon.colcon_core.package_identification:_identify(logs/commissioning/runs) by extension 'colcon_meta'
[0.515s] Level 1:colcon.colcon_core.package_identification:_identify(logs/commissioning/runs) by extensions ['ros']
[0.515s] Level 1:colcon.colcon_core.package_identification:_identify(logs/commissioning/runs) by extension 'ros'
[0.515s] Level 1:colcon.colcon_core.package_identification:_identify(logs/commissioning/runs) by extensions ['cmake', 'python']
[0.515s] Level 1:colcon.colcon_core.package_identification:_identify(logs/commissioning/runs) by extension 'cmake'
[0.516s] Level 1:colcon.colcon_core.package_identification:_identify(logs/commissioning/runs) by extension 'python'
[0.516s] Level 1:colcon.colcon_core.package_identification:_identify(logs/commissioning/runs) by extensions ['python_setup_py']
[0.516s] Level 1:colcon.colcon_core.package_identification:_identify(logs/commissioning/runs) by extension 'python_setup_py'
[0.516s] Level 1:colcon.colcon_core.package_identification:_identify(logs/commissioning/runs/install-20260807-01) by extensions ['ignore', 'ignore_ament_install']
[0.517s] Level 1:colcon.colcon_core.package_identification:_identify(logs/commissioning/runs/install-20260807-01) by extension 'ignore'
[0.517s] Level 1:colcon.colcon_core.package_identification:_identify(logs/commissioning/runs/install-20260807-01) by extension 'ignore_ament_install'
[0.517s] Level 1:colcon.colcon_core.package_identification:_identify(logs/commissioning/runs/install-20260807-01) by extensions ['colcon_pkg']
[0.517s] Level 1:colcon.colcon_core.package_identification:_identify(logs/commissioning/runs/install-20260807-01) by extension 'colcon_pkg'
[0.517s] Level 1:colcon.colcon_core.package_identification:_identify(logs/commissioning/runs/install-20260807-01) by extensions ['colcon_meta']
[0.517s] Level 1:colcon.colcon_core.package_identification:_identify(logs/commissioning/runs/install-20260807-01) by extension 'colcon_meta'
[0.518s] Level 1:colcon.colcon_core.package_identification:_identify(logs/commissioning/runs/install-20260807-01) by extensions ['ros']
[0.518s] Level 1:colcon.colcon_core.package_identification:_identify(logs/commissioning/runs/install-20260807-01) by extension 'ros'
[0.519s] Level 1:colcon.colcon_core.package_identification:_identify(logs/commissioning/runs/install-20260807-01) by extensions ['cmake', 'python']
[0.519s] Level 1:colcon.colcon_core.package_identification:_identify(logs/commissioning/runs/install-20260807-01) by extension 'cmake'
[0.519s] Level 1:colcon.colcon_core.package_identification:_identify(logs/commissioning/runs/install-20260807-01) by extension 'python'
[0.519s] Level 1:colcon.colcon_core.package_identification:_identify(logs/commissioning/runs/install-20260807-01) by extensions ['python_setup_py']
[0.520s] Level 1:colcon.colcon_core.package_identification:_identify(logs/commissioning/runs/install-20260807-01) by extension 'python_setup_py'
[0.522s] Level 1:colcon.colcon_core.package_identification:_identify(logs/commissioning/runs/replay-20260819-01) by extensions ['ignore', 'ignore_ament_install']
[0.523s] Level 1:colcon.colcon_core.package_identification:_identify(logs/commissioning/runs/replay-20260819-01) by extension 'ignore'
[0.523s] Level 1:colcon.colcon_core.package_identification:_identify(logs/commissioning/runs/replay-20260819-01) by extension 'ignore_ament_install'
[0.524s] Level 1:colcon.colcon_core.package_identification:_identify(logs/commissioning/runs/replay-20260819-01) by extensions ['colcon_pkg']
[0.524s] Level 1:colcon.colcon_core.package_identification:_identify(logs/commissioning/runs/replay-20260819-01) by extension 'colcon_pkg'
[0.524s] Level 1:colcon.colcon_core.package_identification:_identify(logs/commissioning/runs/replay-20260819-01) by extensions ['colcon_meta']
[0.524s] Level 1:colcon.colcon_core.package_identification:_identify(logs/commissioning/runs/replay-20260819-01) by extension 'colcon_meta'
[0.524s] Level 1:colcon.colcon_core.package_identification:_identify(logs/commissioning/runs/replay-20260819-01) by extensions ['ros']
[0.525s] Level 1:colcon.colcon_core.package_identification:_identify(logs/commissioning/runs/replay-20260819-01) by extension 'ros'
[0.525s] Level 1:colcon.colcon_core.package_identification:_identify(logs/commissioning/runs/replay-20260819-01) by extensions ['cmake', 'python']
[0.525s] Level 1:colcon.colcon_core.package_identification:_identify(logs/commissioning/runs/replay-20260819-01) by extension 'cmake'
[0.525s] Level 1:colcon.colcon_core.package_identification:_identify(logs/commissioning/runs/replay-20260819-01) by extension 'python'
[0.525s] Level 1:colcon.colcon_core.package_identification:_identify(logs/commissioning/runs/replay-20260819-01) by extensions ['python_setup_py']
[0.525s] Level 1:colcon.colcon_core.package_identification:_identify(logs/commissioning/runs/replay-20260819-01) by extension 'python_setup_py'
[0.527s] Level 1:colcon.colcon_core.package_identification:_identify(logs/commissioning/runs/replay-20260820-01) by extensions ['ignore', 'ignore_ament_install']
[0.527s] Level 1:colcon.colcon_core.package_identification:_identify(logs/commissioning/runs/replay-20260820-01) by extension 'ignore'
[0.528s] Level 1:colcon.colcon_core.package_identification:_identify(logs/commissioning/runs/replay-20260820-01) by extension 'ignore_ament_install'
[0.528s] Level 1:colcon.colcon_core.package_identification:_identify(logs/commissioning/runs/replay-20260820-01) by extensions ['colcon_pkg']
[0.528s] Level 1:colcon.colcon_core.package_identification:_identify(logs/commissioning/runs/replay-20260820-01) by extension 'colcon_pkg'
[0.528s] Level 1:colcon.colcon_core.package_identification:_identify(logs/commissioning/runs/replay-20260820-01) by extensions ['colcon_meta']
[0.529s] Level 1:colcon.colcon_core.package_identification:_identify(logs/commissioning/runs/replay-20260820-01) by extension 'colcon_meta'
[0.529s] Level 1:colcon.colcon_core.package_identification:_identify(logs/commissioning/runs/replay-20260820-01) by extensions ['ros']
[0.529s] Level 1:colcon.colcon_core.package_identification:_identify(logs/commissioning/runs/replay-20260820-01) by extension 'ros'
[0.529s] Level 1:colcon.colcon_core.package_identification:_identify(logs/commissioning/runs/replay-20260820-01) by extensions ['cmake', 'python']
[0.529s] Level 1:colcon.colcon_core.package_identification:_identify(logs/commissioning/runs/replay-20260820-01) by extension 'cmake'
[0.529s] Level 1:colcon.colcon_core.package_identification:_identify(logs/commissioning/runs/replay-20260820-01) by extension 'python'
[0.529s] Level 1:colcon.colcon_core.package_identification:_identify(logs/commissioning/runs/replay-20260820-01) by extensions ['python_setup_py']
[0.529s] Level 1:colcon.colcon_core.package_identification:_identify(logs/commissioning/runs/replay-20260820-01) by extension 'python_setup_py'
[0.530s] Level 1:colcon.colcon_core.package_identification:_identify(logs/real_cr5) by extensions ['ignore', 'ignore_ament_install']
[0.530s] Level 1:colcon.colcon_core.package_identification:_identify(logs/real_cr5) by extension 'ignore'
[0.531s] Level 1:colcon.colcon_core.package_identification:_identify(logs/real_cr5) by extension 'ignore_ament_install'
[0.531s] Level 1:colcon.colcon_core.package_identification:_identify(logs/real_cr5) by extensions ['colcon_pkg']
[0.531s] Level 1:colcon.colcon_core.package_identification:_identify(logs/real_cr5) by extension 'colcon_pkg'
[0.531s] Level 1:colcon.colcon_core.package_identification:_identify(logs/real_cr5) by extensions ['colcon_meta']
[0.531s] Level 1:colcon.colcon_core.package_identification:_identify(logs/real_cr5) by extension 'colcon_meta'
[0.531s] Level 1:colcon.colcon_core.package_identification:_identify(logs/real_cr5) by extensions ['ros']
[0.531s] Level 1:colcon.colcon_core.package_identification:_identify(logs/real_cr5) by extension 'ros'
[0.532s] Level 1:colcon.colcon_core.package_identification:_identify(logs/real_cr5) by extensions ['cmake', 'python']
[0.532s] Level 1:colcon.colcon_core.package_identification:_identify(logs/real_cr5) by extension 'cmake'
[0.532s] Level 1:colcon.colcon_core.package_identification:_identify(logs/real_cr5) by extension 'python'
[0.532s] Level 1:colcon.colcon_core.package_identification:_identify(logs/real_cr5) by extensions ['python_setup_py']
[0.532s] Level 1:colcon.colcon_core.package_identification:_identify(logs/real_cr5) by extension 'python_setup_py'
[0.533s] Level 1:colcon.colcon_core.package_identification:_identify(logs/real_cr5/full_install_bundle) by extensions ['ignore', 'ignore_ament_install']
[0.533s] Level 1:colcon.colcon_core.package_identification:_identify(logs/real_cr5/full_install_bundle) by extension 'ignore'
[0.533s] Level 1:colcon.colcon_core.package_identification:_identify(logs/real_cr5/full_install_bundle) by extension 'ignore_ament_install'
[0.533s] Level 1:colcon.colcon_core.package_identification:_identify(logs/real_cr5/full_install_bundle) by extensions ['colcon_pkg']
[0.534s] Level 1:colcon.colcon_core.package_identification:_identify(logs/real_cr5/full_install_bundle) by extension 'colcon_pkg'
[0.534s] Level 1:colcon.colcon_core.package_identification:_identify(logs/real_cr5/full_install_bundle) by extensions ['colcon_meta']
[0.534s] Level 1:colcon.colcon_core.package_identification:_identify(logs/real_cr5/full_install_bundle) by extension 'colcon_meta'
[0.534s] Level 1:colcon.colcon_core.package_identification:_identify(logs/real_cr5/full_install_bundle) by extensions ['ros']
[0.534s] Level 1:colcon.colcon_core.package_identification:_identify(logs/real_cr5/full_install_bundle) by extension 'ros'
[0.535s] Level 1:colcon.colcon_core.package_identification:_identify(logs/real_cr5/full_install_bundle) by extensions ['cmake', 'python']
[0.535s] Level 1:colcon.colcon_core.package_identification:_identify(logs/real_cr5/full_install_bundle) by extension 'cmake'
[0.536s] Level 1:colcon.colcon_core.package_identification:_identify(logs/real_cr5/full_install_bundle) by extension 'python'
[0.536s] Level 1:colcon.colcon_core.package_identification:_identify(logs/real_cr5/full_install_bundle) by extensions ['python_setup_py']
[0.536s] Level 1:colcon.colcon_core.package_identification:_identify(logs/real_cr5/full_install_bundle) by extension 'python_setup_py'
[0.538s] Level 1:colcon.colcon_core.package_identification:_identify(logs/real_cr5/rejected) by extensions ['ignore', 'ignore_ament_install']
[0.538s] Level 1:colcon.colcon_core.package_identification:_identify(logs/real_cr5/rejected) by extension 'ignore'
[0.539s] Level 1:colcon.colcon_core.package_identification:_identify(logs/real_cr5/rejected) by extension 'ignore_ament_install'
[0.539s] Level 1:colcon.colcon_core.package_identification:_identify(logs/real_cr5/rejected) by extensions ['colcon_pkg']
[0.539s] Level 1:colcon.colcon_core.package_identification:_identify(logs/real_cr5/rejected) by extension 'colcon_pkg'
[0.539s] Level 1:colcon.colcon_core.package_identification:_identify(logs/real_cr5/rejected) by extensions ['colcon_meta']
[0.539s] Level 1:colcon.colcon_core.package_identification:_identify(logs/real_cr5/rejected) by extension 'colcon_meta'
[0.539s] Level 1:colcon.colcon_core.package_identification:_identify(logs/real_cr5/rejected) by extensions ['ros']
[0.539s] Level 1:colcon.colcon_core.package_identification:_identify(logs/real_cr5/rejected) by extension 'ros'
[0.539s] Level 1:colcon.colcon_core.package_identification:_identify(logs/real_cr5/rejected) by extensions ['cmake', 'python']
[0.539s] Level 1:colcon.colcon_core.package_identification:_identify(logs/real_cr5/rejected) by extension 'cmake'
[0.539s] Level 1:colcon.colcon_core.package_identification:_identify(logs/real_cr5/rejected) by extension 'python'
[0.539s] Level 1:colcon.colcon_core.package_identification:_identify(logs/real_cr5/rejected) by extensions ['python_setup_py']
[0.539s] Level 1:colcon.colcon_core.package_identification:_identify(logs/real_cr5/rejected) by extension 'python_setup_py'
[0.541s] Level 1:colcon.colcon_core.package_identification:_identify(logs/real_cr5/rejected/20260807_wrong_semantic_flip) by extensions ['ignore', 'ignore_ament_install']
[0.542s] Level 1:colcon.colcon_core.package_identification:_identify(logs/real_cr5/rejected/20260807_wrong_semantic_flip) by extension 'ignore'
[0.542s] Level 1:colcon.colcon_core.package_identification:_identify(logs/real_cr5/rejected/20260807_wrong_semantic_flip) by extension 'ignore_ament_install'
[0.542s] Level 1:colcon.colcon_core.package_identification:_identify(logs/real_cr5/rejected/20260807_wrong_semantic_flip) by extensions ['colcon_pkg']
[0.542s] Level 1:colcon.colcon_core.package_identification:_identify(logs/real_cr5/rejected/20260807_wrong_semantic_flip) by extension 'colcon_pkg'
[0.542s] Level 1:colcon.colcon_core.package_identification:_identify(logs/real_cr5/rejected/20260807_wrong_semantic_flip) by extensions ['colcon_meta']
[0.542s] Level 1:colcon.colcon_core.package_identification:_identify(logs/real_cr5/rejected/20260807_wrong_semantic_flip) by extension 'colcon_meta'
[0.542s] Level 1:colcon.colcon_core.package_identification:_identify(logs/real_cr5/rejected/20260807_wrong_semantic_flip) by extensions ['ros']
[0.542s] Level 1:colcon.colcon_core.package_identification:_identify(logs/real_cr5/rejected/20260807_wrong_semantic_flip) by extension 'ros'
[0.542s] Level 1:colcon.colcon_core.package_identification:_identify(logs/real_cr5/rejected/20260807_wrong_semantic_flip) by extensions ['cmake', 'python']
[0.542s] Level 1:colcon.colcon_core.package_identification:_identify(logs/real_cr5/rejected/20260807_wrong_semantic_flip) by extension 'cmake'
[0.542s] Level 1:colcon.colcon_core.package_identification:_identify(logs/real_cr5/rejected/20260807_wrong_semantic_flip) by extension 'python'
[0.542s] Level 1:colcon.colcon_core.package_identification:_identify(logs/real_cr5/rejected/20260807_wrong_semantic_flip) by extensions ['python_setup_py']
[0.542s] Level 1:colcon.colcon_core.package_identification:_identify(logs/real_cr5/rejected/20260807_wrong_semantic_flip) by extension 'python_setup_py'
[0.544s] Level 1:colcon.colcon_core.package_identification:_identify(logs/ros) by extensions ['ignore', 'ignore_ament_install']
[0.544s] Level 1:colcon.colcon_core.package_identification:_identify(logs/ros) by extension 'ignore'
[0.544s] Level 1:colcon.colcon_core.package_identification:_identify(logs/ros) by extension 'ignore_ament_install'
[0.544s] Level 1:colcon.colcon_core.package_identification:_identify(logs/ros) by extensions ['colcon_pkg']
[0.544s] Level 1:colcon.colcon_core.package_identification:_identify(logs/ros) by extension 'colcon_pkg'
[0.544s] Level 1:colcon.colcon_core.package_identification:_identify(logs/ros) by extensions ['colcon_meta']
[0.544s] Level 1:colcon.colcon_core.package_identification:_identify(logs/ros) by extension 'colcon_meta'
[0.544s] Level 1:colcon.colcon_core.package_identification:_identify(logs/ros) by extensions ['ros']
[0.544s] Level 1:colcon.colcon_core.package_identification:_identify(logs/ros) by extension 'ros'
[0.544s] Level 1:colcon.colcon_core.package_identification:_identify(logs/ros) by extensions ['cmake', 'python']
[0.544s] Level 1:colcon.colcon_core.package_identification:_identify(logs/ros) by extension 'cmake'
[0.545s] Level 1:colcon.colcon_core.package_identification:_identify(logs/ros) by extension 'python'
[0.545s] Level 1:colcon.colcon_core.package_identification:_identify(logs/ros) by extensions ['python_setup_py']
[0.545s] Level 1:colcon.colcon_core.package_identification:_identify(logs/ros) by extension 'python_setup_py'
[0.545s] Level 1:colcon.colcon_core.package_identification:_identify(logs/vision) by extensions ['ignore', 'ignore_ament_install']
[0.545s] Level 1:colcon.colcon_core.package_identification:_identify(logs/vision) by extension 'ignore'
[0.545s] Level 1:colcon.colcon_core.package_identification:_identify(logs/vision) by extension 'ignore_ament_install'
[0.545s] Level 1:colcon.colcon_core.package_identification:_identify(logs/vision) by extensions ['colcon_pkg']
[0.545s] Level 1:colcon.colcon_core.package_identification:_identify(logs/vision) by extension 'colcon_pkg'
[0.546s] Level 1:colcon.colcon_core.package_identification:_identify(logs/vision) by extensions ['colcon_meta']
[0.546s] Level 1:colcon.colcon_core.package_identification:_identify(logs/vision) by extension 'colcon_meta'
[0.546s] Level 1:colcon.colcon_core.package_identification:_identify(logs/vision) by extensions ['ros']
[0.546s] Level 1:colcon.colcon_core.package_identification:_identify(logs/vision) by extension 'ros'
[0.546s] Level 1:colcon.colcon_core.package_identification:_identify(logs/vision) by extensions ['cmake', 'python']
[0.546s] Level 1:colcon.colcon_core.package_identification:_identify(logs/vision) by extension 'cmake'
[0.546s] Level 1:colcon.colcon_core.package_identification:_identify(logs/vision) by extension 'python'
[0.546s] Level 1:colcon.colcon_core.package_identification:_identify(logs/vision) by extensions ['python_setup_py']
[0.546s] Level 1:colcon.colcon_core.package_identification:_identify(logs/vision) by extension 'python_setup_py'
[0.546s] Level 1:colcon.colcon_core.package_identification:_identify(robot) by extensions ['ignore', 'ignore_ament_install']
[0.547s] Level 1:colcon.colcon_core.package_identification:_identify(robot) by extension 'ignore'
[0.547s] Level 1:colcon.colcon_core.package_identification:_identify(robot) by extension 'ignore_ament_install'
[0.547s] Level 1:colcon.colcon_core.package_identification:_identify(robot) by extensions ['colcon_pkg']
[0.547s] Level 1:colcon.colcon_core.package_identification:_identify(robot) by extension 'colcon_pkg'
[0.547s] Level 1:colcon.colcon_core.package_identification:_identify(robot) by extensions ['colcon_meta']
[0.547s] Level 1:colcon.colcon_core.package_identification:_identify(robot) by extension 'colcon_meta'
[0.547s] Level 1:colcon.colcon_core.package_identification:_identify(robot) by extensions ['ros']
[0.547s] Level 1:colcon.colcon_core.package_identification:_identify(robot) by extension 'ros'
[0.547s] Level 1:colcon.colcon_core.package_identification:_identify(robot) by extensions ['cmake', 'python']
[0.547s] Level 1:colcon.colcon_core.package_identification:_identify(robot) by extension 'cmake'
[0.548s] Level 1:colcon.colcon_core.package_identification:_identify(robot) by extension 'python'
[0.548s] Level 1:colcon.colcon_core.package_identification:_identify(robot) by extensions ['python_setup_py']
[0.548s] Level 1:colcon.colcon_core.package_identification:_identify(robot) by extension 'python_setup_py'
[0.548s] Level 1:colcon.colcon_core.package_identification:_identify(robot/build) by extensions ['ignore', 'ignore_ament_install']
[0.548s] Level 1:colcon.colcon_core.package_identification:_identify(robot/build) by extension 'ignore'
[0.548s] Level 1:colcon.colcon_core.package_identification:_identify(robot/build) ignored
[0.548s] Level 1:colcon.colcon_core.package_identification:_identify(robot/config) by extensions ['ignore', 'ignore_ament_install']
[0.549s] Level 1:colcon.colcon_core.package_identification:_identify(robot/config) by extension 'ignore'
[0.549s] Level 1:colcon.colcon_core.package_identification:_identify(robot/config) by extension 'ignore_ament_install'
[0.549s] Level 1:colcon.colcon_core.package_identification:_identify(robot/config) by extensions ['colcon_pkg']
[0.549s] Level 1:colcon.colcon_core.package_identification:_identify(robot/config) by extension 'colcon_pkg'
[0.549s] Level 1:colcon.colcon_core.package_identification:_identify(robot/config) by extensions ['colcon_meta']
[0.549s] Level 1:colcon.colcon_core.package_identification:_identify(robot/config) by extension 'colcon_meta'
[0.549s] Level 1:colcon.colcon_core.package_identification:_identify(robot/config) by extensions ['ros']
[0.549s] Level 1:colcon.colcon_core.package_identification:_identify(robot/config) by extension 'ros'
[0.549s] Level 1:colcon.colcon_core.package_identification:_identify(robot/config) by extensions ['cmake', 'python']
[0.549s] Level 1:colcon.colcon_core.package_identification:_identify(robot/config) by extension 'cmake'
[0.549s] Level 1:colcon.colcon_core.package_identification:_identify(robot/config) by extension 'python'
[0.549s] Level 1:colcon.colcon_core.package_identification:_identify(robot/config) by extensions ['python_setup_py']
[0.549s] Level 1:colcon.colcon_core.package_identification:_identify(robot/config) by extension 'python_setup_py'
[0.549s] Level 1:colcon.colcon_core.package_identification:_identify(robot/install) by extensions ['ignore', 'ignore_ament_install']
[0.549s] Level 1:colcon.colcon_core.package_identification:_identify(robot/install) by extension 'ignore'
[0.549s] Level 1:colcon.colcon_core.package_identification:_identify(robot/install) ignored
[0.550s] Level 1:colcon.colcon_core.package_identification:_identify(robot/log) by extensions ['ignore', 'ignore_ament_install']
[0.550s] Level 1:colcon.colcon_core.package_identification:_identify(robot/log) by extension 'ignore'
[0.550s] Level 1:colcon.colcon_core.package_identification:_identify(robot/log) ignored
[0.550s] Level 1:colcon.colcon_core.package_identification:_identify(robot/real) by extensions ['ignore', 'ignore_ament_install']
[0.550s] Level 1:colcon.colcon_core.package_identification:_identify(robot/real) by extension 'ignore'
[0.550s] Level 1:colcon.colcon_core.package_identification:_identify(robot/real) by extension 'ignore_ament_install'
[0.550s] Level 1:colcon.colcon_core.package_identification:_identify(robot/real) by extensions ['colcon_pkg']
[0.550s] Level 1:colcon.colcon_core.package_identification:_identify(robot/real) by extension 'colcon_pkg'
[0.550s] Level 1:colcon.colcon_core.package_identification:_identify(robot/real) by extensions ['colcon_meta']
[0.550s] Level 1:colcon.colcon_core.package_identification:_identify(robot/real) by extension 'colcon_meta'
[0.550s] Level 1:colcon.colcon_core.package_identification:_identify(robot/real) by extensions ['ros']
[0.550s] Level 1:colcon.colcon_core.package_identification:_identify(robot/real) by extension 'ros'
[0.550s] Level 1:colcon.colcon_core.package_identification:_identify(robot/real) by extensions ['cmake', 'python']
[0.550s] Level 1:colcon.colcon_core.package_identification:_identify(robot/real) by extension 'cmake'
[0.550s] Level 1:colcon.colcon_core.package_identification:_identify(robot/real) by extension 'python'
[0.550s] Level 1:colcon.colcon_core.package_identification:_identify(robot/real) by extensions ['python_setup_py']
[0.550s] Level 1:colcon.colcon_core.package_identification:_identify(robot/real) by extension 'python_setup_py'
[0.550s] Level 1:colcon.colcon_core.package_identification:_identify(robot/real/cr5_tcp) by extensions ['ignore', 'ignore_ament_install']
[0.550s] Level 1:colcon.colcon_core.package_identification:_identify(robot/real/cr5_tcp) by extension 'ignore'
[0.550s] Level 1:colcon.colcon_core.package_identification:_identify(robot/real/cr5_tcp) by extension 'ignore_ament_install'
[0.551s] Level 1:colcon.colcon_core.package_identification:_identify(robot/real/cr5_tcp) by extensions ['colcon_pkg']
[0.551s] Level 1:colcon.colcon_core.package_identification:_identify(robot/real/cr5_tcp) by extension 'colcon_pkg'
[0.551s] Level 1:colcon.colcon_core.package_identification:_identify(robot/real/cr5_tcp) by extensions ['colcon_meta']
[0.551s] Level 1:colcon.colcon_core.package_identification:_identify(robot/real/cr5_tcp) by extension 'colcon_meta'
[0.551s] Level 1:colcon.colcon_core.package_identification:_identify(robot/real/cr5_tcp) by extensions ['ros']
[0.551s] Level 1:colcon.colcon_core.package_identification:_identify(robot/real/cr5_tcp) by extension 'ros'
[0.551s] Level 1:colcon.colcon_core.package_identification:_identify(robot/real/cr5_tcp) by extensions ['cmake', 'python']
[0.551s] Level 1:colcon.colcon_core.package_identification:_identify(robot/real/cr5_tcp) by extension 'cmake'
[0.551s] Level 1:colcon.colcon_core.package_identification:_identify(robot/real/cr5_tcp) by extension 'python'
[0.551s] Level 1:colcon.colcon_core.package_identification:_identify(robot/real/cr5_tcp) by extensions ['python_setup_py']
[0.551s] Level 1:colcon.colcon_core.package_identification:_identify(robot/real/cr5_tcp) by extension 'python_setup_py'
[0.551s] Level 1:colcon.colcon_core.package_identification:_identify(robot/real/cr5_tcp/__pycache__) by extensions ['ignore', 'ignore_ament_install']
[0.551s] Level 1:colcon.colcon_core.package_identification:_identify(robot/real/cr5_tcp/__pycache__) by extension 'ignore'
[0.551s] Level 1:colcon.colcon_core.package_identification:_identify(robot/real/cr5_tcp/__pycache__) by extension 'ignore_ament_install'
[0.551s] Level 1:colcon.colcon_core.package_identification:_identify(robot/real/cr5_tcp/__pycache__) by extensions ['colcon_pkg']
[0.551s] Level 1:colcon.colcon_core.package_identification:_identify(robot/real/cr5_tcp/__pycache__) by extension 'colcon_pkg'
[0.551s] Level 1:colcon.colcon_core.package_identification:_identify(robot/real/cr5_tcp/__pycache__) by extensions ['colcon_meta']
[0.552s] Level 1:colcon.colcon_core.package_identification:_identify(robot/real/cr5_tcp/__pycache__) by extension 'colcon_meta'
[0.552s] Level 1:colcon.colcon_core.package_identification:_identify(robot/real/cr5_tcp/__pycache__) by extensions ['ros']
[0.552s] Level 1:colcon.colcon_core.package_identification:_identify(robot/real/cr5_tcp/__pycache__) by extension 'ros'
[0.552s] Level 1:colcon.colcon_core.package_identification:_identify(robot/real/cr5_tcp/__pycache__) by extensions ['cmake', 'python']
[0.552s] Level 1:colcon.colcon_core.package_identification:_identify(robot/real/cr5_tcp/__pycache__) by extension 'cmake'
[0.552s] Level 1:colcon.colcon_core.package_identification:_identify(robot/real/cr5_tcp/__pycache__) by extension 'python'
[0.552s] Level 1:colcon.colcon_core.package_identification:_identify(robot/real/cr5_tcp/__pycache__) by extensions ['python_setup_py']
[0.552s] Level 1:colcon.colcon_core.package_identification:_identify(robot/real/cr5_tcp/__pycache__) by extension 'python_setup_py'
[0.552s] Level 1:colcon.colcon_core.package_identification:_identify(robot/src) by extensions ['ignore', 'ignore_ament_install']
[0.552s] Level 1:colcon.colcon_core.package_identification:_identify(robot/src) by extension 'ignore'
[0.552s] Level 1:colcon.colcon_core.package_identification:_identify(robot/src) by extension 'ignore_ament_install'
[0.552s] Level 1:colcon.colcon_core.package_identification:_identify(robot/src) by extensions ['colcon_pkg']
[0.552s] Level 1:colcon.colcon_core.package_identification:_identify(robot/src) by extension 'colcon_pkg'
[0.553s] Level 1:colcon.colcon_core.package_identification:_identify(robot/src) by extensions ['colcon_meta']
[0.553s] Level 1:colcon.colcon_core.package_identification:_identify(robot/src) by extension 'colcon_meta'
[0.553s] Level 1:colcon.colcon_core.package_identification:_identify(robot/src) by extensions ['ros']
[0.553s] Level 1:colcon.colcon_core.package_identification:_identify(robot/src) by extension 'ros'
[0.553s] Level 1:colcon.colcon_core.package_identification:_identify(robot/src) by extensions ['cmake', 'python']
[0.553s] Level 1:colcon.colcon_core.package_identification:_identify(robot/src) by extension 'cmake'
[0.553s] Level 1:colcon.colcon_core.package_identification:_identify(robot/src) by extension 'python'
[0.553s] Level 1:colcon.colcon_core.package_identification:_identify(robot/src) by extensions ['python_setup_py']
[0.553s] Level 1:colcon.colcon_core.package_identification:_identify(robot/src) by extension 'python_setup_py'
[0.553s] Level 1:colcon.colcon_core.package_identification:_identify(robot/src/cr5_description) by extensions ['ignore', 'ignore_ament_install']
[0.553s] Level 1:colcon.colcon_core.package_identification:_identify(robot/src/cr5_description) by extension 'ignore'
[0.553s] Level 1:colcon.colcon_core.package_identification:_identify(robot/src/cr5_description) by extension 'ignore_ament_install'
[0.553s] Level 1:colcon.colcon_core.package_identification:_identify(robot/src/cr5_description) by extensions ['colcon_pkg']
[0.553s] Level 1:colcon.colcon_core.package_identification:_identify(robot/src/cr5_description) by extension 'colcon_pkg'
[0.553s] Level 1:colcon.colcon_core.package_identification:_identify(robot/src/cr5_description) by extensions ['colcon_meta']
[0.553s] Level 1:colcon.colcon_core.package_identification:_identify(robot/src/cr5_description) by extension 'colcon_meta'
[0.553s] Level 1:colcon.colcon_core.package_identification:_identify(robot/src/cr5_description) by extensions ['ros']
[0.553s] Level 1:colcon.colcon_core.package_identification:_identify(robot/src/cr5_description) by extension 'ros'
[0.558s] DEBUG:colcon.colcon_core.package_identification:Package 'robot/src/cr5_description' with type 'ros.ament_cmake' and name 'cr5_description'
[0.558s] Level 1:colcon.colcon_core.package_identification:_identify(robot/src/cr5_moveit_config) by extensions ['ignore', 'ignore_ament_install']
[0.558s] Level 1:colcon.colcon_core.package_identification:_identify(robot/src/cr5_moveit_config) by extension 'ignore'
[0.558s] Level 1:colcon.colcon_core.package_identification:_identify(robot/src/cr5_moveit_config) by extension 'ignore_ament_install'
[0.558s] Level 1:colcon.colcon_core.package_identification:_identify(robot/src/cr5_moveit_config) by extensions ['colcon_pkg']
[0.559s] Level 1:colcon.colcon_core.package_identification:_identify(robot/src/cr5_moveit_config) by extension 'colcon_pkg'
[0.559s] Level 1:colcon.colcon_core.package_identification:_identify(robot/src/cr5_moveit_config) by extensions ['colcon_meta']
[0.559s] Level 1:colcon.colcon_core.package_identification:_identify(robot/src/cr5_moveit_config) by extension 'colcon_meta'
[0.559s] Level 1:colcon.colcon_core.package_identification:_identify(robot/src/cr5_moveit_config) by extensions ['ros']
[0.559s] Level 1:colcon.colcon_core.package_identification:_identify(robot/src/cr5_moveit_config) by extension 'ros'
[0.560s] DEBUG:colcon.colcon_core.package_identification:Package 'robot/src/cr5_moveit_config' with type 'ros.ament_cmake' and name 'cr5_moveit_config'
[0.560s] Level 1:colcon.colcon_core.package_identification:_identify(simulation) by extensions ['ignore', 'ignore_ament_install']
[0.560s] Level 1:colcon.colcon_core.package_identification:_identify(simulation) by extension 'ignore'
[0.560s] Level 1:colcon.colcon_core.package_identification:_identify(simulation) by extension 'ignore_ament_install'
[0.560s] Level 1:colcon.colcon_core.package_identification:_identify(simulation) by extensions ['colcon_pkg']
[0.560s] Level 1:colcon.colcon_core.package_identification:_identify(simulation) by extension 'colcon_pkg'
[0.560s] Level 1:colcon.colcon_core.package_identification:_identify(simulation) by extensions ['colcon_meta']
[0.561s] Level 1:colcon.colcon_core.package_identification:_identify(simulation) by extension 'colcon_meta'
[0.561s] Level 1:colcon.colcon_core.package_identification:_identify(simulation) by extensions ['ros']
[0.561s] Level 1:colcon.colcon_core.package_identification:_identify(simulation) by extension 'ros'
[0.561s] Level 1:colcon.colcon_core.package_identification:_identify(simulation) by extensions ['cmake', 'python']
[0.561s] Level 1:colcon.colcon_core.package_identification:_identify(simulation) by extension 'cmake'
[0.561s] Level 1:colcon.colcon_core.package_identification:_identify(simulation) by extension 'python'
[0.561s] Level 1:colcon.colcon_core.package_identification:_identify(simulation) by extensions ['python_setup_py']
[0.561s] Level 1:colcon.colcon_core.package_identification:_identify(simulation) by extension 'python_setup_py'
[0.561s] Level 1:colcon.colcon_core.package_identification:_identify(simulation/mujoco) by extensions ['ignore', 'ignore_ament_install']
[0.562s] Level 1:colcon.colcon_core.package_identification:_identify(simulation/mujoco) by extension 'ignore'
[0.562s] Level 1:colcon.colcon_core.package_identification:_identify(simulation/mujoco) by extension 'ignore_ament_install'
[0.562s] Level 1:colcon.colcon_core.package_identification:_identify(simulation/mujoco) by extensions ['colcon_pkg']
[0.562s] Level 1:colcon.colcon_core.package_identification:_identify(simulation/mujoco) by extension 'colcon_pkg'
[0.562s] Level 1:colcon.colcon_core.package_identification:_identify(simulation/mujoco) by extensions ['colcon_meta']
[0.562s] Level 1:colcon.colcon_core.package_identification:_identify(simulation/mujoco) by extension 'colcon_meta'
[0.562s] Level 1:colcon.colcon_core.package_identification:_identify(simulation/mujoco) by extensions ['ros']
[0.562s] Level 1:colcon.colcon_core.package_identification:_identify(simulation/mujoco) by extension 'ros'
[0.562s] Level 1:colcon.colcon_core.package_identification:_identify(simulation/mujoco) by extensions ['cmake', 'python']
[0.562s] Level 1:colcon.colcon_core.package_identification:_identify(simulation/mujoco) by extension 'cmake'
[0.562s] Level 1:colcon.colcon_core.package_identification:_identify(simulation/mujoco) by extension 'python'
[0.562s] Level 1:colcon.colcon_core.package_identification:_identify(simulation/mujoco) by extensions ['python_setup_py']
[0.562s] Level 1:colcon.colcon_core.package_identification:_identify(simulation/mujoco) by extension 'python_setup_py'
[0.563s] Level 1:colcon.colcon_core.package_identification:_identify(simulation/mujoco/__pycache__) by extensions ['ignore', 'ignore_ament_install']
[0.563s] Level 1:colcon.colcon_core.package_identification:_identify(simulation/mujoco/__pycache__) by extension 'ignore'
[0.563s] Level 1:colcon.colcon_core.package_identification:_identify(simulation/mujoco/__pycache__) by extension 'ignore_ament_install'
[0.563s] Level 1:colcon.colcon_core.package_identification:_identify(simulation/mujoco/__pycache__) by extensions ['colcon_pkg']
[0.563s] Level 1:colcon.colcon_core.package_identification:_identify(simulation/mujoco/__pycache__) by extension 'colcon_pkg'
[0.563s] Level 1:colcon.colcon_core.package_identification:_identify(simulation/mujoco/__pycache__) by extensions ['colcon_meta']
[0.563s] Level 1:colcon.colcon_core.package_identification:_identify(simulation/mujoco/__pycache__) by extension 'colcon_meta'
[0.563s] Level 1:colcon.colcon_core.package_identification:_identify(simulation/mujoco/__pycache__) by extensions ['ros']
[0.563s] Level 1:colcon.colcon_core.package_identification:_identify(simulation/mujoco/__pycache__) by extension 'ros'
[0.563s] Level 1:colcon.colcon_core.package_identification:_identify(simulation/mujoco/__pycache__) by extensions ['cmake', 'python']
[0.563s] Level 1:colcon.colcon_core.package_identification:_identify(simulation/mujoco/__pycache__) by extension 'cmake'
[0.563s] Level 1:colcon.colcon_core.package_identification:_identify(simulation/mujoco/__pycache__) by extension 'python'
[0.563s] Level 1:colcon.colcon_core.package_identification:_identify(simulation/mujoco/__pycache__) by extensions ['python_setup_py']
[0.563s] Level 1:colcon.colcon_core.package_identification:_identify(simulation/mujoco/__pycache__) by extension 'python_setup_py'
[0.564s] Level 1:colcon.colcon_core.package_identification:_identify(simulation/mujoco/meshes) by extensions ['ignore', 'ignore_ament_install']
[0.564s] Level 1:colcon.colcon_core.package_identification:_identify(simulation/mujoco/meshes) by extension 'ignore'
[0.564s] Level 1:colcon.colcon_core.package_identification:_identify(simulation/mujoco/meshes) by extension 'ignore_ament_install'
[0.564s] Level 1:colcon.colcon_core.package_identification:_identify(simulation/mujoco/meshes) by extensions ['colcon_pkg']
[0.564s] Level 1:colcon.colcon_core.package_identification:_identify(simulation/mujoco/meshes) by extension 'colcon_pkg'
[0.564s] Level 1:colcon.colcon_core.package_identification:_identify(simulation/mujoco/meshes) by extensions ['colcon_meta']
[0.564s] Level 1:colcon.colcon_core.package_identification:_identify(simulation/mujoco/meshes) by extension 'colcon_meta'
[0.564s] Level 1:colcon.colcon_core.package_identification:_identify(simulation/mujoco/meshes) by extensions ['ros']
[0.564s] Level 1:colcon.colcon_core.package_identification:_identify(simulation/mujoco/meshes) by extension 'ros'
[0.564s] Level 1:colcon.colcon_core.package_identification:_identify(simulation/mujoco/meshes) by extensions ['cmake', 'python']
[0.564s] Level 1:colcon.colcon_core.package_identification:_identify(simulation/mujoco/meshes) by extension 'cmake'
[0.565s] Level 1:colcon.colcon_core.package_identification:_identify(simulation/mujoco/meshes) by extension 'python'
[0.565s] Level 1:colcon.colcon_core.package_identification:_identify(simulation/mujoco/meshes) by extensions ['python_setup_py']
[0.565s] Level 1:colcon.colcon_core.package_identification:_identify(simulation/mujoco/meshes) by extension 'python_setup_py'
[0.565s] Level 1:colcon.colcon_core.package_identification:_identify(simulation/ros2) by extensions ['ignore', 'ignore_ament_install']
[0.565s] Level 1:colcon.colcon_core.package_identification:_identify(simulation/ros2) by extension 'ignore'
[0.565s] Level 1:colcon.colcon_core.package_identification:_identify(simulation/ros2) by extension 'ignore_ament_install'
[0.565s] Level 1:colcon.colcon_core.package_identification:_identify(simulation/ros2) by extensions ['colcon_pkg']
[0.565s] Level 1:colcon.colcon_core.package_identification:_identify(simulation/ros2) by extension 'colcon_pkg'
[0.565s] Level 1:colcon.colcon_core.package_identification:_identify(simulation/ros2) by extensions ['colcon_meta']
[0.565s] Level 1:colcon.colcon_core.package_identification:_identify(simulation/ros2) by extension 'colcon_meta'
[0.565s] Level 1:colcon.colcon_core.package_identification:_identify(simulation/ros2) by extensions ['ros']
[0.565s] Level 1:colcon.colcon_core.package_identification:_identify(simulation/ros2) by extension 'ros'
[0.566s] Level 1:colcon.colcon_core.package_identification:_identify(simulation/ros2) by extensions ['cmake', 'python']
[0.566s] Level 1:colcon.colcon_core.package_identification:_identify(simulation/ros2) by extension 'cmake'
[0.566s] Level 1:colcon.colcon_core.package_identification:_identify(simulation/ros2) by extension 'python'
[0.566s] Level 1:colcon.colcon_core.package_identification:_identify(simulation/ros2) by extensions ['python_setup_py']
[0.566s] Level 1:colcon.colcon_core.package_identification:_identify(simulation/ros2) by extension 'python_setup_py'
[0.566s] Level 1:colcon.colcon_core.package_identification:_identify(simulation/ros2/meter_grasp) by extensions ['ignore', 'ignore_ament_install']
[0.566s] Level 1:colcon.colcon_core.package_identification:_identify(simulation/ros2/meter_grasp) by extension 'ignore'
[0.566s] Level 1:colcon.colcon_core.package_identification:_identify(simulation/ros2/meter_grasp) by extension 'ignore_ament_install'
[0.566s] Level 1:colcon.colcon_core.package_identification:_identify(simulation/ros2/meter_grasp) by extensions ['colcon_pkg']
[0.566s] Level 1:colcon.colcon_core.package_identification:_identify(simulation/ros2/meter_grasp) by extension 'colcon_pkg'
[0.566s] Level 1:colcon.colcon_core.package_identification:_identify(simulation/ros2/meter_grasp) by extensions ['colcon_meta']
[0.566s] Level 1:colcon.colcon_core.package_identification:_identify(simulation/ros2/meter_grasp) by extension 'colcon_meta'
[0.566s] Level 1:colcon.colcon_core.package_identification:_identify(simulation/ros2/meter_grasp) by extensions ['ros']
[0.567s] Level 1:colcon.colcon_core.package_identification:_identify(simulation/ros2/meter_grasp) by extension 'ros'
[0.568s] DEBUG:colcon.colcon_core.package_identification:Package 'simulation/ros2/meter_grasp' with type 'ros.ament_python' and name 'meter_grasp'
[0.568s] Level 1:colcon.colcon_core.package_identification:_identify(tests) by extensions ['ignore', 'ignore_ament_install']
[0.568s] Level 1:colcon.colcon_core.package_identification:_identify(tests) by extension 'ignore'
[0.568s] Level 1:colcon.colcon_core.package_identification:_identify(tests) by extension 'ignore_ament_install'
[0.568s] Level 1:colcon.colcon_core.package_identification:_identify(tests) by extensions ['colcon_pkg']
[0.568s] Level 1:colcon.colcon_core.package_identification:_identify(tests) by extension 'colcon_pkg'
[0.568s] Level 1:colcon.colcon_core.package_identification:_identify(tests) by extensions ['colcon_meta']
[0.568s] Level 1:colcon.colcon_core.package_identification:_identify(tests) by extension 'colcon_meta'
[0.568s] Level 1:colcon.colcon_core.package_identification:_identify(tests) by extensions ['ros']
[0.568s] Level 1:colcon.colcon_core.package_identification:_identify(tests) by extension 'ros'
[0.568s] Level 1:colcon.colcon_core.package_identification:_identify(tests) by extensions ['cmake', 'python']
[0.568s] Level 1:colcon.colcon_core.package_identification:_identify(tests) by extension 'cmake'
[0.569s] Level 1:colcon.colcon_core.package_identification:_identify(tests) by extension 'python'
[0.569s] Level 1:colcon.colcon_core.package_identification:_identify(tests) by extensions ['python_setup_py']
[0.569s] Level 1:colcon.colcon_core.package_identification:_identify(tests) by extension 'python_setup_py'
[0.569s] Level 1:colcon.colcon_core.package_identification:_identify(third_party) by extensions ['ignore', 'ignore_ament_install']
[0.569s] Level 1:colcon.colcon_core.package_identification:_identify(third_party) by extension 'ignore'
[0.569s] Level 1:colcon.colcon_core.package_identification:_identify(third_party) by extension 'ignore_ament_install'
[0.569s] Level 1:colcon.colcon_core.package_identification:_identify(third_party) by extensions ['colcon_pkg']
[0.569s] Level 1:colcon.colcon_core.package_identification:_identify(third_party) by extension 'colcon_pkg'
[0.569s] Level 1:colcon.colcon_core.package_identification:_identify(third_party) by extensions ['colcon_meta']
[0.569s] Level 1:colcon.colcon_core.package_identification:_identify(third_party) by extension 'colcon_meta'
[0.570s] Level 1:colcon.colcon_core.package_identification:_identify(third_party) by extensions ['ros']
[0.570s] Level 1:colcon.colcon_core.package_identification:_identify(third_party) by extension 'ros'
[0.570s] Level 1:colcon.colcon_core.package_identification:_identify(third_party) by extensions ['cmake', 'python']
[0.570s] Level 1:colcon.colcon_core.package_identification:_identify(third_party) by extension 'cmake'
[0.570s] Level 1:colcon.colcon_core.package_identification:_identify(third_party) by extension 'python'
[0.570s] Level 1:colcon.colcon_core.package_identification:_identify(third_party) by extensions ['python_setup_py']
[0.570s] Level 1:colcon.colcon_core.package_identification:_identify(third_party) by extension 'python_setup_py'
[0.570s] Level 1:colcon.colcon_core.package_identification:_identify(third_party/TCP-IP-Python-V3) by extensions ['ignore', 'ignore_ament_install']
[0.570s] Level 1:colcon.colcon_core.package_identification:_identify(third_party/TCP-IP-Python-V3) by extension 'ignore'
[0.570s] Level 1:colcon.colcon_core.package_identification:_identify(third_party/TCP-IP-Python-V3) by extension 'ignore_ament_install'
[0.571s] Level 1:colcon.colcon_core.package_identification:_identify(third_party/TCP-IP-Python-V3) by extensions ['colcon_pkg']
[0.571s] Level 1:colcon.colcon_core.package_identification:_identify(third_party/TCP-IP-Python-V3) by extension 'colcon_pkg'
[0.571s] Level 1:colcon.colcon_core.package_identification:_identify(third_party/TCP-IP-Python-V3) by extensions ['colcon_meta']
[0.571s] Level 1:colcon.colcon_core.package_identification:_identify(third_party/TCP-IP-Python-V3) by extension 'colcon_meta'
[0.571s] Level 1:colcon.colcon_core.package_identification:_identify(third_party/TCP-IP-Python-V3) by extensions ['ros']
[0.571s] Level 1:colcon.colcon_core.package_identification:_identify(third_party/TCP-IP-Python-V3) by extension 'ros'
[0.571s] Level 1:colcon.colcon_core.package_identification:_identify(third_party/TCP-IP-Python-V3) by extensions ['cmake', 'python']
[0.571s] Level 1:colcon.colcon_core.package_identification:_identify(third_party/TCP-IP-Python-V3) by extension 'cmake'
[0.571s] Level 1:colcon.colcon_core.package_identification:_identify(third_party/TCP-IP-Python-V3) by extension 'python'
[0.571s] Level 1:colcon.colcon_core.package_identification:_identify(third_party/TCP-IP-Python-V3) by extensions ['python_setup_py']
[0.571s] Level 1:colcon.colcon_core.package_identification:_identify(third_party/TCP-IP-Python-V3) by extension 'python_setup_py'
[0.571s] Level 1:colcon.colcon_core.package_identification:_identify(third_party/TCP-IP-Python-V3/__pycache__) by extensions ['ignore', 'ignore_ament_install']
[0.572s] Level 1:colcon.colcon_core.package_identification:_identify(third_party/TCP-IP-Python-V3/__pycache__) by extension 'ignore'
[0.572s] Level 1:colcon.colcon_core.package_identification:_identify(third_party/TCP-IP-Python-V3/__pycache__) by extension 'ignore_ament_install'
[0.572s] Level 1:colcon.colcon_core.package_identification:_identify(third_party/TCP-IP-Python-V3/__pycache__) by extensions ['colcon_pkg']
[0.572s] Level 1:colcon.colcon_core.package_identification:_identify(third_party/TCP-IP-Python-V3/__pycache__) by extension 'colcon_pkg'
[0.572s] Level 1:colcon.colcon_core.package_identification:_identify(third_party/TCP-IP-Python-V3/__pycache__) by extensions ['colcon_meta']
[0.572s] Level 1:colcon.colcon_core.package_identification:_identify(third_party/TCP-IP-Python-V3/__pycache__) by extension 'colcon_meta'
[0.572s] Level 1:colcon.colcon_core.package_identification:_identify(third_party/TCP-IP-Python-V3/__pycache__) by extensions ['ros']
[0.572s] Level 1:colcon.colcon_core.package_identification:_identify(third_party/TCP-IP-Python-V3/__pycache__) by extension 'ros'
[0.572s] Level 1:colcon.colcon_core.package_identification:_identify(third_party/TCP-IP-Python-V3/__pycache__) by extensions ['cmake', 'python']
[0.572s] Level 1:colcon.colcon_core.package_identification:_identify(third_party/TCP-IP-Python-V3/__pycache__) by extension 'cmake'
[0.572s] Level 1:colcon.colcon_core.package_identification:_identify(third_party/TCP-IP-Python-V3/__pycache__) by extension 'python'
[0.572s] Level 1:colcon.colcon_core.package_identification:_identify(third_party/TCP-IP-Python-V3/__pycache__) by extensions ['python_setup_py']
[0.572s] Level 1:colcon.colcon_core.package_identification:_identify(third_party/TCP-IP-Python-V3/__pycache__) by extension 'python_setup_py'
[0.572s] Level 1:colcon.colcon_core.package_identification:_identify(third_party/TCP-IP-Python-V3/files) by extensions ['ignore', 'ignore_ament_install']
[0.573s] Level 1:colcon.colcon_core.package_identification:_identify(third_party/TCP-IP-Python-V3/files) by extension 'ignore'
[0.573s] Level 1:colcon.colcon_core.package_identification:_identify(third_party/TCP-IP-Python-V3/files) by extension 'ignore_ament_install'
[0.573s] Level 1:colcon.colcon_core.package_identification:_identify(third_party/TCP-IP-Python-V3/files) by extensions ['colcon_pkg']
[0.573s] Level 1:colcon.colcon_core.package_identification:_identify(third_party/TCP-IP-Python-V3/files) by extension 'colcon_pkg'
[0.573s] Level 1:colcon.colcon_core.package_identification:_identify(third_party/TCP-IP-Python-V3/files) by extensions ['colcon_meta']
[0.573s] Level 1:colcon.colcon_core.package_identification:_identify(third_party/TCP-IP-Python-V3/files) by extension 'colcon_meta'
[0.573s] Level 1:colcon.colcon_core.package_identification:_identify(third_party/TCP-IP-Python-V3/files) by extensions ['ros']
[0.574s] Level 1:colcon.colcon_core.package_identification:_identify(third_party/TCP-IP-Python-V3/files) by extension 'ros'
[0.574s] Level 1:colcon.colcon_core.package_identification:_identify(third_party/TCP-IP-Python-V3/files) by extensions ['cmake', 'python']
[0.574s] Level 1:colcon.colcon_core.package_identification:_identify(third_party/TCP-IP-Python-V3/files) by extension 'cmake'
[0.574s] Level 1:colcon.colcon_core.package_identification:_identify(third_party/TCP-IP-Python-V3/files) by extension 'python'
[0.574s] Level 1:colcon.colcon_core.package_identification:_identify(third_party/TCP-IP-Python-V3/files) by extensions ['python_setup_py']
[0.574s] Level 1:colcon.colcon_core.package_identification:_identify(third_party/TCP-IP-Python-V3/files) by extension 'python_setup_py'
[0.574s] Level 1:colcon.colcon_core.package_identification:_identify(third_party/TCP-IP-Python-V3/files/__pycache__) by extensions ['ignore', 'ignore_ament_install']
[0.574s] Level 1:colcon.colcon_core.package_identification:_identify(third_party/TCP-IP-Python-V3/files/__pycache__) by extension 'ignore'
[0.574s] Level 1:colcon.colcon_core.package_identification:_identify(third_party/TCP-IP-Python-V3/files/__pycache__) by extension 'ignore_ament_install'
[0.574s] Level 1:colcon.colcon_core.package_identification:_identify(third_party/TCP-IP-Python-V3/files/__pycache__) by extensions ['colcon_pkg']
[0.574s] Level 1:colcon.colcon_core.package_identification:_identify(third_party/TCP-IP-Python-V3/files/__pycache__) by extension 'colcon_pkg'
[0.574s] Level 1:colcon.colcon_core.package_identification:_identify(third_party/TCP-IP-Python-V3/files/__pycache__) by extensions ['colcon_meta']
[0.574s] Level 1:colcon.colcon_core.package_identification:_identify(third_party/TCP-IP-Python-V3/files/__pycache__) by extension 'colcon_meta'
[0.575s] Level 1:colcon.colcon_core.package_identification:_identify(third_party/TCP-IP-Python-V3/files/__pycache__) by extensions ['ros']
[0.575s] Level 1:colcon.colcon_core.package_identification:_identify(third_party/TCP-IP-Python-V3/files/__pycache__) by extension 'ros'
[0.575s] Level 1:colcon.colcon_core.package_identification:_identify(third_party/TCP-IP-Python-V3/files/__pycache__) by extensions ['cmake', 'python']
[0.575s] Level 1:colcon.colcon_core.package_identification:_identify(third_party/TCP-IP-Python-V3/files/__pycache__) by extension 'cmake'
[0.575s] Level 1:colcon.colcon_core.package_identification:_identify(third_party/TCP-IP-Python-V3/files/__pycache__) by extension 'python'
[0.575s] Level 1:colcon.colcon_core.package_identification:_identify(third_party/TCP-IP-Python-V3/files/__pycache__) by extensions ['python_setup_py']
[0.575s] Level 1:colcon.colcon_core.package_identification:_identify(third_party/TCP-IP-Python-V3/files/__pycache__) by extension 'python_setup_py'
[0.575s] Level 1:colcon.colcon_core.package_identification:_identify(third_party/TCP-IP-Python-V3/images) by extensions ['ignore', 'ignore_ament_install']
[0.575s] Level 1:colcon.colcon_core.package_identification:_identify(third_party/TCP-IP-Python-V3/images) by extension 'ignore'
[0.575s] Level 1:colcon.colcon_core.package_identification:_identify(third_party/TCP-IP-Python-V3/images) by extension 'ignore_ament_install'
[0.575s] Level 1:colcon.colcon_core.package_identification:_identify(third_party/TCP-IP-Python-V3/images) by extensions ['colcon_pkg']
[0.575s] Level 1:colcon.colcon_core.package_identification:_identify(third_party/TCP-IP-Python-V3/images) by extension 'colcon_pkg'
[0.575s] Level 1:colcon.colcon_core.package_identification:_identify(third_party/TCP-IP-Python-V3/images) by extensions ['colcon_meta']
[0.575s] Level 1:colcon.colcon_core.package_identification:_identify(third_party/TCP-IP-Python-V3/images) by extension 'colcon_meta'
[0.575s] Level 1:colcon.colcon_core.package_identification:_identify(third_party/TCP-IP-Python-V3/images) by extensions ['ros']
[0.576s] Level 1:colcon.colcon_core.package_identification:_identify(third_party/TCP-IP-Python-V3/images) by extension 'ros'
[0.576s] Level 1:colcon.colcon_core.package_identification:_identify(third_party/TCP-IP-Python-V3/images) by extensions ['cmake', 'python']
[0.576s] Level 1:colcon.colcon_core.package_identification:_identify(third_party/TCP-IP-Python-V3/images) by extension 'cmake'
[0.576s] Level 1:colcon.colcon_core.package_identification:_identify(third_party/TCP-IP-Python-V3/images) by extension 'python'
[0.576s] Level 1:colcon.colcon_core.package_identification:_identify(third_party/TCP-IP-Python-V3/images) by extensions ['python_setup_py']
[0.576s] Level 1:colcon.colcon_core.package_identification:_identify(third_party/TCP-IP-Python-V3/images) by extension 'python_setup_py'
[0.576s] Level 1:colcon.colcon_core.package_identification:_identify(tools) by extensions ['ignore', 'ignore_ament_install']
[0.576s] Level 1:colcon.colcon_core.package_identification:_identify(tools) by extension 'ignore'
[0.577s] Level 1:colcon.colcon_core.package_identification:_identify(tools) by extension 'ignore_ament_install'
[0.577s] Level 1:colcon.colcon_core.package_identification:_identify(tools) by extensions ['colcon_pkg']
[0.577s] Level 1:colcon.colcon_core.package_identification:_identify(tools) by extension 'colcon_pkg'
[0.577s] Level 1:colcon.colcon_core.package_identification:_identify(tools) by extensions ['colcon_meta']
[0.577s] Level 1:colcon.colcon_core.package_identification:_identify(tools) by extension 'colcon_meta'
[0.577s] Level 1:colcon.colcon_core.package_identification:_identify(tools) by extensions ['ros']
[0.577s] Level 1:colcon.colcon_core.package_identification:_identify(tools) by extension 'ros'
[0.577s] Level 1:colcon.colcon_core.package_identification:_identify(tools) by extensions ['cmake', 'python']
[0.577s] Level 1:colcon.colcon_core.package_identification:_identify(tools) by extension 'cmake'
[0.577s] Level 1:colcon.colcon_core.package_identification:_identify(tools) by extension 'python'
[0.577s] Level 1:colcon.colcon_core.package_identification:_identify(tools) by extensions ['python_setup_py']
[0.577s] Level 1:colcon.colcon_core.package_identification:_identify(tools) by extension 'python_setup_py'
[0.578s] Level 1:colcon.colcon_core.package_identification:_identify(tools/__pycache__) by extensions ['ignore', 'ignore_ament_install']
[0.578s] Level 1:colcon.colcon_core.package_identification:_identify(tools/__pycache__) by extension 'ignore'
[0.578s] Level 1:colcon.colcon_core.package_identification:_identify(tools/__pycache__) by extension 'ignore_ament_install'
[0.578s] Level 1:colcon.colcon_core.package_identification:_identify(tools/__pycache__) by extensions ['colcon_pkg']
[0.578s] Level 1:colcon.colcon_core.package_identification:_identify(tools/__pycache__) by extension 'colcon_pkg'
[0.578s] Level 1:colcon.colcon_core.package_identification:_identify(tools/__pycache__) by extensions ['colcon_meta']
[0.578s] Level 1:colcon.colcon_core.package_identification:_identify(tools/__pycache__) by extension 'colcon_meta'
[0.578s] Level 1:colcon.colcon_core.package_identification:_identify(tools/__pycache__) by extensions ['ros']
[0.578s] Level 1:colcon.colcon_core.package_identification:_identify(tools/__pycache__) by extension 'ros'
[0.578s] Level 1:colcon.colcon_core.package_identification:_identify(tools/__pycache__) by extensions ['cmake', 'python']
[0.578s] Level 1:colcon.colcon_core.package_identification:_identify(tools/__pycache__) by extension 'cmake'
[0.578s] Level 1:colcon.colcon_core.package_identification:_identify(tools/__pycache__) by extension 'python'
[0.578s] Level 1:colcon.colcon_core.package_identification:_identify(tools/__pycache__) by extensions ['python_setup_py']
[0.578s] Level 1:colcon.colcon_core.package_identification:_identify(tools/__pycache__) by extension 'python_setup_py'
[0.578s] Level 1:colcon.colcon_core.package_identification:_identify(vision) by extensions ['ignore', 'ignore_ament_install']
[0.578s] Level 1:colcon.colcon_core.package_identification:_identify(vision) by extension 'ignore'
[0.578s] Level 1:colcon.colcon_core.package_identification:_identify(vision) by extension 'ignore_ament_install'
[0.579s] Level 1:colcon.colcon_core.package_identification:_identify(vision) by extensions ['colcon_pkg']
[0.579s] Level 1:colcon.colcon_core.package_identification:_identify(vision) by extension 'colcon_pkg'
[0.579s] Level 1:colcon.colcon_core.package_identification:_identify(vision) by extensions ['colcon_meta']
[0.579s] Level 1:colcon.colcon_core.package_identification:_identify(vision) by extension 'colcon_meta'
[0.579s] Level 1:colcon.colcon_core.package_identification:_identify(vision) by extensions ['ros']
[0.579s] Level 1:colcon.colcon_core.package_identification:_identify(vision) by extension 'ros'
[0.579s] Level 1:colcon.colcon_core.package_identification:_identify(vision) by extensions ['cmake', 'python']
[0.579s] Level 1:colcon.colcon_core.package_identification:_identify(vision) by extension 'cmake'
[0.579s] Level 1:colcon.colcon_core.package_identification:_identify(vision) by extension 'python'
[0.579s] Level 1:colcon.colcon_core.package_identification:_identify(vision) by extensions ['python_setup_py']
[0.579s] Level 1:colcon.colcon_core.package_identification:_identify(vision) by extension 'python_setup_py'
[0.579s] Level 1:colcon.colcon_core.package_identification:_identify(vision/D435_Project_new) by extensions ['ignore', 'ignore_ament_install']
[0.579s] Level 1:colcon.colcon_core.package_identification:_identify(vision/D435_Project_new) by extension 'ignore'
[0.579s] Level 1:colcon.colcon_core.package_identification:_identify(vision/D435_Project_new) by extension 'ignore_ament_install'
[0.580s] Level 1:colcon.colcon_core.package_identification:_identify(vision/D435_Project_new) by extensions ['colcon_pkg']
[0.580s] Level 1:colcon.colcon_core.package_identification:_identify(vision/D435_Project_new) by extension 'colcon_pkg'
[0.580s] Level 1:colcon.colcon_core.package_identification:_identify(vision/D435_Project_new) by extensions ['colcon_meta']
[0.580s] Level 1:colcon.colcon_core.package_identification:_identify(vision/D435_Project_new) by extension 'colcon_meta'
[0.580s] Level 1:colcon.colcon_core.package_identification:_identify(vision/D435_Project_new) by extensions ['ros']
[0.580s] Level 1:colcon.colcon_core.package_identification:_identify(vision/D435_Project_new) by extension 'ros'
[0.580s] Level 1:colcon.colcon_core.package_identification:_identify(vision/D435_Project_new) by extensions ['cmake', 'python']
[0.580s] Level 1:colcon.colcon_core.package_identification:_identify(vision/D435_Project_new) by extension 'cmake'
[0.580s] Level 1:colcon.colcon_core.package_identification:_identify(vision/D435_Project_new) by extension 'python'
[0.580s] Level 1:colcon.colcon_core.package_identification:_identify(vision/D435_Project_new) by extensions ['python_setup_py']
[0.580s] Level 1:colcon.colcon_core.package_identification:_identify(vision/D435_Project_new) by extension 'python_setup_py'
[0.580s] Level 1:colcon.colcon_core.package_identification:_identify(vision/D435_Project_new/__pycache__) by extensions ['ignore', 'ignore_ament_install']
[0.580s] Level 1:colcon.colcon_core.package_identification:_identify(vision/D435_Project_new/__pycache__) by extension 'ignore'
[0.580s] Level 1:colcon.colcon_core.package_identification:_identify(vision/D435_Project_new/__pycache__) by extension 'ignore_ament_install'
[0.580s] Level 1:colcon.colcon_core.package_identification:_identify(vision/D435_Project_new/__pycache__) by extensions ['colcon_pkg']
[0.580s] Level 1:colcon.colcon_core.package_identification:_identify(vision/D435_Project_new/__pycache__) by extension 'colcon_pkg'
[0.580s] Level 1:colcon.colcon_core.package_identification:_identify(vision/D435_Project_new/__pycache__) by extensions ['colcon_meta']
[0.580s] Level 1:colcon.colcon_core.package_identification:_identify(vision/D435_Project_new/__pycache__) by extension 'colcon_meta'
[0.581s] Level 1:colcon.colcon_core.package_identification:_identify(vision/D435_Project_new/__pycache__) by extensions ['ros']
[0.581s] Level 1:colcon.colcon_core.package_identification:_identify(vision/D435_Project_new/__pycache__) by extension 'ros'
[0.581s] Level 1:colcon.colcon_core.package_identification:_identify(vision/D435_Project_new/__pycache__) by extensions ['cmake', 'python']
[0.581s] Level 1:colcon.colcon_core.package_identification:_identify(vision/D435_Project_new/__pycache__) by extension 'cmake'
[0.581s] Level 1:colcon.colcon_core.package_identification:_identify(vision/D435_Project_new/__pycache__) by extension 'python'
[0.581s] Level 1:colcon.colcon_core.package_identification:_identify(vision/D435_Project_new/__pycache__) by extensions ['python_setup_py']
[0.581s] Level 1:colcon.colcon_core.package_identification:_identify(vision/D435_Project_new/__pycache__) by extension 'python_setup_py'
[0.581s] Level 1:colcon.colcon_core.package_identification:_identify(vision/D435_Project_new/calibration) by extensions ['ignore', 'ignore_ament_install']
[0.581s] Level 1:colcon.colcon_core.package_identification:_identify(vision/D435_Project_new/calibration) by extension 'ignore'
[0.581s] Level 1:colcon.colcon_core.package_identification:_identify(vision/D435_Project_new/calibration) by extension 'ignore_ament_install'
[0.581s] Level 1:colcon.colcon_core.package_identification:_identify(vision/D435_Project_new/calibration) by extensions ['colcon_pkg']
[0.582s] Level 1:colcon.colcon_core.package_identification:_identify(vision/D435_Project_new/calibration) by extension 'colcon_pkg'
[0.582s] Level 1:colcon.colcon_core.package_identification:_identify(vision/D435_Project_new/calibration) by extensions ['colcon_meta']
[0.582s] Level 1:colcon.colcon_core.package_identification:_identify(vision/D435_Project_new/calibration) by extension 'colcon_meta'
[0.582s] Level 1:colcon.colcon_core.package_identification:_identify(vision/D435_Project_new/calibration) by extensions ['ros']
[0.582s] Level 1:colcon.colcon_core.package_identification:_identify(vision/D435_Project_new/calibration) by extension 'ros'
[0.582s] Level 1:colcon.colcon_core.package_identification:_identify(vision/D435_Project_new/calibration) by extensions ['cmake', 'python']
[0.582s] Level 1:colcon.colcon_core.package_identification:_identify(vision/D435_Project_new/calibration) by extension 'cmake'
[0.582s] Level 1:colcon.colcon_core.package_identification:_identify(vision/D435_Project_new/calibration) by extension 'python'
[0.582s] Level 1:colcon.colcon_core.package_identification:_identify(vision/D435_Project_new/calibration) by extensions ['python_setup_py']
[0.582s] Level 1:colcon.colcon_core.package_identification:_identify(vision/D435_Project_new/calibration) by extension 'python_setup_py'
[0.582s] Level 1:colcon.colcon_core.package_identification:_identify(vision/D435_Project_new/calibration/result) by extensions ['ignore', 'ignore_ament_install']
[0.582s] Level 1:colcon.colcon_core.package_identification:_identify(vision/D435_Project_new/calibration/result) by extension 'ignore'
[0.582s] Level 1:colcon.colcon_core.package_identification:_identify(vision/D435_Project_new/calibration/result) by extension 'ignore_ament_install'
[0.582s] Level 1:colcon.colcon_core.package_identification:_identify(vision/D435_Project_new/calibration/result) by extensions ['colcon_pkg']
[0.582s] Level 1:colcon.colcon_core.package_identification:_identify(vision/D435_Project_new/calibration/result) by extension 'colcon_pkg'
[0.582s] Level 1:colcon.colcon_core.package_identification:_identify(vision/D435_Project_new/calibration/result) by extensions ['colcon_meta']
[0.582s] Level 1:colcon.colcon_core.package_identification:_identify(vision/D435_Project_new/calibration/result) by extension 'colcon_meta'
[0.582s] Level 1:colcon.colcon_core.package_identification:_identify(vision/D435_Project_new/calibration/result) by extensions ['ros']
[0.582s] Level 1:colcon.colcon_core.package_identification:_identify(vision/D435_Project_new/calibration/result) by extension 'ros'
[0.583s] Level 1:colcon.colcon_core.package_identification:_identify(vision/D435_Project_new/calibration/result) by extensions ['cmake', 'python']
[0.583s] Level 1:colcon.colcon_core.package_identification:_identify(vision/D435_Project_new/calibration/result) by extension 'cmake'
[0.583s] Level 1:colcon.colcon_core.package_identification:_identify(vision/D435_Project_new/calibration/result) by extension 'python'
[0.583s] Level 1:colcon.colcon_core.package_identification:_identify(vision/D435_Project_new/calibration/result) by extensions ['python_setup_py']
[0.583s] Level 1:colcon.colcon_core.package_identification:_identify(vision/D435_Project_new/calibration/result) by extension 'python_setup_py'
[0.583s] Level 1:colcon.colcon_core.package_identification:_identify(vision/D435_Project_new/calibration_9points_user0) by extensions ['ignore', 'ignore_ament_install']
[0.583s] Level 1:colcon.colcon_core.package_identification:_identify(vision/D435_Project_new/calibration_9points_user0) by extension 'ignore'
[0.583s] Level 1:colcon.colcon_core.package_identification:_identify(vision/D435_Project_new/calibration_9points_user0) by extension 'ignore_ament_install'
[0.583s] Level 1:colcon.colcon_core.package_identification:_identify(vision/D435_Project_new/calibration_9points_user0) by extensions ['colcon_pkg']
[0.583s] Level 1:colcon.colcon_core.package_identification:_identify(vision/D435_Project_new/calibration_9points_user0) by extension 'colcon_pkg'
[0.583s] Level 1:colcon.colcon_core.package_identification:_identify(vision/D435_Project_new/calibration_9points_user0) by extensions ['colcon_meta']
[0.583s] Level 1:colcon.colcon_core.package_identification:_identify(vision/D435_Project_new/calibration_9points_user0) by extension 'colcon_meta'
[0.583s] Level 1:colcon.colcon_core.package_identification:_identify(vision/D435_Project_new/calibration_9points_user0) by extensions ['ros']
[0.583s] Level 1:colcon.colcon_core.package_identification:_identify(vision/D435_Project_new/calibration_9points_user0) by extension 'ros'
[0.583s] Level 1:colcon.colcon_core.package_identification:_identify(vision/D435_Project_new/calibration_9points_user0) by extensions ['cmake', 'python']
[0.583s] Level 1:colcon.colcon_core.package_identification:_identify(vision/D435_Project_new/calibration_9points_user0) by extension 'cmake'
[0.584s] Level 1:colcon.colcon_core.package_identification:_identify(vision/D435_Project_new/calibration_9points_user0) by extension 'python'
[0.584s] Level 1:colcon.colcon_core.package_identification:_identify(vision/D435_Project_new/calibration_9points_user0) by extensions ['python_setup_py']
[0.584s] Level 1:colcon.colcon_core.package_identification:_identify(vision/D435_Project_new/calibration_9points_user0) by extension 'python_setup_py'
[0.584s] Level 1:colcon.colcon_core.package_identification:_identify(vision/D435_Project_new/calibration_9points_user0/debug) by extensions ['ignore', 'ignore_ament_install']
[0.584s] Level 1:colcon.colcon_core.package_identification:_identify(vision/D435_Project_new/calibration_9points_user0/debug) by extension 'ignore'
[0.584s] Level 1:colcon.colcon_core.package_identification:_identify(vision/D435_Project_new/calibration_9points_user0/debug) by extension 'ignore_ament_install'
[0.584s] Level 1:colcon.colcon_core.package_identification:_identify(vision/D435_Project_new/calibration_9points_user0/debug) by extensions ['colcon_pkg']
[0.584s] Level 1:colcon.colcon_core.package_identification:_identify(vision/D435_Project_new/calibration_9points_user0/debug) by extension 'colcon_pkg'
[0.584s] Level 1:colcon.colcon_core.package_identification:_identify(vision/D435_Project_new/calibration_9points_user0/debug) by extensions ['colcon_meta']
[0.584s] Level 1:colcon.colcon_core.package_identification:_identify(vision/D435_Project_new/calibration_9points_user0/debug) by extension 'colcon_meta'
[0.584s] Level 1:colcon.colcon_core.package_identification:_identify(vision/D435_Project_new/calibration_9points_user0/debug) by extensions ['ros']
[0.584s] Level 1:colcon.colcon_core.package_identification:_identify(vision/D435_Project_new/calibration_9points_user0/debug) by extension 'ros'
[0.585s] Level 1:colcon.colcon_core.package_identification:_identify(vision/D435_Project_new/calibration_9points_user0/debug) by extensions ['cmake', 'python']
[0.585s] Level 1:colcon.colcon_core.package_identification:_identify(vision/D435_Project_new/calibration_9points_user0/debug) by extension 'cmake'
[0.585s] Level 1:colcon.colcon_core.package_identification:_identify(vision/D435_Project_new/calibration_9points_user0/debug) by extension 'python'
[0.585s] Level 1:colcon.colcon_core.package_identification:_identify(vision/D435_Project_new/calibration_9points_user0/debug) by extensions ['python_setup_py']
[0.585s] Level 1:colcon.colcon_core.package_identification:_identify(vision/D435_Project_new/calibration_9points_user0/debug) by extension 'python_setup_py'
[0.585s] Level 1:colcon.colcon_core.package_identification:_identify(vision/D435_Project_new/calibration_9points_user0/images) by extensions ['ignore', 'ignore_ament_install']
[0.585s] Level 1:colcon.colcon_core.package_identification:_identify(vision/D435_Project_new/calibration_9points_user0/images) by extension 'ignore'
[0.585s] Level 1:colcon.colcon_core.package_identification:_identify(vision/D435_Project_new/calibration_9points_user0/images) by extension 'ignore_ament_install'
[0.585s] Level 1:colcon.colcon_core.package_identification:_identify(vision/D435_Project_new/calibration_9points_user0/images) by extensions ['colcon_pkg']
[0.585s] Level 1:colcon.colcon_core.package_identification:_identify(vision/D435_Project_new/calibration_9points_user0/images) by extension 'colcon_pkg'
[0.585s] Level 1:colcon.colcon_core.package_identification:_identify(vision/D435_Project_new/calibration_9points_user0/images) by extensions ['colcon_meta']
[0.585s] Level 1:colcon.colcon_core.package_identification:_identify(vision/D435_Project_new/calibration_9points_user0/images) by extension 'colcon_meta'
[0.585s] Level 1:colcon.colcon_core.package_identification:_identify(vision/D435_Project_new/calibration_9points_user0/images) by extensions ['ros']
[0.585s] Level 1:colcon.colcon_core.package_identification:_identify(vision/D435_Project_new/calibration_9points_user0/images) by extension 'ros'
[0.585s] Level 1:colcon.colcon_core.package_identification:_identify(vision/D435_Project_new/calibration_9points_user0/images) by extensions ['cmake', 'python']
[0.585s] Level 1:colcon.colcon_core.package_identification:_identify(vision/D435_Project_new/calibration_9points_user0/images) by extension 'cmake'
[0.585s] Level 1:colcon.colcon_core.package_identification:_identify(vision/D435_Project_new/calibration_9points_user0/images) by extension 'python'
[0.585s] Level 1:colcon.colcon_core.package_identification:_identify(vision/D435_Project_new/calibration_9points_user0/images) by extensions ['python_setup_py']
[0.586s] Level 1:colcon.colcon_core.package_identification:_identify(vision/D435_Project_new/calibration_9points_user0/images) by extension 'python_setup_py'
[0.586s] Level 1:colcon.colcon_core.package_identification:_identify(vision/D435_Project_new/calibration_9points_user0/result) by extensions ['ignore', 'ignore_ament_install']
[0.586s] Level 1:colcon.colcon_core.package_identification:_identify(vision/D435_Project_new/calibration_9points_user0/result) by extension 'ignore'
[0.586s] Level 1:colcon.colcon_core.package_identification:_identify(vision/D435_Project_new/calibration_9points_user0/result) by extension 'ignore_ament_install'
[0.586s] Level 1:colcon.colcon_core.package_identification:_identify(vision/D435_Project_new/calibration_9points_user0/result) by extensions ['colcon_pkg']
[0.586s] Level 1:colcon.colcon_core.package_identification:_identify(vision/D435_Project_new/calibration_9points_user0/result) by extension 'colcon_pkg'
[0.586s] Level 1:colcon.colcon_core.package_identification:_identify(vision/D435_Project_new/calibration_9points_user0/result) by extensions ['colcon_meta']
[0.586s] Level 1:colcon.colcon_core.package_identification:_identify(vision/D435_Project_new/calibration_9points_user0/result) by extension 'colcon_meta'
[0.586s] Level 1:colcon.colcon_core.package_identification:_identify(vision/D435_Project_new/calibration_9points_user0/result) by extensions ['ros']
[0.586s] Level 1:colcon.colcon_core.package_identification:_identify(vision/D435_Project_new/calibration_9points_user0/result) by extension 'ros'
[0.586s] Level 1:colcon.colcon_core.package_identification:_identify(vision/D435_Project_new/calibration_9points_user0/result) by extensions ['cmake', 'python']
[0.586s] Level 1:colcon.colcon_core.package_identification:_identify(vision/D435_Project_new/calibration_9points_user0/result) by extension 'cmake'
[0.586s] Level 1:colcon.colcon_core.package_identification:_identify(vision/D435_Project_new/calibration_9points_user0/result) by extension 'python'
[0.587s] Level 1:colcon.colcon_core.package_identification:_identify(vision/D435_Project_new/calibration_9points_user0/result) by extensions ['python_setup_py']
[0.587s] Level 1:colcon.colcon_core.package_identification:_identify(vision/D435_Project_new/calibration_9points_user0/result) by extension 'python_setup_py'
[0.587s] Level 1:colcon.colcon_core.package_identification:_identify(vision/D435_Project_new/data) by extensions ['ignore', 'ignore_ament_install']
[0.587s] Level 1:colcon.colcon_core.package_identification:_identify(vision/D435_Project_new/data) by extension 'ignore'
[0.587s] Level 1:colcon.colcon_core.package_identification:_identify(vision/D435_Project_new/data) by extension 'ignore_ament_install'
[0.587s] Level 1:colcon.colcon_core.package_identification:_identify(vision/D435_Project_new/data) by extensions ['colcon_pkg']
[0.587s] Level 1:colcon.colcon_core.package_identification:_identify(vision/D435_Project_new/data) by extension 'colcon_pkg'
[0.587s] Level 1:colcon.colcon_core.package_identification:_identify(vision/D435_Project_new/data) by extensions ['colcon_meta']
[0.587s] Level 1:colcon.colcon_core.package_identification:_identify(vision/D435_Project_new/data) by extension 'colcon_meta'
[0.587s] Level 1:colcon.colcon_core.package_identification:_identify(vision/D435_Project_new/data) by extensions ['ros']
[0.588s] Level 1:colcon.colcon_core.package_identification:_identify(vision/D435_Project_new/data) by extension 'ros'
[0.588s] Level 1:colcon.colcon_core.package_identification:_identify(vision/D435_Project_new/data) by extensions ['cmake', 'python']
[0.588s] Level 1:colcon.colcon_core.package_identification:_identify(vision/D435_Project_new/data) by extension 'cmake'
[0.588s] Level 1:colcon.colcon_core.package_identification:_identify(vision/D435_Project_new/data) by extension 'python'
[0.588s] Level 1:colcon.colcon_core.package_identification:_identify(vision/D435_Project_new/data) by extensions ['python_setup_py']
[0.588s] Level 1:colcon.colcon_core.package_identification:_identify(vision/D435_Project_new/data) by extension 'python_setup_py'
[0.588s] Level 1:colcon.colcon_core.package_identification:_identify(vision/D435_Project_new/data/raw) by extensions ['ignore', 'ignore_ament_install']
[0.588s] Level 1:colcon.colcon_core.package_identification:_identify(vision/D435_Project_new/data/raw) by extension 'ignore'
[0.588s] Level 1:colcon.colcon_core.package_identification:_identify(vision/D435_Project_new/data/raw) by extension 'ignore_ament_install'
[0.588s] Level 1:colcon.colcon_core.package_identification:_identify(vision/D435_Project_new/data/raw) by extensions ['colcon_pkg']
[0.588s] Level 1:colcon.colcon_core.package_identification:_identify(vision/D435_Project_new/data/raw) by extension 'colcon_pkg'
[0.589s] Level 1:colcon.colcon_core.package_identification:_identify(vision/D435_Project_new/data/raw) by extensions ['colcon_meta']
[0.589s] Level 1:colcon.colcon_core.package_identification:_identify(vision/D435_Project_new/data/raw) by extension 'colcon_meta'
[0.589s] Level 1:colcon.colcon_core.package_identification:_identify(vision/D435_Project_new/data/raw) by extensions ['ros']
[0.589s] Level 1:colcon.colcon_core.package_identification:_identify(vision/D435_Project_new/data/raw) by extension 'ros'
[0.589s] Level 1:colcon.colcon_core.package_identification:_identify(vision/D435_Project_new/data/raw) by extensions ['cmake', 'python']
[0.589s] Level 1:colcon.colcon_core.package_identification:_identify(vision/D435_Project_new/data/raw) by extension 'cmake'
[0.589s] Level 1:colcon.colcon_core.package_identification:_identify(vision/D435_Project_new/data/raw) by extension 'python'
[0.589s] Level 1:colcon.colcon_core.package_identification:_identify(vision/D435_Project_new/data/raw) by extensions ['python_setup_py']
[0.589s] Level 1:colcon.colcon_core.package_identification:_identify(vision/D435_Project_new/data/raw) by extension 'python_setup_py'
[0.589s] Level 1:colcon.colcon_core.package_identification:_identify(vision/D435_Project_new/logs) by extensions ['ignore', 'ignore_ament_install']
[0.590s] Level 1:colcon.colcon_core.package_identification:_identify(vision/D435_Project_new/logs) by extension 'ignore'
[0.590s] Level 1:colcon.colcon_core.package_identification:_identify(vision/D435_Project_new/logs) by extension 'ignore_ament_install'
[0.590s] Level 1:colcon.colcon_core.package_identification:_identify(vision/D435_Project_new/logs) by extensions ['colcon_pkg']
[0.590s] Level 1:colcon.colcon_core.package_identification:_identify(vision/D435_Project_new/logs) by extension 'colcon_pkg'
[0.590s] Level 1:colcon.colcon_core.package_identification:_identify(vision/D435_Project_new/logs) by extensions ['colcon_meta']
[0.590s] Level 1:colcon.colcon_core.package_identification:_identify(vision/D435_Project_new/logs) by extension 'colcon_meta'
[0.590s] Level 1:colcon.colcon_core.package_identification:_identify(vision/D435_Project_new/logs) by extensions ['ros']
[0.590s] Level 1:colcon.colcon_core.package_identification:_identify(vision/D435_Project_new/logs) by extension 'ros'
[0.590s] Level 1:colcon.colcon_core.package_identification:_identify(vision/D435_Project_new/logs) by extensions ['cmake', 'python']
[0.590s] Level 1:colcon.colcon_core.package_identification:_identify(vision/D435_Project_new/logs) by extension 'cmake'
[0.590s] Level 1:colcon.colcon_core.package_identification:_identify(vision/D435_Project_new/logs) by extension 'python'
[0.590s] Level 1:colcon.colcon_core.package_identification:_identify(vision/D435_Project_new/logs) by extensions ['python_setup_py']
[0.590s] Level 1:colcon.colcon_core.package_identification:_identify(vision/D435_Project_new/logs) by extension 'python_setup_py'
[0.591s] Level 1:colcon.colcon_core.package_identification:_identify(vision/D435_Project_new/logs/multi_meter_snapshots) by extensions ['ignore', 'ignore_ament_install']
[0.591s] Level 1:colcon.colcon_core.package_identification:_identify(vision/D435_Project_new/logs/multi_meter_snapshots) by extension 'ignore'
[0.591s] Level 1:colcon.colcon_core.package_identification:_identify(vision/D435_Project_new/logs/multi_meter_snapshots) by extension 'ignore_ament_install'
[0.591s] Level 1:colcon.colcon_core.package_identification:_identify(vision/D435_Project_new/logs/multi_meter_snapshots) by extensions ['colcon_pkg']
[0.591s] Level 1:colcon.colcon_core.package_identification:_identify(vision/D435_Project_new/logs/multi_meter_snapshots) by extension 'colcon_pkg'
[0.591s] Level 1:colcon.colcon_core.package_identification:_identify(vision/D435_Project_new/logs/multi_meter_snapshots) by extensions ['colcon_meta']
[0.592s] Level 1:colcon.colcon_core.package_identification:_identify(vision/D435_Project_new/logs/multi_meter_snapshots) by extension 'colcon_meta'
[0.592s] Level 1:colcon.colcon_core.package_identification:_identify(vision/D435_Project_new/logs/multi_meter_snapshots) by extensions ['ros']
[0.592s] Level 1:colcon.colcon_core.package_identification:_identify(vision/D435_Project_new/logs/multi_meter_snapshots) by extension 'ros'
[0.592s] Level 1:colcon.colcon_core.package_identification:_identify(vision/D435_Project_new/logs/multi_meter_snapshots) by extensions ['cmake', 'python']
[0.592s] Level 1:colcon.colcon_core.package_identification:_identify(vision/D435_Project_new/logs/multi_meter_snapshots) by extension 'cmake'
[0.592s] Level 1:colcon.colcon_core.package_identification:_identify(vision/D435_Project_new/logs/multi_meter_snapshots) by extension 'python'
[0.592s] Level 1:colcon.colcon_core.package_identification:_identify(vision/D435_Project_new/logs/multi_meter_snapshots) by extensions ['python_setup_py']
[0.592s] Level 1:colcon.colcon_core.package_identification:_identify(vision/D435_Project_new/logs/multi_meter_snapshots) by extension 'python_setup_py'
[0.593s] Level 1:colcon.colcon_core.package_identification:_identify(vision/D435_Project_new/runs) by extensions ['ignore', 'ignore_ament_install']
[0.593s] Level 1:colcon.colcon_core.package_identification:_identify(vision/D435_Project_new/runs) by extension 'ignore'
[0.593s] Level 1:colcon.colcon_core.package_identification:_identify(vision/D435_Project_new/runs) by extension 'ignore_ament_install'
[0.593s] Level 1:colcon.colcon_core.package_identification:_identify(vision/D435_Project_new/runs) by extensions ['colcon_pkg']
[0.593s] Level 1:colcon.colcon_core.package_identification:_identify(vision/D435_Project_new/runs) by extension 'colcon_pkg'
[0.593s] Level 1:colcon.colcon_core.package_identification:_identify(vision/D435_Project_new/runs) by extensions ['colcon_meta']
[0.593s] Level 1:colcon.colcon_core.package_identification:_identify(vision/D435_Project_new/runs) by extension 'colcon_meta'
[0.593s] Level 1:colcon.colcon_core.package_identification:_identify(vision/D435_Project_new/runs) by extensions ['ros']
[0.593s] Level 1:colcon.colcon_core.package_identification:_identify(vision/D435_Project_new/runs) by extension 'ros'
[0.593s] Level 1:colcon.colcon_core.package_identification:_identify(vision/D435_Project_new/runs) by extensions ['cmake', 'python']
[0.593s] Level 1:colcon.colcon_core.package_identification:_identify(vision/D435_Project_new/runs) by extension 'cmake'
[0.593s] Level 1:colcon.colcon_core.package_identification:_identify(vision/D435_Project_new/runs) by extension 'python'
[0.593s] Level 1:colcon.colcon_core.package_identification:_identify(vision/D435_Project_new/runs) by extensions ['python_setup_py']
[0.593s] Level 1:colcon.colcon_core.package_identification:_identify(vision/D435_Project_new/runs) by extension 'python_setup_py'
[0.594s] Level 1:colcon.colcon_core.package_identification:_identify(vision/D435_Project_new/runs/detect) by extensions ['ignore', 'ignore_ament_install']
[0.594s] Level 1:colcon.colcon_core.package_identification:_identify(vision/D435_Project_new/runs/detect) by extension 'ignore'
[0.594s] Level 1:colcon.colcon_core.package_identification:_identify(vision/D435_Project_new/runs/detect) by extension 'ignore_ament_install'
[0.594s] Level 1:colcon.colcon_core.package_identification:_identify(vision/D435_Project_new/runs/detect) by extensions ['colcon_pkg']
[0.594s] Level 1:colcon.colcon_core.package_identification:_identify(vision/D435_Project_new/runs/detect) by extension 'colcon_pkg'
[0.594s] Level 1:colcon.colcon_core.package_identification:_identify(vision/D435_Project_new/runs/detect) by extensions ['colcon_meta']
[0.594s] Level 1:colcon.colcon_core.package_identification:_identify(vision/D435_Project_new/runs/detect) by extension 'colcon_meta'
[0.594s] Level 1:colcon.colcon_core.package_identification:_identify(vision/D435_Project_new/runs/detect) by extensions ['ros']
[0.594s] Level 1:colcon.colcon_core.package_identification:_identify(vision/D435_Project_new/runs/detect) by extension 'ros'
[0.594s] Level 1:colcon.colcon_core.package_identification:_identify(vision/D435_Project_new/runs/detect) by extensions ['cmake', 'python']
[0.594s] Level 1:colcon.colcon_core.package_identification:_identify(vision/D435_Project_new/runs/detect) by extension 'cmake'
[0.595s] Level 1:colcon.colcon_core.package_identification:_identify(vision/D435_Project_new/runs/detect) by extension 'python'
[0.595s] Level 1:colcon.colcon_core.package_identification:_identify(vision/D435_Project_new/runs/detect) by extensions ['python_setup_py']
[0.595s] Level 1:colcon.colcon_core.package_identification:_identify(vision/D435_Project_new/runs/detect) by extension 'python_setup_py'
[0.595s] Level 1:colcon.colcon_core.package_identification:_identify(vision/D435_Project_new/runs/detect/train-4) by extensions ['ignore', 'ignore_ament_install']
[0.595s] Level 1:colcon.colcon_core.package_identification:_identify(vision/D435_Project_new/runs/detect/train-4) by extension 'ignore'
[0.595s] Level 1:colcon.colcon_core.package_identification:_identify(vision/D435_Project_new/runs/detect/train-4) by extension 'ignore_ament_install'
[0.595s] Level 1:colcon.colcon_core.package_identification:_identify(vision/D435_Project_new/runs/detect/train-4) by extensions ['colcon_pkg']
[0.595s] Level 1:colcon.colcon_core.package_identification:_identify(vision/D435_Project_new/runs/detect/train-4) by extension 'colcon_pkg'
[0.595s] Level 1:colcon.colcon_core.package_identification:_identify(vision/D435_Project_new/runs/detect/train-4) by extensions ['colcon_meta']
[0.596s] Level 1:colcon.colcon_core.package_identification:_identify(vision/D435_Project_new/runs/detect/train-4) by extension 'colcon_meta'
[0.596s] Level 1:colcon.colcon_core.package_identification:_identify(vision/D435_Project_new/runs/detect/train-4) by extensions ['ros']
[0.596s] Level 1:colcon.colcon_core.package_identification:_identify(vision/D435_Project_new/runs/detect/train-4) by extension 'ros'
[0.596s] Level 1:colcon.colcon_core.package_identification:_identify(vision/D435_Project_new/runs/detect/train-4) by extensions ['cmake', 'python']
[0.596s] Level 1:colcon.colcon_core.package_identification:_identify(vision/D435_Project_new/runs/detect/train-4) by extension 'cmake'
[0.596s] Level 1:colcon.colcon_core.package_identification:_identify(vision/D435_Project_new/runs/detect/train-4) by extension 'python'
[0.596s] Level 1:colcon.colcon_core.package_identification:_identify(vision/D435_Project_new/runs/detect/train-4) by extensions ['python_setup_py']
[0.596s] Level 1:colcon.colcon_core.package_identification:_identify(vision/D435_Project_new/runs/detect/train-4) by extension 'python_setup_py'
[0.596s] Level 1:colcon.colcon_core.package_identification:_identify(vision/D435_Project_new/runs/detect/train-4/weights) by extensions ['ignore', 'ignore_ament_install']
[0.596s] Level 1:colcon.colcon_core.package_identification:_identify(vision/D435_Project_new/runs/detect/train-4/weights) by extension 'ignore'
[0.596s] Level 1:colcon.colcon_core.package_identification:_identify(vision/D435_Project_new/runs/detect/train-4/weights) by extension 'ignore_ament_install'
[0.596s] Level 1:colcon.colcon_core.package_identification:_identify(vision/D435_Project_new/runs/detect/train-4/weights) by extensions ['colcon_pkg']
[0.596s] Level 1:colcon.colcon_core.package_identification:_identify(vision/D435_Project_new/runs/detect/train-4/weights) by extension 'colcon_pkg'
[0.597s] Level 1:colcon.colcon_core.package_identification:_identify(vision/D435_Project_new/runs/detect/train-4/weights) by extensions ['colcon_meta']
[0.597s] Level 1:colcon.colcon_core.package_identification:_identify(vision/D435_Project_new/runs/detect/train-4/weights) by extension 'colcon_meta'
[0.597s] Level 1:colcon.colcon_core.package_identification:_identify(vision/D435_Project_new/runs/detect/train-4/weights) by extensions ['ros']
[0.597s] Level 1:colcon.colcon_core.package_identification:_identify(vision/D435_Project_new/runs/detect/train-4/weights) by extension 'ros'
[0.597s] Level 1:colcon.colcon_core.package_identification:_identify(vision/D435_Project_new/runs/detect/train-4/weights) by extensions ['cmake', 'python']
[0.597s] Level 1:colcon.colcon_core.package_identification:_identify(vision/D435_Project_new/runs/detect/train-4/weights) by extension 'cmake'
[0.597s] Level 1:colcon.colcon_core.package_identification:_identify(vision/D435_Project_new/runs/detect/train-4/weights) by extension 'python'
[0.597s] Level 1:colcon.colcon_core.package_identification:_identify(vision/D435_Project_new/runs/detect/train-4/weights) by extensions ['python_setup_py']
[0.597s] Level 1:colcon.colcon_core.package_identification:_identify(vision/D435_Project_new/runs/detect/train-4/weights) by extension 'python_setup_py'
[0.597s] Level 1:colcon.colcon_core.package_identification:_identify(vision/D435_Project_new/video_dataset) by extensions ['ignore', 'ignore_ament_install']
[0.597s] Level 1:colcon.colcon_core.package_identification:_identify(vision/D435_Project_new/video_dataset) by extension 'ignore'
[0.597s] Level 1:colcon.colcon_core.package_identification:_identify(vision/D435_Project_new/video_dataset) by extension 'ignore_ament_install'
[0.597s] Level 1:colcon.colcon_core.package_identification:_identify(vision/D435_Project_new/video_dataset) by extensions ['colcon_pkg']
[0.597s] Level 1:colcon.colcon_core.package_identification:_identify(vision/D435_Project_new/video_dataset) by extension 'colcon_pkg'
[0.598s] Level 1:colcon.colcon_core.package_identification:_identify(vision/D435_Project_new/video_dataset) by extensions ['colcon_meta']
[0.598s] Level 1:colcon.colcon_core.package_identification:_identify(vision/D435_Project_new/video_dataset) by extension 'colcon_meta'
[0.598s] Level 1:colcon.colcon_core.package_identification:_identify(vision/D435_Project_new/video_dataset) by extensions ['ros']
[0.598s] Level 1:colcon.colcon_core.package_identification:_identify(vision/D435_Project_new/video_dataset) by extension 'ros'
[0.598s] Level 1:colcon.colcon_core.package_identification:_identify(vision/D435_Project_new/video_dataset) by extensions ['cmake', 'python']
[0.598s] Level 1:colcon.colcon_core.package_identification:_identify(vision/D435_Project_new/video_dataset) by extension 'cmake'
[0.598s] Level 1:colcon.colcon_core.package_identification:_identify(vision/D435_Project_new/video_dataset) by extension 'python'
[0.598s] Level 1:colcon.colcon_core.package_identification:_identify(vision/D435_Project_new/video_dataset) by extensions ['python_setup_py']
[0.598s] Level 1:colcon.colcon_core.package_identification:_identify(vision/D435_Project_new/video_dataset) by extension 'python_setup_py'
[0.598s] Level 1:colcon.colcon_core.package_identification:_identify(vision/D435_Project_new/video_dataset/manual_label_images) by extensions ['ignore', 'ignore_ament_install']
[0.598s] Level 1:colcon.colcon_core.package_identification:_identify(vision/D435_Project_new/video_dataset/manual_label_images) by extension 'ignore'
[0.598s] Level 1:colcon.colcon_core.package_identification:_identify(vision/D435_Project_new/video_dataset/manual_label_images) by extension 'ignore_ament_install'
[0.598s] Level 1:colcon.colcon_core.package_identification:_identify(vision/D435_Project_new/video_dataset/manual_label_images) by extensions ['colcon_pkg']
[0.598s] Level 1:colcon.colcon_core.package_identification:_identify(vision/D435_Project_new/video_dataset/manual_label_images) by extension 'colcon_pkg'
[0.599s] Level 1:colcon.colcon_core.package_identification:_identify(vision/D435_Project_new/video_dataset/manual_label_images) by extensions ['colcon_meta']
[0.599s] Level 1:colcon.colcon_core.package_identification:_identify(vision/D435_Project_new/video_dataset/manual_label_images) by extension 'colcon_meta'
[0.599s] Level 1:colcon.colcon_core.package_identification:_identify(vision/D435_Project_new/video_dataset/manual_label_images) by extensions ['ros']
[0.599s] Level 1:colcon.colcon_core.package_identification:_identify(vision/D435_Project_new/video_dataset/manual_label_images) by extension 'ros'
[0.599s] Level 1:colcon.colcon_core.package_identification:_identify(vision/D435_Project_new/video_dataset/manual_label_images) by extensions ['cmake', 'python']
[0.599s] Level 1:colcon.colcon_core.package_identification:_identify(vision/D435_Project_new/video_dataset/manual_label_images) by extension 'cmake'
[0.599s] Level 1:colcon.colcon_core.package_identification:_identify(vision/D435_Project_new/video_dataset/manual_label_images) by extension 'python'
[0.599s] Level 1:colcon.colcon_core.package_identification:_identify(vision/D435_Project_new/video_dataset/manual_label_images) by extensions ['python_setup_py']
[0.599s] Level 1:colcon.colcon_core.package_identification:_identify(vision/D435_Project_new/video_dataset/manual_label_images) by extension 'python_setup_py'
[0.599s] Level 1:colcon.colcon_core.package_identification:_identify(vision/D435_Project_new/video_dataset/manual_label_labels) by extensions ['ignore', 'ignore_ament_install']
[0.599s] Level 1:colcon.colcon_core.package_identification:_identify(vision/D435_Project_new/video_dataset/manual_label_labels) by extension 'ignore'
[0.599s] Level 1:colcon.colcon_core.package_identification:_identify(vision/D435_Project_new/video_dataset/manual_label_labels) by extension 'ignore_ament_install'
[0.599s] Level 1:colcon.colcon_core.package_identification:_identify(vision/D435_Project_new/video_dataset/manual_label_labels) by extensions ['colcon_pkg']
[0.600s] Level 1:colcon.colcon_core.package_identification:_identify(vision/D435_Project_new/video_dataset/manual_label_labels) by extension 'colcon_pkg'
[0.600s] Level 1:colcon.colcon_core.package_identification:_identify(vision/D435_Project_new/video_dataset/manual_label_labels) by extensions ['colcon_meta']
[0.600s] Level 1:colcon.colcon_core.package_identification:_identify(vision/D435_Project_new/video_dataset/manual_label_labels) by extension 'colcon_meta'
[0.600s] Level 1:colcon.colcon_core.package_identification:_identify(vision/D435_Project_new/video_dataset/manual_label_labels) by extensions ['ros']
[0.600s] Level 1:colcon.colcon_core.package_identification:_identify(vision/D435_Project_new/video_dataset/manual_label_labels) by extension 'ros'
[0.600s] Level 1:colcon.colcon_core.package_identification:_identify(vision/D435_Project_new/video_dataset/manual_label_labels) by extensions ['cmake', 'python']
[0.600s] Level 1:colcon.colcon_core.package_identification:_identify(vision/D435_Project_new/video_dataset/manual_label_labels) by extension 'cmake'
[0.600s] Level 1:colcon.colcon_core.package_identification:_identify(vision/D435_Project_new/video_dataset/manual_label_labels) by extension 'python'
[0.600s] Level 1:colcon.colcon_core.package_identification:_identify(vision/D435_Project_new/video_dataset/manual_label_labels) by extensions ['python_setup_py']
[0.600s] Level 1:colcon.colcon_core.package_identification:_identify(vision/D435_Project_new/video_dataset/manual_label_labels) by extension 'python_setup_py'
[0.600s] Level 1:colcon.colcon_core.package_identification:_identify(vision/archive) by extensions ['ignore', 'ignore_ament_install']
[0.600s] Level 1:colcon.colcon_core.package_identification:_identify(vision/archive) by extension 'ignore'
[0.600s] Level 1:colcon.colcon_core.package_identification:_identify(vision/archive) by extension 'ignore_ament_install'
[0.600s] Level 1:colcon.colcon_core.package_identification:_identify(vision/archive) by extensions ['colcon_pkg']
[0.600s] Level 1:colcon.colcon_core.package_identification:_identify(vision/archive) by extension 'colcon_pkg'
[0.600s] Level 1:colcon.colcon_core.package_identification:_identify(vision/archive) by extensions ['colcon_meta']
[0.600s] Level 1:colcon.colcon_core.package_identification:_identify(vision/archive) by extension 'colcon_meta'
[0.600s] Level 1:colcon.colcon_core.package_identification:_identify(vision/archive) by extensions ['ros']
[0.600s] Level 1:colcon.colcon_core.package_identification:_identify(vision/archive) by extension 'ros'
[0.601s] Level 1:colcon.colcon_core.package_identification:_identify(vision/archive) by extensions ['cmake', 'python']
[0.601s] Level 1:colcon.colcon_core.package_identification:_identify(vision/archive) by extension 'cmake'
[0.601s] Level 1:colcon.colcon_core.package_identification:_identify(vision/archive) by extension 'python'
[0.601s] Level 1:colcon.colcon_core.package_identification:_identify(vision/archive) by extensions ['python_setup_py']
[0.601s] Level 1:colcon.colcon_core.package_identification:_identify(vision/archive) by extension 'python_setup_py'
[0.601s] Level 1:colcon.colcon_core.package_identification:_identify(vision/archive/D435_Project_new_cleanup_20260822) by extensions ['ignore', 'ignore_ament_install']
[0.601s] Level 1:colcon.colcon_core.package_identification:_identify(vision/archive/D435_Project_new_cleanup_20260822) by extension 'ignore'
[0.601s] Level 1:colcon.colcon_core.package_identification:_identify(vision/archive/D435_Project_new_cleanup_20260822) by extension 'ignore_ament_install'
[0.601s] Level 1:colcon.colcon_core.package_identification:_identify(vision/archive/D435_Project_new_cleanup_20260822) by extensions ['colcon_pkg']
[0.601s] Level 1:colcon.colcon_core.package_identification:_identify(vision/archive/D435_Project_new_cleanup_20260822) by extension 'colcon_pkg'
[0.601s] Level 1:colcon.colcon_core.package_identification:_identify(vision/archive/D435_Project_new_cleanup_20260822) by extensions ['colcon_meta']
[0.601s] Level 1:colcon.colcon_core.package_identification:_identify(vision/archive/D435_Project_new_cleanup_20260822) by extension 'colcon_meta'
[0.601s] Level 1:colcon.colcon_core.package_identification:_identify(vision/archive/D435_Project_new_cleanup_20260822) by extensions ['ros']
[0.601s] Level 1:colcon.colcon_core.package_identification:_identify(vision/archive/D435_Project_new_cleanup_20260822) by extension 'ros'
[0.601s] Level 1:colcon.colcon_core.package_identification:_identify(vision/archive/D435_Project_new_cleanup_20260822) by extensions ['cmake', 'python']
[0.601s] Level 1:colcon.colcon_core.package_identification:_identify(vision/archive/D435_Project_new_cleanup_20260822) by extension 'cmake'
[0.601s] Level 1:colcon.colcon_core.package_identification:_identify(vision/archive/D435_Project_new_cleanup_20260822) by extension 'python'
[0.601s] Level 1:colcon.colcon_core.package_identification:_identify(vision/archive/D435_Project_new_cleanup_20260822) by extensions ['python_setup_py']
[0.602s] Level 1:colcon.colcon_core.package_identification:_identify(vision/archive/D435_Project_new_cleanup_20260822) by extension 'python_setup_py'
[0.602s] Level 1:colcon.colcon_core.package_identification:_identify(vision/archive/D435_Project_new_cleanup_20260822/calibration_experiments) by extensions ['ignore', 'ignore_ament_install']
[0.602s] Level 1:colcon.colcon_core.package_identification:_identify(vision/archive/D435_Project_new_cleanup_20260822/calibration_experiments) by extension 'ignore'
[0.602s] Level 1:colcon.colcon_core.package_identification:_identify(vision/archive/D435_Project_new_cleanup_20260822/calibration_experiments) by extension 'ignore_ament_install'
[0.602s] Level 1:colcon.colcon_core.package_identification:_identify(vision/archive/D435_Project_new_cleanup_20260822/calibration_experiments) by extensions ['colcon_pkg']
[0.602s] Level 1:colcon.colcon_core.package_identification:_identify(vision/archive/D435_Project_new_cleanup_20260822/calibration_experiments) by extension 'colcon_pkg'
[0.602s] Level 1:colcon.colcon_core.package_identification:_identify(vision/archive/D435_Project_new_cleanup_20260822/calibration_experiments) by extensions ['colcon_meta']
[0.602s] Level 1:colcon.colcon_core.package_identification:_identify(vision/archive/D435_Project_new_cleanup_20260822/calibration_experiments) by extension 'colcon_meta'
[0.602s] Level 1:colcon.colcon_core.package_identification:_identify(vision/archive/D435_Project_new_cleanup_20260822/calibration_experiments) by extensions ['ros']
[0.602s] Level 1:colcon.colcon_core.package_identification:_identify(vision/archive/D435_Project_new_cleanup_20260822/calibration_experiments) by extension 'ros'
[0.602s] Level 1:colcon.colcon_core.package_identification:_identify(vision/archive/D435_Project_new_cleanup_20260822/calibration_experiments) by extensions ['cmake', 'python']
[0.602s] Level 1:colcon.colcon_core.package_identification:_identify(vision/archive/D435_Project_new_cleanup_20260822/calibration_experiments) by extension 'cmake'
[0.602s] Level 1:colcon.colcon_core.package_identification:_identify(vision/archive/D435_Project_new_cleanup_20260822/calibration_experiments) by extension 'python'
[0.602s] Level 1:colcon.colcon_core.package_identification:_identify(vision/archive/D435_Project_new_cleanup_20260822/calibration_experiments) by extensions ['python_setup_py']
[0.603s] Level 1:colcon.colcon_core.package_identification:_identify(vision/archive/D435_Project_new_cleanup_20260822/calibration_experiments) by extension 'python_setup_py'
[0.603s] Level 1:colcon.colcon_core.package_identification:_identify(vision/archive/D435_Project_new_cleanup_20260822/calibration_experiments/calibration_9points_user0_good) by extensions ['ignore', 'ignore_ament_install']
[0.603s] Level 1:colcon.colcon_core.package_identification:_identify(vision/archive/D435_Project_new_cleanup_20260822/calibration_experiments/calibration_9points_user0_good) by extension 'ignore'
[0.603s] Level 1:colcon.colcon_core.package_identification:_identify(vision/archive/D435_Project_new_cleanup_20260822/calibration_experiments/calibration_9points_user0_good) by extension 'ignore_ament_install'
[0.603s] Level 1:colcon.colcon_core.package_identification:_identify(vision/archive/D435_Project_new_cleanup_20260822/calibration_experiments/calibration_9points_user0_good) by extensions ['colcon_pkg']
[0.603s] Level 1:colcon.colcon_core.package_identification:_identify(vision/archive/D435_Project_new_cleanup_20260822/calibration_experiments/calibration_9points_user0_good) by extension 'colcon_pkg'
[0.603s] Level 1:colcon.colcon_core.package_identification:_identify(vision/archive/D435_Project_new_cleanup_20260822/calibration_experiments/calibration_9points_user0_good) by extensions ['colcon_meta']
[0.603s] Level 1:colcon.colcon_core.package_identification:_identify(vision/archive/D435_Project_new_cleanup_20260822/calibration_experiments/calibration_9points_user0_good) by extension 'colcon_meta'
[0.603s] Level 1:colcon.colcon_core.package_identification:_identify(vision/archive/D435_Project_new_cleanup_20260822/calibration_experiments/calibration_9points_user0_good) by extensions ['ros']
[0.603s] Level 1:colcon.colcon_core.package_identification:_identify(vision/archive/D435_Project_new_cleanup_20260822/calibration_experiments/calibration_9points_user0_good) by extension 'ros'
[0.603s] Level 1:colcon.colcon_core.package_identification:_identify(vision/archive/D435_Project_new_cleanup_20260822/calibration_experiments/calibration_9points_user0_good) by extensions ['cmake', 'python']
[0.603s] Level 1:colcon.colcon_core.package_identification:_identify(vision/archive/D435_Project_new_cleanup_20260822/calibration_experiments/calibration_9points_user0_good) by extension 'cmake'
[0.603s] Level 1:colcon.colcon_core.package_identification:_identify(vision/archive/D435_Project_new_cleanup_20260822/calibration_experiments/calibration_9points_user0_good) by extension 'python'
[0.603s] Level 1:colcon.colcon_core.package_identification:_identify(vision/archive/D435_Project_new_cleanup_20260822/calibration_experiments/calibration_9points_user0_good) by extensions ['python_setup_py']
[0.603s] Level 1:colcon.colcon_core.package_identification:_identify(vision/archive/D435_Project_new_cleanup_20260822/calibration_experiments/calibration_9points_user0_good) by extension 'python_setup_py'
[0.603s] Level 1:colcon.colcon_core.package_identification:_identify(vision/archive/D435_Project_new_cleanup_20260822/calibration_experiments/calibration_9points_user0_good/debug) by extensions ['ignore', 'ignore_ament_install']
[0.604s] Level 1:colcon.colcon_core.package_identification:_identify(vision/archive/D435_Project_new_cleanup_20260822/calibration_experiments/calibration_9points_user0_good/debug) by extension 'ignore'
[0.604s] Level 1:colcon.colcon_core.package_identification:_identify(vision/archive/D435_Project_new_cleanup_20260822/calibration_experiments/calibration_9points_user0_good/debug) by extension 'ignore_ament_install'
[0.604s] Level 1:colcon.colcon_core.package_identification:_identify(vision/archive/D435_Project_new_cleanup_20260822/calibration_experiments/calibration_9points_user0_good/debug) by extensions ['colcon_pkg']
[0.604s] Level 1:colcon.colcon_core.package_identification:_identify(vision/archive/D435_Project_new_cleanup_20260822/calibration_experiments/calibration_9points_user0_good/debug) by extension 'colcon_pkg'
[0.604s] Level 1:colcon.colcon_core.package_identification:_identify(vision/archive/D435_Project_new_cleanup_20260822/calibration_experiments/calibration_9points_user0_good/debug) by extensions ['colcon_meta']
[0.604s] Level 1:colcon.colcon_core.package_identification:_identify(vision/archive/D435_Project_new_cleanup_20260822/calibration_experiments/calibration_9points_user0_good/debug) by extension 'colcon_meta'
[0.604s] Level 1:colcon.colcon_core.package_identification:_identify(vision/archive/D435_Project_new_cleanup_20260822/calibration_experiments/calibration_9points_user0_good/debug) by extensions ['ros']
[0.604s] Level 1:colcon.colcon_core.package_identification:_identify(vision/archive/D435_Project_new_cleanup_20260822/calibration_experiments/calibration_9points_user0_good/debug) by extension 'ros'
[0.604s] Level 1:colcon.colcon_core.package_identification:_identify(vision/archive/D435_Project_new_cleanup_20260822/calibration_experiments/calibration_9points_user0_good/debug) by extensions ['cmake', 'python']
[0.604s] Level 1:colcon.colcon_core.package_identification:_identify(vision/archive/D435_Project_new_cleanup_20260822/calibration_experiments/calibration_9points_user0_good/debug) by extension 'cmake'
[0.604s] Level 1:colcon.colcon_core.package_identification:_identify(vision/archive/D435_Project_new_cleanup_20260822/calibration_experiments/calibration_9points_user0_good/debug) by extension 'python'
[0.604s] Level 1:colcon.colcon_core.package_identification:_identify(vision/archive/D435_Project_new_cleanup_20260822/calibration_experiments/calibration_9points_user0_good/debug) by extensions ['python_setup_py']
[0.604s] Level 1:colcon.colcon_core.package_identification:_identify(vision/archive/D435_Project_new_cleanup_20260822/calibration_experiments/calibration_9points_user0_good/debug) by extension 'python_setup_py'
[0.604s] Level 1:colcon.colcon_core.package_identification:_identify(vision/archive/D435_Project_new_cleanup_20260822/calibration_experiments/calibration_9points_user0_good/images) by extensions ['ignore', 'ignore_ament_install']
[0.604s] Level 1:colcon.colcon_core.package_identification:_identify(vision/archive/D435_Project_new_cleanup_20260822/calibration_experiments/calibration_9points_user0_good/images) by extension 'ignore'
[0.604s] Level 1:colcon.colcon_core.package_identification:_identify(vision/archive/D435_Project_new_cleanup_20260822/calibration_experiments/calibration_9points_user0_good/images) by extension 'ignore_ament_install'
[0.604s] Level 1:colcon.colcon_core.package_identification:_identify(vision/archive/D435_Project_new_cleanup_20260822/calibration_experiments/calibration_9points_user0_good/images) by extensions ['colcon_pkg']
[0.604s] Level 1:colcon.colcon_core.package_identification:_identify(vision/archive/D435_Project_new_cleanup_20260822/calibration_experiments/calibration_9points_user0_good/images) by extension 'colcon_pkg'
[0.604s] Level 1:colcon.colcon_core.package_identification:_identify(vision/archive/D435_Project_new_cleanup_20260822/calibration_experiments/calibration_9points_user0_good/images) by extensions ['colcon_meta']
[0.604s] Level 1:colcon.colcon_core.package_identification:_identify(vision/archive/D435_Project_new_cleanup_20260822/calibration_experiments/calibration_9points_user0_good/images) by extension 'colcon_meta'
[0.604s] Level 1:colcon.colcon_core.package_identification:_identify(vision/archive/D435_Project_new_cleanup_20260822/calibration_experiments/calibration_9points_user0_good/images) by extensions ['ros']
[0.604s] Level 1:colcon.colcon_core.package_identification:_identify(vision/archive/D435_Project_new_cleanup_20260822/calibration_experiments/calibration_9points_user0_good/images) by extension 'ros'
[0.605s] Level 1:colcon.colcon_core.package_identification:_identify(vision/archive/D435_Project_new_cleanup_20260822/calibration_experiments/calibration_9points_user0_good/images) by extensions ['cmake', 'python']
[0.605s] Level 1:colcon.colcon_core.package_identification:_identify(vision/archive/D435_Project_new_cleanup_20260822/calibration_experiments/calibration_9points_user0_good/images) by extension 'cmake'
[0.605s] Level 1:colcon.colcon_core.package_identification:_identify(vision/archive/D435_Project_new_cleanup_20260822/calibration_experiments/calibration_9points_user0_good/images) by extension 'python'
[0.605s] Level 1:colcon.colcon_core.package_identification:_identify(vision/archive/D435_Project_new_cleanup_20260822/calibration_experiments/calibration_9points_user0_good/images) by extensions ['python_setup_py']
[0.605s] Level 1:colcon.colcon_core.package_identification:_identify(vision/archive/D435_Project_new_cleanup_20260822/calibration_experiments/calibration_9points_user0_good/images) by extension 'python_setup_py'
[0.605s] Level 1:colcon.colcon_core.package_identification:_identify(vision/archive/D435_Project_new_cleanup_20260822/calibration_experiments/calibration_9points_user0_good/result) by extensions ['ignore', 'ignore_ament_install']
[0.605s] Level 1:colcon.colcon_core.package_identification:_identify(vision/archive/D435_Project_new_cleanup_20260822/calibration_experiments/calibration_9points_user0_good/result) by extension 'ignore'
[0.605s] Level 1:colcon.colcon_core.package_identification:_identify(vision/archive/D435_Project_new_cleanup_20260822/calibration_experiments/calibration_9points_user0_good/result) by extension 'ignore_ament_install'
[0.605s] Level 1:colcon.colcon_core.package_identification:_identify(vision/archive/D435_Project_new_cleanup_20260822/calibration_experiments/calibration_9points_user0_good/result) by extensions ['colcon_pkg']
[0.605s] Level 1:colcon.colcon_core.package_identification:_identify(vision/archive/D435_Project_new_cleanup_20260822/calibration_experiments/calibration_9points_user0_good/result) by extension 'colcon_pkg'
[0.605s] Level 1:colcon.colcon_core.package_identification:_identify(vision/archive/D435_Project_new_cleanup_20260822/calibration_experiments/calibration_9points_user0_good/result) by extensions ['colcon_meta']
[0.605s] Level 1:colcon.colcon_core.package_identification:_identify(vision/archive/D435_Project_new_cleanup_20260822/calibration_experiments/calibration_9points_user0_good/result) by extension 'colcon_meta'
[0.605s] Level 1:colcon.colcon_core.package_identification:_identify(vision/archive/D435_Project_new_cleanup_20260822/calibration_experiments/calibration_9points_user0_good/result) by extensions ['ros']
[0.605s] Level 1:colcon.colcon_core.package_identification:_identify(vision/archive/D435_Project_new_cleanup_20260822/calibration_experiments/calibration_9points_user0_good/result) by extension 'ros'
[0.605s] Level 1:colcon.colcon_core.package_identification:_identify(vision/archive/D435_Project_new_cleanup_20260822/calibration_experiments/calibration_9points_user0_good/result) by extensions ['cmake', 'python']
[0.605s] Level 1:colcon.colcon_core.package_identification:_identify(vision/archive/D435_Project_new_cleanup_20260822/calibration_experiments/calibration_9points_user0_good/result) by extension 'cmake'
[0.605s] Level 1:colcon.colcon_core.package_identification:_identify(vision/archive/D435_Project_new_cleanup_20260822/calibration_experiments/calibration_9points_user0_good/result) by extension 'python'
[0.605s] Level 1:colcon.colcon_core.package_identification:_identify(vision/archive/D435_Project_new_cleanup_20260822/calibration_experiments/calibration_9points_user0_good/result) by extensions ['python_setup_py']
[0.605s] Level 1:colcon.colcon_core.package_identification:_identify(vision/archive/D435_Project_new_cleanup_20260822/calibration_experiments/calibration_9points_user0_good/result) by extension 'python_setup_py'
[0.606s] Level 1:colcon.colcon_core.package_identification:_identify(vision/archive/D435_Project_new_cleanup_20260822/calibration_experiments/calibration_9points_user0_good_depth) by extensions ['ignore', 'ignore_ament_install']
[0.606s] Level 1:colcon.colcon_core.package_identification:_identify(vision/archive/D435_Project_new_cleanup_20260822/calibration_experiments/calibration_9points_user0_good_depth) by extension 'ignore'
[0.606s] Level 1:colcon.colcon_core.package_identification:_identify(vision/archive/D435_Project_new_cleanup_20260822/calibration_experiments/calibration_9points_user0_good_depth) by extension 'ignore_ament_install'
[0.606s] Level 1:colcon.colcon_core.package_identification:_identify(vision/archive/D435_Project_new_cleanup_20260822/calibration_experiments/calibration_9points_user0_good_depth) by extensions ['colcon_pkg']
[0.606s] Level 1:colcon.colcon_core.package_identification:_identify(vision/archive/D435_Project_new_cleanup_20260822/calibration_experiments/calibration_9points_user0_good_depth) by extension 'colcon_pkg'
[0.606s] Level 1:colcon.colcon_core.package_identification:_identify(vision/archive/D435_Project_new_cleanup_20260822/calibration_experiments/calibration_9points_user0_good_depth) by extensions ['colcon_meta']
[0.606s] Level 1:colcon.colcon_core.package_identification:_identify(vision/archive/D435_Project_new_cleanup_20260822/calibration_experiments/calibration_9points_user0_good_depth) by extension 'colcon_meta'
[0.606s] Level 1:colcon.colcon_core.package_identification:_identify(vision/archive/D435_Project_new_cleanup_20260822/calibration_experiments/calibration_9points_user0_good_depth) by extensions ['ros']
[0.606s] Level 1:colcon.colcon_core.package_identification:_identify(vision/archive/D435_Project_new_cleanup_20260822/calibration_experiments/calibration_9points_user0_good_depth) by extension 'ros'
[0.606s] Level 1:colcon.colcon_core.package_identification:_identify(vision/archive/D435_Project_new_cleanup_20260822/calibration_experiments/calibration_9points_user0_good_depth) by extensions ['cmake', 'python']
[0.606s] Level 1:colcon.colcon_core.package_identification:_identify(vision/archive/D435_Project_new_cleanup_20260822/calibration_experiments/calibration_9points_user0_good_depth) by extension 'cmake'
[0.606s] Level 1:colcon.colcon_core.package_identification:_identify(vision/archive/D435_Project_new_cleanup_20260822/calibration_experiments/calibration_9points_user0_good_depth) by extension 'python'
[0.606s] Level 1:colcon.colcon_core.package_identification:_identify(vision/archive/D435_Project_new_cleanup_20260822/calibration_experiments/calibration_9points_user0_good_depth) by extensions ['python_setup_py']
[0.606s] Level 1:colcon.colcon_core.package_identification:_identify(vision/archive/D435_Project_new_cleanup_20260822/calibration_experiments/calibration_9points_user0_good_depth) by extension 'python_setup_py'
[0.606s] Level 1:colcon.colcon_core.package_identification:_identify(vision/archive/D435_Project_new_cleanup_20260822/calibration_experiments/calibration_9points_user0_good_depth/debug) by extensions ['ignore', 'ignore_ament_install']
[0.607s] Level 1:colcon.colcon_core.package_identification:_identify(vision/archive/D435_Project_new_cleanup_20260822/calibration_experiments/calibration_9points_user0_good_depth/debug) by extension 'ignore'
[0.607s] Level 1:colcon.colcon_core.package_identification:_identify(vision/archive/D435_Project_new_cleanup_20260822/calibration_experiments/calibration_9points_user0_good_depth/debug) by extension 'ignore_ament_install'
[0.607s] Level 1:colcon.colcon_core.package_identification:_identify(vision/archive/D435_Project_new_cleanup_20260822/calibration_experiments/calibration_9points_user0_good_depth/debug) by extensions ['colcon_pkg']
[0.607s] Level 1:colcon.colcon_core.package_identification:_identify(vision/archive/D435_Project_new_cleanup_20260822/calibration_experiments/calibration_9points_user0_good_depth/debug) by extension 'colcon_pkg'
[0.607s] Level 1:colcon.colcon_core.package_identification:_identify(vision/archive/D435_Project_new_cleanup_20260822/calibration_experiments/calibration_9points_user0_good_depth/debug) by extensions ['colcon_meta']
[0.607s] Level 1:colcon.colcon_core.package_identification:_identify(vision/archive/D435_Project_new_cleanup_20260822/calibration_experiments/calibration_9points_user0_good_depth/debug) by extension 'colcon_meta'
[0.607s] Level 1:colcon.colcon_core.package_identification:_identify(vision/archive/D435_Project_new_cleanup_20260822/calibration_experiments/calibration_9points_user0_good_depth/debug) by extensions ['ros']
[0.607s] Level 1:colcon.colcon_core.package_identification:_identify(vision/archive/D435_Project_new_cleanup_20260822/calibration_experiments/calibration_9points_user0_good_depth/debug) by extension 'ros'
[0.607s] Level 1:colcon.colcon_core.package_identification:_identify(vision/archive/D435_Project_new_cleanup_20260822/calibration_experiments/calibration_9points_user0_good_depth/debug) by extensions ['cmake', 'python']
[0.607s] Level 1:colcon.colcon_core.package_identification:_identify(vision/archive/D435_Project_new_cleanup_20260822/calibration_experiments/calibration_9points_user0_good_depth/debug) by extension 'cmake'
[0.608s] Level 1:colcon.colcon_core.package_identification:_identify(vision/archive/D435_Project_new_cleanup_20260822/calibration_experiments/calibration_9points_user0_good_depth/debug) by extension 'python'
[0.608s] Level 1:colcon.colcon_core.package_identification:_identify(vision/archive/D435_Project_new_cleanup_20260822/calibration_experiments/calibration_9points_user0_good_depth/debug) by extensions ['python_setup_py']
[0.608s] Level 1:colcon.colcon_core.package_identification:_identify(vision/archive/D435_Project_new_cleanup_20260822/calibration_experiments/calibration_9points_user0_good_depth/debug) by extension 'python_setup_py'
[0.608s] Level 1:colcon.colcon_core.package_identification:_identify(vision/archive/D435_Project_new_cleanup_20260822/calibration_experiments/calibration_9points_user0_good_depth/images) by extensions ['ignore', 'ignore_ament_install']
[0.608s] Level 1:colcon.colcon_core.package_identification:_identify(vision/archive/D435_Project_new_cleanup_20260822/calibration_experiments/calibration_9points_user0_good_depth/images) by extension 'ignore'
[0.608s] Level 1:colcon.colcon_core.package_identification:_identify(vision/archive/D435_Project_new_cleanup_20260822/calibration_experiments/calibration_9points_user0_good_depth/images) by extension 'ignore_ament_install'
[0.608s] Level 1:colcon.colcon_core.package_identification:_identify(vision/archive/D435_Project_new_cleanup_20260822/calibration_experiments/calibration_9points_user0_good_depth/images) by extensions ['colcon_pkg']
[0.608s] Level 1:colcon.colcon_core.package_identification:_identify(vision/archive/D435_Project_new_cleanup_20260822/calibration_experiments/calibration_9points_user0_good_depth/images) by extension 'colcon_pkg'
[0.608s] Level 1:colcon.colcon_core.package_identification:_identify(vision/archive/D435_Project_new_cleanup_20260822/calibration_experiments/calibration_9points_user0_good_depth/images) by extensions ['colcon_meta']
[0.608s] Level 1:colcon.colcon_core.package_identification:_identify(vision/archive/D435_Project_new_cleanup_20260822/calibration_experiments/calibration_9points_user0_good_depth/images) by extension 'colcon_meta'
[0.608s] Level 1:colcon.colcon_core.package_identification:_identify(vision/archive/D435_Project_new_cleanup_20260822/calibration_experiments/calibration_9points_user0_good_depth/images) by extensions ['ros']
[0.608s] Level 1:colcon.colcon_core.package_identification:_identify(vision/archive/D435_Project_new_cleanup_20260822/calibration_experiments/calibration_9points_user0_good_depth/images) by extension 'ros'
[0.608s] Level 1:colcon.colcon_core.package_identification:_identify(vision/archive/D435_Project_new_cleanup_20260822/calibration_experiments/calibration_9points_user0_good_depth/images) by extensions ['cmake', 'python']
[0.608s] Level 1:colcon.colcon_core.package_identification:_identify(vision/archive/D435_Project_new_cleanup_20260822/calibration_experiments/calibration_9points_user0_good_depth/images) by extension 'cmake'
[0.608s] Level 1:colcon.colcon_core.package_identification:_identify(vision/archive/D435_Project_new_cleanup_20260822/calibration_experiments/calibration_9points_user0_good_depth/images) by extension 'python'
[0.610s] Level 1:colcon.colcon_core.package_identification:_identify(vision/archive/D435_Project_new_cleanup_20260822/calibration_experiments/calibration_9points_user0_good_depth/images) by extensions ['python_setup_py']
[0.610s] Level 1:colcon.colcon_core.package_identification:_identify(vision/archive/D435_Project_new_cleanup_20260822/calibration_experiments/calibration_9points_user0_good_depth/images) by extension 'python_setup_py'
[0.611s] Level 1:colcon.colcon_core.package_identification:_identify(vision/archive/D435_Project_new_cleanup_20260822/calibration_experiments/calibration_9points_user0_good_depth/result) by extensions ['ignore', 'ignore_ament_install']
[0.611s] Level 1:colcon.colcon_core.package_identification:_identify(vision/archive/D435_Project_new_cleanup_20260822/calibration_experiments/calibration_9points_user0_good_depth/result) by extension 'ignore'
[0.611s] Level 1:colcon.colcon_core.package_identification:_identify(vision/archive/D435_Project_new_cleanup_20260822/calibration_experiments/calibration_9points_user0_good_depth/result) by extension 'ignore_ament_install'
[0.611s] Level 1:colcon.colcon_core.package_identification:_identify(vision/archive/D435_Project_new_cleanup_20260822/calibration_experiments/calibration_9points_user0_good_depth/result) by extensions ['colcon_pkg']
[0.611s] Level 1:colcon.colcon_core.package_identification:_identify(vision/archive/D435_Project_new_cleanup_20260822/calibration_experiments/calibration_9points_user0_good_depth/result) by extension 'colcon_pkg'
[0.611s] Level 1:colcon.colcon_core.package_identification:_identify(vision/archive/D435_Project_new_cleanup_20260822/calibration_experiments/calibration_9points_user0_good_depth/result) by extensions ['colcon_meta']
[0.611s] Level 1:colcon.colcon_core.package_identification:_identify(vision/archive/D435_Project_new_cleanup_20260822/calibration_experiments/calibration_9points_user0_good_depth/result) by extension 'colcon_meta'
[0.611s] Level 1:colcon.colcon_core.package_identification:_identify(vision/archive/D435_Project_new_cleanup_20260822/calibration_experiments/calibration_9points_user0_good_depth/result) by extensions ['ros']
[0.611s] Level 1:colcon.colcon_core.package_identification:_identify(vision/archive/D435_Project_new_cleanup_20260822/calibration_experiments/calibration_9points_user0_good_depth/result) by extension 'ros'
[0.611s] Level 1:colcon.colcon_core.package_identification:_identify(vision/archive/D435_Project_new_cleanup_20260822/calibration_experiments/calibration_9points_user0_good_depth/result) by extensions ['cmake', 'python']
[0.611s] Level 1:colcon.colcon_core.package_identification:_identify(vision/archive/D435_Project_new_cleanup_20260822/calibration_experiments/calibration_9points_user0_good_depth/result) by extension 'cmake'
[0.611s] Level 1:colcon.colcon_core.package_identification:_identify(vision/archive/D435_Project_new_cleanup_20260822/calibration_experiments/calibration_9points_user0_good_depth/result) by extension 'python'
[0.611s] Level 1:colcon.colcon_core.package_identification:_identify(vision/archive/D435_Project_new_cleanup_20260822/calibration_experiments/calibration_9points_user0_good_depth/result) by extensions ['python_setup_py']
[0.611s] Level 1:colcon.colcon_core.package_identification:_identify(vision/archive/D435_Project_new_cleanup_20260822/calibration_experiments/calibration_9points_user0_good_depth/result) by extension 'python_setup_py'
[0.611s] Level 1:colcon.colcon_core.package_identification:_identify(vision/archive/D435_Project_new_cleanup_20260822/calibration_experiments/calibration_backup) by extensions ['ignore', 'ignore_ament_install']
[0.611s] Level 1:colcon.colcon_core.package_identification:_identify(vision/archive/D435_Project_new_cleanup_20260822/calibration_experiments/calibration_backup) by extension 'ignore'
[0.611s] Level 1:colcon.colcon_core.package_identification:_identify(vision/archive/D435_Project_new_cleanup_20260822/calibration_experiments/calibration_backup) by extension 'ignore_ament_install'
[0.611s] Level 1:colcon.colcon_core.package_identification:_identify(vision/archive/D435_Project_new_cleanup_20260822/calibration_experiments/calibration_backup) by extensions ['colcon_pkg']
[0.612s] Level 1:colcon.colcon_core.package_identification:_identify(vision/archive/D435_Project_new_cleanup_20260822/calibration_experiments/calibration_backup) by extension 'colcon_pkg'
[0.612s] Level 1:colcon.colcon_core.package_identification:_identify(vision/archive/D435_Project_new_cleanup_20260822/calibration_experiments/calibration_backup) by extensions ['colcon_meta']
[0.612s] Level 1:colcon.colcon_core.package_identification:_identify(vision/archive/D435_Project_new_cleanup_20260822/calibration_experiments/calibration_backup) by extension 'colcon_meta'
[0.612s] Level 1:colcon.colcon_core.package_identification:_identify(vision/archive/D435_Project_new_cleanup_20260822/calibration_experiments/calibration_backup) by extensions ['ros']
[0.612s] Level 1:colcon.colcon_core.package_identification:_identify(vision/archive/D435_Project_new_cleanup_20260822/calibration_experiments/calibration_backup) by extension 'ros'
[0.612s] Level 1:colcon.colcon_core.package_identification:_identify(vision/archive/D435_Project_new_cleanup_20260822/calibration_experiments/calibration_backup) by extensions ['cmake', 'python']
[0.612s] Level 1:colcon.colcon_core.package_identification:_identify(vision/archive/D435_Project_new_cleanup_20260822/calibration_experiments/calibration_backup) by extension 'cmake'
[0.612s] Level 1:colcon.colcon_core.package_identification:_identify(vision/archive/D435_Project_new_cleanup_20260822/calibration_experiments/calibration_backup) by extension 'python'
[0.612s] Level 1:colcon.colcon_core.package_identification:_identify(vision/archive/D435_Project_new_cleanup_20260822/calibration_experiments/calibration_backup) by extensions ['python_setup_py']
[0.612s] Level 1:colcon.colcon_core.package_identification:_identify(vision/archive/D435_Project_new_cleanup_20260822/calibration_experiments/calibration_backup) by extension 'python_setup_py'
[0.613s] Level 1:colcon.colcon_core.package_identification:_identify(vision/archive/D435_Project_new_cleanup_20260822/calibration_experiments/calibration_backup/debug) by extensions ['ignore', 'ignore_ament_install']
[0.613s] Level 1:colcon.colcon_core.package_identification:_identify(vision/archive/D435_Project_new_cleanup_20260822/calibration_experiments/calibration_backup/debug) by extension 'ignore'
[0.613s] Level 1:colcon.colcon_core.package_identification:_identify(vision/archive/D435_Project_new_cleanup_20260822/calibration_experiments/calibration_backup/debug) by extension 'ignore_ament_install'
[0.613s] Level 1:colcon.colcon_core.package_identification:_identify(vision/archive/D435_Project_new_cleanup_20260822/calibration_experiments/calibration_backup/debug) by extensions ['colcon_pkg']
[0.613s] Level 1:colcon.colcon_core.package_identification:_identify(vision/archive/D435_Project_new_cleanup_20260822/calibration_experiments/calibration_backup/debug) by extension 'colcon_pkg'
[0.613s] Level 1:colcon.colcon_core.package_identification:_identify(vision/archive/D435_Project_new_cleanup_20260822/calibration_experiments/calibration_backup/debug) by extensions ['colcon_meta']
[0.613s] Level 1:colcon.colcon_core.package_identification:_identify(vision/archive/D435_Project_new_cleanup_20260822/calibration_experiments/calibration_backup/debug) by extension 'colcon_meta'
[0.613s] Level 1:colcon.colcon_core.package_identification:_identify(vision/archive/D435_Project_new_cleanup_20260822/calibration_experiments/calibration_backup/debug) by extensions ['ros']
[0.613s] Level 1:colcon.colcon_core.package_identification:_identify(vision/archive/D435_Project_new_cleanup_20260822/calibration_experiments/calibration_backup/debug) by extension 'ros'
[0.613s] Level 1:colcon.colcon_core.package_identification:_identify(vision/archive/D435_Project_new_cleanup_20260822/calibration_experiments/calibration_backup/debug) by extensions ['cmake', 'python']
[0.613s] Level 1:colcon.colcon_core.package_identification:_identify(vision/archive/D435_Project_new_cleanup_20260822/calibration_experiments/calibration_backup/debug) by extension 'cmake'
[0.614s] Level 1:colcon.colcon_core.package_identification:_identify(vision/archive/D435_Project_new_cleanup_20260822/calibration_experiments/calibration_backup/debug) by extension 'python'
[0.614s] Level 1:colcon.colcon_core.package_identification:_identify(vision/archive/D435_Project_new_cleanup_20260822/calibration_experiments/calibration_backup/debug) by extensions ['python_setup_py']
[0.614s] Level 1:colcon.colcon_core.package_identification:_identify(vision/archive/D435_Project_new_cleanup_20260822/calibration_experiments/calibration_backup/debug) by extension 'python_setup_py'
[0.614s] Level 1:colcon.colcon_core.package_identification:_identify(vision/archive/D435_Project_new_cleanup_20260822/calibration_experiments/calibration_backup/depth) by extensions ['ignore', 'ignore_ament_install']
[0.614s] Level 1:colcon.colcon_core.package_identification:_identify(vision/archive/D435_Project_new_cleanup_20260822/calibration_experiments/calibration_backup/depth) by extension 'ignore'
[0.614s] Level 1:colcon.colcon_core.package_identification:_identify(vision/archive/D435_Project_new_cleanup_20260822/calibration_experiments/calibration_backup/depth) by extension 'ignore_ament_install'
[0.614s] Level 1:colcon.colcon_core.package_identification:_identify(vision/archive/D435_Project_new_cleanup_20260822/calibration_experiments/calibration_backup/depth) by extensions ['colcon_pkg']
[0.614s] Level 1:colcon.colcon_core.package_identification:_identify(vision/archive/D435_Project_new_cleanup_20260822/calibration_experiments/calibration_backup/depth) by extension 'colcon_pkg'
[0.614s] Level 1:colcon.colcon_core.package_identification:_identify(vision/archive/D435_Project_new_cleanup_20260822/calibration_experiments/calibration_backup/depth) by extensions ['colcon_meta']
[0.614s] Level 1:colcon.colcon_core.package_identification:_identify(vision/archive/D435_Project_new_cleanup_20260822/calibration_experiments/calibration_backup/depth) by extension 'colcon_meta'
[0.615s] Level 1:colcon.colcon_core.package_identification:_identify(vision/archive/D435_Project_new_cleanup_20260822/calibration_experiments/calibration_backup/depth) by extensions ['ros']
[0.615s] Level 1:colcon.colcon_core.package_identification:_identify(vision/archive/D435_Project_new_cleanup_20260822/calibration_experiments/calibration_backup/depth) by extension 'ros'
[0.615s] Level 1:colcon.colcon_core.package_identification:_identify(vision/archive/D435_Project_new_cleanup_20260822/calibration_experiments/calibration_backup/depth) by extensions ['cmake', 'python']
[0.615s] Level 1:colcon.colcon_core.package_identification:_identify(vision/archive/D435_Project_new_cleanup_20260822/calibration_experiments/calibration_backup/depth) by extension 'cmake'
[0.615s] Level 1:colcon.colcon_core.package_identification:_identify(vision/archive/D435_Project_new_cleanup_20260822/calibration_experiments/calibration_backup/depth) by extension 'python'
[0.615s] Level 1:colcon.colcon_core.package_identification:_identify(vision/archive/D435_Project_new_cleanup_20260822/calibration_experiments/calibration_backup/depth) by extensions ['python_setup_py']
[0.615s] Level 1:colcon.colcon_core.package_identification:_identify(vision/archive/D435_Project_new_cleanup_20260822/calibration_experiments/calibration_backup/depth) by extension 'python_setup_py'
[0.615s] Level 1:colcon.colcon_core.package_identification:_identify(vision/archive/D435_Project_new_cleanup_20260822/calibration_experiments/calibration_backup/images) by extensions ['ignore', 'ignore_ament_install']
[0.615s] Level 1:colcon.colcon_core.package_identification:_identify(vision/archive/D435_Project_new_cleanup_20260822/calibration_experiments/calibration_backup/images) by extension 'ignore'
[0.615s] Level 1:colcon.colcon_core.package_identification:_identify(vision/archive/D435_Project_new_cleanup_20260822/calibration_experiments/calibration_backup/images) by extension 'ignore_ament_install'
[0.615s] Level 1:colcon.colcon_core.package_identification:_identify(vision/archive/D435_Project_new_cleanup_20260822/calibration_experiments/calibration_backup/images) by extensions ['colcon_pkg']
[0.615s] Level 1:colcon.colcon_core.package_identification:_identify(vision/archive/D435_Project_new_cleanup_20260822/calibration_experiments/calibration_backup/images) by extension 'colcon_pkg'
[0.616s] Level 1:colcon.colcon_core.package_identification:_identify(vision/archive/D435_Project_new_cleanup_20260822/calibration_experiments/calibration_backup/images) by extensions ['colcon_meta']
[0.616s] Level 1:colcon.colcon_core.package_identification:_identify(vision/archive/D435_Project_new_cleanup_20260822/calibration_experiments/calibration_backup/images) by extension 'colcon_meta'
[0.616s] Level 1:colcon.colcon_core.package_identification:_identify(vision/archive/D435_Project_new_cleanup_20260822/calibration_experiments/calibration_backup/images) by extensions ['ros']
[0.616s] Level 1:colcon.colcon_core.package_identification:_identify(vision/archive/D435_Project_new_cleanup_20260822/calibration_experiments/calibration_backup/images) by extension 'ros'
[0.616s] Level 1:colcon.colcon_core.package_identification:_identify(vision/archive/D435_Project_new_cleanup_20260822/calibration_experiments/calibration_backup/images) by extensions ['cmake', 'python']
[0.616s] Level 1:colcon.colcon_core.package_identification:_identify(vision/archive/D435_Project_new_cleanup_20260822/calibration_experiments/calibration_backup/images) by extension 'cmake'
[0.616s] Level 1:colcon.colcon_core.package_identification:_identify(vision/archive/D435_Project_new_cleanup_20260822/calibration_experiments/calibration_backup/images) by extension 'python'
[0.616s] Level 1:colcon.colcon_core.package_identification:_identify(vision/archive/D435_Project_new_cleanup_20260822/calibration_experiments/calibration_backup/images) by extensions ['python_setup_py']
[0.616s] Level 1:colcon.colcon_core.package_identification:_identify(vision/archive/D435_Project_new_cleanup_20260822/calibration_experiments/calibration_backup/images) by extension 'python_setup_py'
[0.617s] Level 1:colcon.colcon_core.package_identification:_identify(vision/archive/D435_Project_new_cleanup_20260822/calibration_experiments/calibration_backup/result) by extensions ['ignore', 'ignore_ament_install']
[0.617s] Level 1:colcon.colcon_core.package_identification:_identify(vision/archive/D435_Project_new_cleanup_20260822/calibration_experiments/calibration_backup/result) by extension 'ignore'
[0.617s] Level 1:colcon.colcon_core.package_identification:_identify(vision/archive/D435_Project_new_cleanup_20260822/calibration_experiments/calibration_backup/result) by extension 'ignore_ament_install'
[0.617s] Level 1:colcon.colcon_core.package_identification:_identify(vision/archive/D435_Project_new_cleanup_20260822/calibration_experiments/calibration_backup/result) by extensions ['colcon_pkg']
[0.617s] Level 1:colcon.colcon_core.package_identification:_identify(vision/archive/D435_Project_new_cleanup_20260822/calibration_experiments/calibration_backup/result) by extension 'colcon_pkg'
[0.617s] Level 1:colcon.colcon_core.package_identification:_identify(vision/archive/D435_Project_new_cleanup_20260822/calibration_experiments/calibration_backup/result) by extensions ['colcon_meta']
[0.617s] Level 1:colcon.colcon_core.package_identification:_identify(vision/archive/D435_Project_new_cleanup_20260822/calibration_experiments/calibration_backup/result) by extension 'colcon_meta'
[0.617s] Level 1:colcon.colcon_core.package_identification:_identify(vision/archive/D435_Project_new_cleanup_20260822/calibration_experiments/calibration_backup/result) by extensions ['ros']
[0.618s] Level 1:colcon.colcon_core.package_identification:_identify(vision/archive/D435_Project_new_cleanup_20260822/calibration_experiments/calibration_backup/result) by extension 'ros'
[0.618s] Level 1:colcon.colcon_core.package_identification:_identify(vision/archive/D435_Project_new_cleanup_20260822/calibration_experiments/calibration_backup/result) by extensions ['cmake', 'python']
[0.618s] Level 1:colcon.colcon_core.package_identification:_identify(vision/archive/D435_Project_new_cleanup_20260822/calibration_experiments/calibration_backup/result) by extension 'cmake'
[0.618s] Level 1:colcon.colcon_core.package_identification:_identify(vision/archive/D435_Project_new_cleanup_20260822/calibration_experiments/calibration_backup/result) by extension 'python'
[0.618s] Level 1:colcon.colcon_core.package_identification:_identify(vision/archive/D435_Project_new_cleanup_20260822/calibration_experiments/calibration_backup/result) by extensions ['python_setup_py']
[0.618s] Level 1:colcon.colcon_core.package_identification:_identify(vision/archive/D435_Project_new_cleanup_20260822/calibration_experiments/calibration_backup/result) by extension 'python_setup_py'
[0.618s] Level 1:colcon.colcon_core.package_identification:_identify(vision/archive/D435_Project_new_cleanup_20260822/calibration_experiments/calibration_good_15samples) by extensions ['ignore', 'ignore_ament_install']
[0.618s] Level 1:colcon.colcon_core.package_identification:_identify(vision/archive/D435_Project_new_cleanup_20260822/calibration_experiments/calibration_good_15samples) by extension 'ignore'
[0.618s] Level 1:colcon.colcon_core.package_identification:_identify(vision/archive/D435_Project_new_cleanup_20260822/calibration_experiments/calibration_good_15samples) by extension 'ignore_ament_install'
[0.618s] Level 1:colcon.colcon_core.package_identification:_identify(vision/archive/D435_Project_new_cleanup_20260822/calibration_experiments/calibration_good_15samples) by extensions ['colcon_pkg']
[0.618s] Level 1:colcon.colcon_core.package_identification:_identify(vision/archive/D435_Project_new_cleanup_20260822/calibration_experiments/calibration_good_15samples) by extension 'colcon_pkg'
[0.618s] Level 1:colcon.colcon_core.package_identification:_identify(vision/archive/D435_Project_new_cleanup_20260822/calibration_experiments/calibration_good_15samples) by extensions ['colcon_meta']
[0.618s] Level 1:colcon.colcon_core.package_identification:_identify(vision/archive/D435_Project_new_cleanup_20260822/calibration_experiments/calibration_good_15samples) by extension 'colcon_meta'
[0.618s] Level 1:colcon.colcon_core.package_identification:_identify(vision/archive/D435_Project_new_cleanup_20260822/calibration_experiments/calibration_good_15samples) by extensions ['ros']
[0.619s] Level 1:colcon.colcon_core.package_identification:_identify(vision/archive/D435_Project_new_cleanup_20260822/calibration_experiments/calibration_good_15samples) by extension 'ros'
[0.619s] Level 1:colcon.colcon_core.package_identification:_identify(vision/archive/D435_Project_new_cleanup_20260822/calibration_experiments/calibration_good_15samples) by extensions ['cmake', 'python']
[0.619s] Level 1:colcon.colcon_core.package_identification:_identify(vision/archive/D435_Project_new_cleanup_20260822/calibration_experiments/calibration_good_15samples) by extension 'cmake'
[0.619s] Level 1:colcon.colcon_core.package_identification:_identify(vision/archive/D435_Project_new_cleanup_20260822/calibration_experiments/calibration_good_15samples) by extension 'python'
[0.619s] Level 1:colcon.colcon_core.package_identification:_identify(vision/archive/D435_Project_new_cleanup_20260822/calibration_experiments/calibration_good_15samples) by extensions ['python_setup_py']
[0.619s] Level 1:colcon.colcon_core.package_identification:_identify(vision/archive/D435_Project_new_cleanup_20260822/calibration_experiments/calibration_good_15samples) by extension 'python_setup_py'
[0.619s] Level 1:colcon.colcon_core.package_identification:_identify(vision/archive/D435_Project_new_cleanup_20260822/calibration_experiments/calibration_good_15samples/debug) by extensions ['ignore', 'ignore_ament_install']
[0.619s] Level 1:colcon.colcon_core.package_identification:_identify(vision/archive/D435_Project_new_cleanup_20260822/calibration_experiments/calibration_good_15samples/debug) by extension 'ignore'
[0.620s] Level 1:colcon.colcon_core.package_identification:_identify(vision/archive/D435_Project_new_cleanup_20260822/calibration_experiments/calibration_good_15samples/debug) by extension 'ignore_ament_install'
[0.620s] Level 1:colcon.colcon_core.package_identification:_identify(vision/archive/D435_Project_new_cleanup_20260822/calibration_experiments/calibration_good_15samples/debug) by extensions ['colcon_pkg']
[0.620s] Level 1:colcon.colcon_core.package_identification:_identify(vision/archive/D435_Project_new_cleanup_20260822/calibration_experiments/calibration_good_15samples/debug) by extension 'colcon_pkg'
[0.620s] Level 1:colcon.colcon_core.package_identification:_identify(vision/archive/D435_Project_new_cleanup_20260822/calibration_experiments/calibration_good_15samples/debug) by extensions ['colcon_meta']
[0.620s] Level 1:colcon.colcon_core.package_identification:_identify(vision/archive/D435_Project_new_cleanup_20260822/calibration_experiments/calibration_good_15samples/debug) by extension 'colcon_meta'
[0.620s] Level 1:colcon.colcon_core.package_identification:_identify(vision/archive/D435_Project_new_cleanup_20260822/calibration_experiments/calibration_good_15samples/debug) by extensions ['ros']
[0.620s] Level 1:colcon.colcon_core.package_identification:_identify(vision/archive/D435_Project_new_cleanup_20260822/calibration_experiments/calibration_good_15samples/debug) by extension 'ros'
[0.620s] Level 1:colcon.colcon_core.package_identification:_identify(vision/archive/D435_Project_new_cleanup_20260822/calibration_experiments/calibration_good_15samples/debug) by extensions ['cmake', 'python']
[0.620s] Level 1:colcon.colcon_core.package_identification:_identify(vision/archive/D435_Project_new_cleanup_20260822/calibration_experiments/calibration_good_15samples/debug) by extension 'cmake'
[0.620s] Level 1:colcon.colcon_core.package_identification:_identify(vision/archive/D435_Project_new_cleanup_20260822/calibration_experiments/calibration_good_15samples/debug) by extension 'python'
[0.621s] Level 1:colcon.colcon_core.package_identification:_identify(vision/archive/D435_Project_new_cleanup_20260822/calibration_experiments/calibration_good_15samples/debug) by extensions ['python_setup_py']
[0.621s] Level 1:colcon.colcon_core.package_identification:_identify(vision/archive/D435_Project_new_cleanup_20260822/calibration_experiments/calibration_good_15samples/debug) by extension 'python_setup_py'
[0.621s] Level 1:colcon.colcon_core.package_identification:_identify(vision/archive/D435_Project_new_cleanup_20260822/calibration_experiments/calibration_good_15samples/depth) by extensions ['ignore', 'ignore_ament_install']
[0.621s] Level 1:colcon.colcon_core.package_identification:_identify(vision/archive/D435_Project_new_cleanup_20260822/calibration_experiments/calibration_good_15samples/depth) by extension 'ignore'
[0.621s] Level 1:colcon.colcon_core.package_identification:_identify(vision/archive/D435_Project_new_cleanup_20260822/calibration_experiments/calibration_good_15samples/depth) by extension 'ignore_ament_install'
[0.621s] Level 1:colcon.colcon_core.package_identification:_identify(vision/archive/D435_Project_new_cleanup_20260822/calibration_experiments/calibration_good_15samples/depth) by extensions ['colcon_pkg']
[0.621s] Level 1:colcon.colcon_core.package_identification:_identify(vision/archive/D435_Project_new_cleanup_20260822/calibration_experiments/calibration_good_15samples/depth) by extension 'colcon_pkg'
[0.621s] Level 1:colcon.colcon_core.package_identification:_identify(vision/archive/D435_Project_new_cleanup_20260822/calibration_experiments/calibration_good_15samples/depth) by extensions ['colcon_meta']
[0.621s] Level 1:colcon.colcon_core.package_identification:_identify(vision/archive/D435_Project_new_cleanup_20260822/calibration_experiments/calibration_good_15samples/depth) by extension 'colcon_meta'
[0.622s] Level 1:colcon.colcon_core.package_identification:_identify(vision/archive/D435_Project_new_cleanup_20260822/calibration_experiments/calibration_good_15samples/depth) by extensions ['ros']
[0.622s] Level 1:colcon.colcon_core.package_identification:_identify(vision/archive/D435_Project_new_cleanup_20260822/calibration_experiments/calibration_good_15samples/depth) by extension 'ros'
[0.622s] Level 1:colcon.colcon_core.package_identification:_identify(vision/archive/D435_Project_new_cleanup_20260822/calibration_experiments/calibration_good_15samples/depth) by extensions ['cmake', 'python']
[0.622s] Level 1:colcon.colcon_core.package_identification:_identify(vision/archive/D435_Project_new_cleanup_20260822/calibration_experiments/calibration_good_15samples/depth) by extension 'cmake'
[0.622s] Level 1:colcon.colcon_core.package_identification:_identify(vision/archive/D435_Project_new_cleanup_20260822/calibration_experiments/calibration_good_15samples/depth) by extension 'python'
[0.622s] Level 1:colcon.colcon_core.package_identification:_identify(vision/archive/D435_Project_new_cleanup_20260822/calibration_experiments/calibration_good_15samples/depth) by extensions ['python_setup_py']
[0.622s] Level 1:colcon.colcon_core.package_identification:_identify(vision/archive/D435_Project_new_cleanup_20260822/calibration_experiments/calibration_good_15samples/depth) by extension 'python_setup_py'
[0.623s] Level 1:colcon.colcon_core.package_identification:_identify(vision/archive/D435_Project_new_cleanup_20260822/calibration_experiments/calibration_good_15samples/images) by extensions ['ignore', 'ignore_ament_install']
[0.623s] Level 1:colcon.colcon_core.package_identification:_identify(vision/archive/D435_Project_new_cleanup_20260822/calibration_experiments/calibration_good_15samples/images) by extension 'ignore'
[0.623s] Level 1:colcon.colcon_core.package_identification:_identify(vision/archive/D435_Project_new_cleanup_20260822/calibration_experiments/calibration_good_15samples/images) by extension 'ignore_ament_install'
[0.623s] Level 1:colcon.colcon_core.package_identification:_identify(vision/archive/D435_Project_new_cleanup_20260822/calibration_experiments/calibration_good_15samples/images) by extensions ['colcon_pkg']
[0.623s] Level 1:colcon.colcon_core.package_identification:_identify(vision/archive/D435_Project_new_cleanup_20260822/calibration_experiments/calibration_good_15samples/images) by extension 'colcon_pkg'
[0.623s] Level 1:colcon.colcon_core.package_identification:_identify(vision/archive/D435_Project_new_cleanup_20260822/calibration_experiments/calibration_good_15samples/images) by extensions ['colcon_meta']
[0.623s] Level 1:colcon.colcon_core.package_identification:_identify(vision/archive/D435_Project_new_cleanup_20260822/calibration_experiments/calibration_good_15samples/images) by extension 'colcon_meta'
[0.623s] Level 1:colcon.colcon_core.package_identification:_identify(vision/archive/D435_Project_new_cleanup_20260822/calibration_experiments/calibration_good_15samples/images) by extensions ['ros']
[0.624s] Level 1:colcon.colcon_core.package_identification:_identify(vision/archive/D435_Project_new_cleanup_20260822/calibration_experiments/calibration_good_15samples/images) by extension 'ros'
[0.624s] Level 1:colcon.colcon_core.package_identification:_identify(vision/archive/D435_Project_new_cleanup_20260822/calibration_experiments/calibration_good_15samples/images) by extensions ['cmake', 'python']
[0.624s] Level 1:colcon.colcon_core.package_identification:_identify(vision/archive/D435_Project_new_cleanup_20260822/calibration_experiments/calibration_good_15samples/images) by extension 'cmake'
[0.624s] Level 1:colcon.colcon_core.package_identification:_identify(vision/archive/D435_Project_new_cleanup_20260822/calibration_experiments/calibration_good_15samples/images) by extension 'python'
[0.624s] Level 1:colcon.colcon_core.package_identification:_identify(vision/archive/D435_Project_new_cleanup_20260822/calibration_experiments/calibration_good_15samples/images) by extensions ['python_setup_py']
[0.624s] Level 1:colcon.colcon_core.package_identification:_identify(vision/archive/D435_Project_new_cleanup_20260822/calibration_experiments/calibration_good_15samples/images) by extension 'python_setup_py'
[0.624s] Level 1:colcon.colcon_core.package_identification:_identify(vision/archive/D435_Project_new_cleanup_20260822/calibration_experiments/calibration_good_15samples/result) by extensions ['ignore', 'ignore_ament_install']
[0.624s] Level 1:colcon.colcon_core.package_identification:_identify(vision/archive/D435_Project_new_cleanup_20260822/calibration_experiments/calibration_good_15samples/result) by extension 'ignore'
[0.624s] Level 1:colcon.colcon_core.package_identification:_identify(vision/archive/D435_Project_new_cleanup_20260822/calibration_experiments/calibration_good_15samples/result) by extension 'ignore_ament_install'
[0.624s] Level 1:colcon.colcon_core.package_identification:_identify(vision/archive/D435_Project_new_cleanup_20260822/calibration_experiments/calibration_good_15samples/result) by extensions ['colcon_pkg']
[0.624s] Level 1:colcon.colcon_core.package_identification:_identify(vision/archive/D435_Project_new_cleanup_20260822/calibration_experiments/calibration_good_15samples/result) by extension 'colcon_pkg'
[0.624s] Level 1:colcon.colcon_core.package_identification:_identify(vision/archive/D435_Project_new_cleanup_20260822/calibration_experiments/calibration_good_15samples/result) by extensions ['colcon_meta']
[0.625s] Level 1:colcon.colcon_core.package_identification:_identify(vision/archive/D435_Project_new_cleanup_20260822/calibration_experiments/calibration_good_15samples/result) by extension 'colcon_meta'
[0.625s] Level 1:colcon.colcon_core.package_identification:_identify(vision/archive/D435_Project_new_cleanup_20260822/calibration_experiments/calibration_good_15samples/result) by extensions ['ros']
[0.625s] Level 1:colcon.colcon_core.package_identification:_identify(vision/archive/D435_Project_new_cleanup_20260822/calibration_experiments/calibration_good_15samples/result) by extension 'ros'
[0.625s] Level 1:colcon.colcon_core.package_identification:_identify(vision/archive/D435_Project_new_cleanup_20260822/calibration_experiments/calibration_good_15samples/result) by extensions ['cmake', 'python']
[0.625s] Level 1:colcon.colcon_core.package_identification:_identify(vision/archive/D435_Project_new_cleanup_20260822/calibration_experiments/calibration_good_15samples/result) by extension 'cmake'
[0.625s] Level 1:colcon.colcon_core.package_identification:_identify(vision/archive/D435_Project_new_cleanup_20260822/calibration_experiments/calibration_good_15samples/result) by extension 'python'
[0.625s] Level 1:colcon.colcon_core.package_identification:_identify(vision/archive/D435_Project_new_cleanup_20260822/calibration_experiments/calibration_good_15samples/result) by extensions ['python_setup_py']
[0.625s] Level 1:colcon.colcon_core.package_identification:_identify(vision/archive/D435_Project_new_cleanup_20260822/calibration_experiments/calibration_good_15samples/result) by extension 'python_setup_py'
[0.625s] Level 1:colcon.colcon_core.package_identification:_identify(vision/archive/D435_Project_new_cleanup_20260822/calibration_experiments/calibration_new) by extensions ['ignore', 'ignore_ament_install']
[0.625s] Level 1:colcon.colcon_core.package_identification:_identify(vision/archive/D435_Project_new_cleanup_20260822/calibration_experiments/calibration_new) by extension 'ignore'
[0.625s] Level 1:colcon.colcon_core.package_identification:_identify(vision/archive/D435_Project_new_cleanup_20260822/calibration_experiments/calibration_new) by extension 'ignore_ament_install'
[0.625s] Level 1:colcon.colcon_core.package_identification:_identify(vision/archive/D435_Project_new_cleanup_20260822/calibration_experiments/calibration_new) by extensions ['colcon_pkg']
[0.625s] Level 1:colcon.colcon_core.package_identification:_identify(vision/archive/D435_Project_new_cleanup_20260822/calibration_experiments/calibration_new) by extension 'colcon_pkg'
[0.625s] Level 1:colcon.colcon_core.package_identification:_identify(vision/archive/D435_Project_new_cleanup_20260822/calibration_experiments/calibration_new) by extensions ['colcon_meta']
[0.625s] Level 1:colcon.colcon_core.package_identification:_identify(vision/archive/D435_Project_new_cleanup_20260822/calibration_experiments/calibration_new) by extension 'colcon_meta'
[0.626s] Level 1:colcon.colcon_core.package_identification:_identify(vision/archive/D435_Project_new_cleanup_20260822/calibration_experiments/calibration_new) by extensions ['ros']
[0.626s] Level 1:colcon.colcon_core.package_identification:_identify(vision/archive/D435_Project_new_cleanup_20260822/calibration_experiments/calibration_new) by extension 'ros'
[0.626s] Level 1:colcon.colcon_core.package_identification:_identify(vision/archive/D435_Project_new_cleanup_20260822/calibration_experiments/calibration_new) by extensions ['cmake', 'python']
[0.626s] Level 1:colcon.colcon_core.package_identification:_identify(vision/archive/D435_Project_new_cleanup_20260822/calibration_experiments/calibration_new) by extension 'cmake'
[0.626s] Level 1:colcon.colcon_core.package_identification:_identify(vision/archive/D435_Project_new_cleanup_20260822/calibration_experiments/calibration_new) by extension 'python'
[0.626s] Level 1:colcon.colcon_core.package_identification:_identify(vision/archive/D435_Project_new_cleanup_20260822/calibration_experiments/calibration_new) by extensions ['python_setup_py']
[0.626s] Level 1:colcon.colcon_core.package_identification:_identify(vision/archive/D435_Project_new_cleanup_20260822/calibration_experiments/calibration_new) by extension 'python_setup_py'
[0.626s] Level 1:colcon.colcon_core.package_identification:_identify(vision/archive/D435_Project_new_cleanup_20260822/calibration_experiments/calibration_new/debug) by extensions ['ignore', 'ignore_ament_install']
[0.627s] Level 1:colcon.colcon_core.package_identification:_identify(vision/archive/D435_Project_new_cleanup_20260822/calibration_experiments/calibration_new/debug) by extension 'ignore'
[0.627s] Level 1:colcon.colcon_core.package_identification:_identify(vision/archive/D435_Project_new_cleanup_20260822/calibration_experiments/calibration_new/debug) by extension 'ignore_ament_install'
[0.627s] Level 1:colcon.colcon_core.package_identification:_identify(vision/archive/D435_Project_new_cleanup_20260822/calibration_experiments/calibration_new/debug) by extensions ['colcon_pkg']
[0.627s] Level 1:colcon.colcon_core.package_identification:_identify(vision/archive/D435_Project_new_cleanup_20260822/calibration_experiments/calibration_new/debug) by extension 'colcon_pkg'
[0.627s] Level 1:colcon.colcon_core.package_identification:_identify(vision/archive/D435_Project_new_cleanup_20260822/calibration_experiments/calibration_new/debug) by extensions ['colcon_meta']
[0.627s] Level 1:colcon.colcon_core.package_identification:_identify(vision/archive/D435_Project_new_cleanup_20260822/calibration_experiments/calibration_new/debug) by extension 'colcon_meta'
[0.627s] Level 1:colcon.colcon_core.package_identification:_identify(vision/archive/D435_Project_new_cleanup_20260822/calibration_experiments/calibration_new/debug) by extensions ['ros']
[0.627s] Level 1:colcon.colcon_core.package_identification:_identify(vision/archive/D435_Project_new_cleanup_20260822/calibration_experiments/calibration_new/debug) by extension 'ros'
[0.628s] Level 1:colcon.colcon_core.package_identification:_identify(vision/archive/D435_Project_new_cleanup_20260822/calibration_experiments/calibration_new/debug) by extensions ['cmake', 'python']
[0.628s] Level 1:colcon.colcon_core.package_identification:_identify(vision/archive/D435_Project_new_cleanup_20260822/calibration_experiments/calibration_new/debug) by extension 'cmake'
[0.628s] Level 1:colcon.colcon_core.package_identification:_identify(vision/archive/D435_Project_new_cleanup_20260822/calibration_experiments/calibration_new/debug) by extension 'python'
[0.628s] Level 1:colcon.colcon_core.package_identification:_identify(vision/archive/D435_Project_new_cleanup_20260822/calibration_experiments/calibration_new/debug) by extensions ['python_setup_py']
[0.628s] Level 1:colcon.colcon_core.package_identification:_identify(vision/archive/D435_Project_new_cleanup_20260822/calibration_experiments/calibration_new/debug) by extension 'python_setup_py'
[0.628s] Level 1:colcon.colcon_core.package_identification:_identify(vision/archive/D435_Project_new_cleanup_20260822/calibration_experiments/calibration_new/depth) by extensions ['ignore', 'ignore_ament_install']
[0.628s] Level 1:colcon.colcon_core.package_identification:_identify(vision/archive/D435_Project_new_cleanup_20260822/calibration_experiments/calibration_new/depth) by extension 'ignore'
[0.629s] Level 1:colcon.colcon_core.package_identification:_identify(vision/archive/D435_Project_new_cleanup_20260822/calibration_experiments/calibration_new/depth) by extension 'ignore_ament_install'
[0.629s] Level 1:colcon.colcon_core.package_identification:_identify(vision/archive/D435_Project_new_cleanup_20260822/calibration_experiments/calibration_new/depth) by extensions ['colcon_pkg']
[0.629s] Level 1:colcon.colcon_core.package_identification:_identify(vision/archive/D435_Project_new_cleanup_20260822/calibration_experiments/calibration_new/depth) by extension 'colcon_pkg'
[0.629s] Level 1:colcon.colcon_core.package_identification:_identify(vision/archive/D435_Project_new_cleanup_20260822/calibration_experiments/calibration_new/depth) by extensions ['colcon_meta']
[0.629s] Level 1:colcon.colcon_core.package_identification:_identify(vision/archive/D435_Project_new_cleanup_20260822/calibration_experiments/calibration_new/depth) by extension 'colcon_meta'
[0.629s] Level 1:colcon.colcon_core.package_identification:_identify(vision/archive/D435_Project_new_cleanup_20260822/calibration_experiments/calibration_new/depth) by extensions ['ros']
[0.629s] Level 1:colcon.colcon_core.package_identification:_identify(vision/archive/D435_Project_new_cleanup_20260822/calibration_experiments/calibration_new/depth) by extension 'ros'
[0.629s] Level 1:colcon.colcon_core.package_identification:_identify(vision/archive/D435_Project_new_cleanup_20260822/calibration_experiments/calibration_new/depth) by extensions ['cmake', 'python']
[0.629s] Level 1:colcon.colcon_core.package_identification:_identify(vision/archive/D435_Project_new_cleanup_20260822/calibration_experiments/calibration_new/depth) by extension 'cmake'
[0.629s] Level 1:colcon.colcon_core.package_identification:_identify(vision/archive/D435_Project_new_cleanup_20260822/calibration_experiments/calibration_new/depth) by extension 'python'
[0.629s] Level 1:colcon.colcon_core.package_identification:_identify(vision/archive/D435_Project_new_cleanup_20260822/calibration_experiments/calibration_new/depth) by extensions ['python_setup_py']
[0.629s] Level 1:colcon.colcon_core.package_identification:_identify(vision/archive/D435_Project_new_cleanup_20260822/calibration_experiments/calibration_new/depth) by extension 'python_setup_py'
[0.630s] Level 1:colcon.colcon_core.package_identification:_identify(vision/archive/D435_Project_new_cleanup_20260822/calibration_experiments/calibration_new/images) by extensions ['ignore', 'ignore_ament_install']
[0.630s] Level 1:colcon.colcon_core.package_identification:_identify(vision/archive/D435_Project_new_cleanup_20260822/calibration_experiments/calibration_new/images) by extension 'ignore'
[0.630s] Level 1:colcon.colcon_core.package_identification:_identify(vision/archive/D435_Project_new_cleanup_20260822/calibration_experiments/calibration_new/images) by extension 'ignore_ament_install'
[0.630s] Level 1:colcon.colcon_core.package_identification:_identify(vision/archive/D435_Project_new_cleanup_20260822/calibration_experiments/calibration_new/images) by extensions ['colcon_pkg']
[0.630s] Level 1:colcon.colcon_core.package_identification:_identify(vision/archive/D435_Project_new_cleanup_20260822/calibration_experiments/calibration_new/images) by extension 'colcon_pkg'
[0.630s] Level 1:colcon.colcon_core.package_identification:_identify(vision/archive/D435_Project_new_cleanup_20260822/calibration_experiments/calibration_new/images) by extensions ['colcon_meta']
[0.630s] Level 1:colcon.colcon_core.package_identification:_identify(vision/archive/D435_Project_new_cleanup_20260822/calibration_experiments/calibration_new/images) by extension 'colcon_meta'
[0.630s] Level 1:colcon.colcon_core.package_identification:_identify(vision/archive/D435_Project_new_cleanup_20260822/calibration_experiments/calibration_new/images) by extensions ['ros']
[0.630s] Level 1:colcon.colcon_core.package_identification:_identify(vision/archive/D435_Project_new_cleanup_20260822/calibration_experiments/calibration_new/images) by extension 'ros'
[0.630s] Level 1:colcon.colcon_core.package_identification:_identify(vision/archive/D435_Project_new_cleanup_20260822/calibration_experiments/calibration_new/images) by extensions ['cmake', 'python']
[0.630s] Level 1:colcon.colcon_core.package_identification:_identify(vision/archive/D435_Project_new_cleanup_20260822/calibration_experiments/calibration_new/images) by extension 'cmake'
[0.630s] Level 1:colcon.colcon_core.package_identification:_identify(vision/archive/D435_Project_new_cleanup_20260822/calibration_experiments/calibration_new/images) by extension 'python'
[0.630s] Level 1:colcon.colcon_core.package_identification:_identify(vision/archive/D435_Project_new_cleanup_20260822/calibration_experiments/calibration_new/images) by extensions ['python_setup_py']
[0.631s] Level 1:colcon.colcon_core.package_identification:_identify(vision/archive/D435_Project_new_cleanup_20260822/calibration_experiments/calibration_new/images) by extension 'python_setup_py'
[0.631s] Level 1:colcon.colcon_core.package_identification:_identify(vision/archive/D435_Project_new_cleanup_20260822/calibration_experiments/calibration_new/result) by extensions ['ignore', 'ignore_ament_install']
[0.631s] Level 1:colcon.colcon_core.package_identification:_identify(vision/archive/D435_Project_new_cleanup_20260822/calibration_experiments/calibration_new/result) by extension 'ignore'
[0.631s] Level 1:colcon.colcon_core.package_identification:_identify(vision/archive/D435_Project_new_cleanup_20260822/calibration_experiments/calibration_new/result) by extension 'ignore_ament_install'
[0.631s] Level 1:colcon.colcon_core.package_identification:_identify(vision/archive/D435_Project_new_cleanup_20260822/calibration_experiments/calibration_new/result) by extensions ['colcon_pkg']
[0.631s] Level 1:colcon.colcon_core.package_identification:_identify(vision/archive/D435_Project_new_cleanup_20260822/calibration_experiments/calibration_new/result) by extension 'colcon_pkg'
[0.631s] Level 1:colcon.colcon_core.package_identification:_identify(vision/archive/D435_Project_new_cleanup_20260822/calibration_experiments/calibration_new/result) by extensions ['colcon_meta']
[0.631s] Level 1:colcon.colcon_core.package_identification:_identify(vision/archive/D435_Project_new_cleanup_20260822/calibration_experiments/calibration_new/result) by extension 'colcon_meta'
[0.631s] Level 1:colcon.colcon_core.package_identification:_identify(vision/archive/D435_Project_new_cleanup_20260822/calibration_experiments/calibration_new/result) by extensions ['ros']
[0.631s] Level 1:colcon.colcon_core.package_identification:_identify(vision/archive/D435_Project_new_cleanup_20260822/calibration_experiments/calibration_new/result) by extension 'ros'
[0.631s] Level 1:colcon.colcon_core.package_identification:_identify(vision/archive/D435_Project_new_cleanup_20260822/calibration_experiments/calibration_new/result) by extensions ['cmake', 'python']
[0.631s] Level 1:colcon.colcon_core.package_identification:_identify(vision/archive/D435_Project_new_cleanup_20260822/calibration_experiments/calibration_new/result) by extension 'cmake'
[0.631s] Level 1:colcon.colcon_core.package_identification:_identify(vision/archive/D435_Project_new_cleanup_20260822/calibration_experiments/calibration_new/result) by extension 'python'
[0.632s] Level 1:colcon.colcon_core.package_identification:_identify(vision/archive/D435_Project_new_cleanup_20260822/calibration_experiments/calibration_new/result) by extensions ['python_setup_py']
[0.632s] Level 1:colcon.colcon_core.package_identification:_identify(vision/archive/D435_Project_new_cleanup_20260822/calibration_experiments/calibration_new/result) by extension 'python_setup_py'
[0.632s] Level 1:colcon.colcon_core.package_identification:_identify(vision/archive/D435_Project_new_cleanup_20260822/calibration_runtime_sources) by extensions ['ignore', 'ignore_ament_install']
[0.632s] Level 1:colcon.colcon_core.package_identification:_identify(vision/archive/D435_Project_new_cleanup_20260822/calibration_runtime_sources) by extension 'ignore'
[0.632s] Level 1:colcon.colcon_core.package_identification:_identify(vision/archive/D435_Project_new_cleanup_20260822/calibration_runtime_sources) by extension 'ignore_ament_install'
[0.632s] Level 1:colcon.colcon_core.package_identification:_identify(vision/archive/D435_Project_new_cleanup_20260822/calibration_runtime_sources) by extensions ['colcon_pkg']
[0.632s] Level 1:colcon.colcon_core.package_identification:_identify(vision/archive/D435_Project_new_cleanup_20260822/calibration_runtime_sources) by extension 'colcon_pkg'
[0.632s] Level 1:colcon.colcon_core.package_identification:_identify(vision/archive/D435_Project_new_cleanup_20260822/calibration_runtime_sources) by extensions ['colcon_meta']
[0.632s] Level 1:colcon.colcon_core.package_identification:_identify(vision/archive/D435_Project_new_cleanup_20260822/calibration_runtime_sources) by extension 'colcon_meta'
[0.632s] Level 1:colcon.colcon_core.package_identification:_identify(vision/archive/D435_Project_new_cleanup_20260822/calibration_runtime_sources) by extensions ['ros']
[0.632s] Level 1:colcon.colcon_core.package_identification:_identify(vision/archive/D435_Project_new_cleanup_20260822/calibration_runtime_sources) by extension 'ros'
[0.632s] Level 1:colcon.colcon_core.package_identification:_identify(vision/archive/D435_Project_new_cleanup_20260822/calibration_runtime_sources) by extensions ['cmake', 'python']
[0.632s] Level 1:colcon.colcon_core.package_identification:_identify(vision/archive/D435_Project_new_cleanup_20260822/calibration_runtime_sources) by extension 'cmake'
[0.632s] Level 1:colcon.colcon_core.package_identification:_identify(vision/archive/D435_Project_new_cleanup_20260822/calibration_runtime_sources) by extension 'python'
[0.633s] Level 1:colcon.colcon_core.package_identification:_identify(vision/archive/D435_Project_new_cleanup_20260822/calibration_runtime_sources) by extensions ['python_setup_py']
[0.633s] Level 1:colcon.colcon_core.package_identification:_identify(vision/archive/D435_Project_new_cleanup_20260822/calibration_runtime_sources) by extension 'python_setup_py'
[0.633s] Level 1:colcon.colcon_core.package_identification:_identify(vision/archive/D435_Project_new_cleanup_20260822/calibration_runtime_sources/debug) by extensions ['ignore', 'ignore_ament_install']
[0.633s] Level 1:colcon.colcon_core.package_identification:_identify(vision/archive/D435_Project_new_cleanup_20260822/calibration_runtime_sources/debug) by extension 'ignore'
[0.633s] Level 1:colcon.colcon_core.package_identification:_identify(vision/archive/D435_Project_new_cleanup_20260822/calibration_runtime_sources/debug) by extension 'ignore_ament_install'
[0.633s] Level 1:colcon.colcon_core.package_identification:_identify(vision/archive/D435_Project_new_cleanup_20260822/calibration_runtime_sources/debug) by extensions ['colcon_pkg']
[0.633s] Level 1:colcon.colcon_core.package_identification:_identify(vision/archive/D435_Project_new_cleanup_20260822/calibration_runtime_sources/debug) by extension 'colcon_pkg'
[0.633s] Level 1:colcon.colcon_core.package_identification:_identify(vision/archive/D435_Project_new_cleanup_20260822/calibration_runtime_sources/debug) by extensions ['colcon_meta']
[0.633s] Level 1:colcon.colcon_core.package_identification:_identify(vision/archive/D435_Project_new_cleanup_20260822/calibration_runtime_sources/debug) by extension 'colcon_meta'
[0.633s] Level 1:colcon.colcon_core.package_identification:_identify(vision/archive/D435_Project_new_cleanup_20260822/calibration_runtime_sources/debug) by extensions ['ros']
[0.633s] Level 1:colcon.colcon_core.package_identification:_identify(vision/archive/D435_Project_new_cleanup_20260822/calibration_runtime_sources/debug) by extension 'ros'
[0.633s] Level 1:colcon.colcon_core.package_identification:_identify(vision/archive/D435_Project_new_cleanup_20260822/calibration_runtime_sources/debug) by extensions ['cmake', 'python']
[0.633s] Level 1:colcon.colcon_core.package_identification:_identify(vision/archive/D435_Project_new_cleanup_20260822/calibration_runtime_sources/debug) by extension 'cmake'
[0.633s] Level 1:colcon.colcon_core.package_identification:_identify(vision/archive/D435_Project_new_cleanup_20260822/calibration_runtime_sources/debug) by extension 'python'
[0.633s] Level 1:colcon.colcon_core.package_identification:_identify(vision/archive/D435_Project_new_cleanup_20260822/calibration_runtime_sources/debug) by extensions ['python_setup_py']
[0.634s] Level 1:colcon.colcon_core.package_identification:_identify(vision/archive/D435_Project_new_cleanup_20260822/calibration_runtime_sources/debug) by extension 'python_setup_py'
[0.634s] Level 1:colcon.colcon_core.package_identification:_identify(vision/archive/D435_Project_new_cleanup_20260822/calibration_runtime_sources/depth) by extensions ['ignore', 'ignore_ament_install']
[0.634s] Level 1:colcon.colcon_core.package_identification:_identify(vision/archive/D435_Project_new_cleanup_20260822/calibration_runtime_sources/depth) by extension 'ignore'
[0.634s] Level 1:colcon.colcon_core.package_identification:_identify(vision/archive/D435_Project_new_cleanup_20260822/calibration_runtime_sources/depth) by extension 'ignore_ament_install'
[0.634s] Level 1:colcon.colcon_core.package_identification:_identify(vision/archive/D435_Project_new_cleanup_20260822/calibration_runtime_sources/depth) by extensions ['colcon_pkg']
[0.634s] Level 1:colcon.colcon_core.package_identification:_identify(vision/archive/D435_Project_new_cleanup_20260822/calibration_runtime_sources/depth) by extension 'colcon_pkg'
[0.634s] Level 1:colcon.colcon_core.package_identification:_identify(vision/archive/D435_Project_new_cleanup_20260822/calibration_runtime_sources/depth) by extensions ['colcon_meta']
[0.634s] Level 1:colcon.colcon_core.package_identification:_identify(vision/archive/D435_Project_new_cleanup_20260822/calibration_runtime_sources/depth) by extension 'colcon_meta'
[0.634s] Level 1:colcon.colcon_core.package_identification:_identify(vision/archive/D435_Project_new_cleanup_20260822/calibration_runtime_sources/depth) by extensions ['ros']
[0.634s] Level 1:colcon.colcon_core.package_identification:_identify(vision/archive/D435_Project_new_cleanup_20260822/calibration_runtime_sources/depth) by extension 'ros'
[0.634s] Level 1:colcon.colcon_core.package_identification:_identify(vision/archive/D435_Project_new_cleanup_20260822/calibration_runtime_sources/depth) by extensions ['cmake', 'python']
[0.634s] Level 1:colcon.colcon_core.package_identification:_identify(vision/archive/D435_Project_new_cleanup_20260822/calibration_runtime_sources/depth) by extension 'cmake'
[0.634s] Level 1:colcon.colcon_core.package_identification:_identify(vision/archive/D435_Project_new_cleanup_20260822/calibration_runtime_sources/depth) by extension 'python'
[0.635s] Level 1:colcon.colcon_core.package_identification:_identify(vision/archive/D435_Project_new_cleanup_20260822/calibration_runtime_sources/depth) by extensions ['python_setup_py']
[0.635s] Level 1:colcon.colcon_core.package_identification:_identify(vision/archive/D435_Project_new_cleanup_20260822/calibration_runtime_sources/depth) by extension 'python_setup_py'
[0.635s] Level 1:colcon.colcon_core.package_identification:_identify(vision/archive/D435_Project_new_cleanup_20260822/calibration_runtime_sources/images) by extensions ['ignore', 'ignore_ament_install']
[0.635s] Level 1:colcon.colcon_core.package_identification:_identify(vision/archive/D435_Project_new_cleanup_20260822/calibration_runtime_sources/images) by extension 'ignore'
[0.635s] Level 1:colcon.colcon_core.package_identification:_identify(vision/archive/D435_Project_new_cleanup_20260822/calibration_runtime_sources/images) by extension 'ignore_ament_install'
[0.635s] Level 1:colcon.colcon_core.package_identification:_identify(vision/archive/D435_Project_new_cleanup_20260822/calibration_runtime_sources/images) by extensions ['colcon_pkg']
[0.635s] Level 1:colcon.colcon_core.package_identification:_identify(vision/archive/D435_Project_new_cleanup_20260822/calibration_runtime_sources/images) by extension 'colcon_pkg'
[0.635s] Level 1:colcon.colcon_core.package_identification:_identify(vision/archive/D435_Project_new_cleanup_20260822/calibration_runtime_sources/images) by extensions ['colcon_meta']
[0.635s] Level 1:colcon.colcon_core.package_identification:_identify(vision/archive/D435_Project_new_cleanup_20260822/calibration_runtime_sources/images) by extension 'colcon_meta'
[0.635s] Level 1:colcon.colcon_core.package_identification:_identify(vision/archive/D435_Project_new_cleanup_20260822/calibration_runtime_sources/images) by extensions ['ros']
[0.635s] Level 1:colcon.colcon_core.package_identification:_identify(vision/archive/D435_Project_new_cleanup_20260822/calibration_runtime_sources/images) by extension 'ros'
[0.635s] Level 1:colcon.colcon_core.package_identification:_identify(vision/archive/D435_Project_new_cleanup_20260822/calibration_runtime_sources/images) by extensions ['cmake', 'python']
[0.635s] Level 1:colcon.colcon_core.package_identification:_identify(vision/archive/D435_Project_new_cleanup_20260822/calibration_runtime_sources/images) by extension 'cmake'
[0.636s] Level 1:colcon.colcon_core.package_identification:_identify(vision/archive/D435_Project_new_cleanup_20260822/calibration_runtime_sources/images) by extension 'python'
[0.636s] Level 1:colcon.colcon_core.package_identification:_identify(vision/archive/D435_Project_new_cleanup_20260822/calibration_runtime_sources/images) by extensions ['python_setup_py']
[0.636s] Level 1:colcon.colcon_core.package_identification:_identify(vision/archive/D435_Project_new_cleanup_20260822/calibration_runtime_sources/images) by extension 'python_setup_py'
[0.636s] Level 1:colcon.colcon_core.package_identification:_identify(vision/archive/D435_Project_new_cleanup_20260822/logs) by extensions ['ignore', 'ignore_ament_install']
[0.636s] Level 1:colcon.colcon_core.package_identification:_identify(vision/archive/D435_Project_new_cleanup_20260822/logs) by extension 'ignore'
[0.636s] Level 1:colcon.colcon_core.package_identification:_identify(vision/archive/D435_Project_new_cleanup_20260822/logs) by extension 'ignore_ament_install'
[0.636s] Level 1:colcon.colcon_core.package_identification:_identify(vision/archive/D435_Project_new_cleanup_20260822/logs) by extensions ['colcon_pkg']
[0.636s] Level 1:colcon.colcon_core.package_identification:_identify(vision/archive/D435_Project_new_cleanup_20260822/logs) by extension 'colcon_pkg'
[0.636s] Level 1:colcon.colcon_core.package_identification:_identify(vision/archive/D435_Project_new_cleanup_20260822/logs) by extensions ['colcon_meta']
[0.636s] Level 1:colcon.colcon_core.package_identification:_identify(vision/archive/D435_Project_new_cleanup_20260822/logs) by extension 'colcon_meta'
[0.636s] Level 1:colcon.colcon_core.package_identification:_identify(vision/archive/D435_Project_new_cleanup_20260822/logs) by extensions ['ros']
[0.636s] Level 1:colcon.colcon_core.package_identification:_identify(vision/archive/D435_Project_new_cleanup_20260822/logs) by extension 'ros'
[0.636s] Level 1:colcon.colcon_core.package_identification:_identify(vision/archive/D435_Project_new_cleanup_20260822/logs) by extensions ['cmake', 'python']
[0.636s] Level 1:colcon.colcon_core.package_identification:_identify(vision/archive/D435_Project_new_cleanup_20260822/logs) by extension 'cmake'
[0.636s] Level 1:colcon.colcon_core.package_identification:_identify(vision/archive/D435_Project_new_cleanup_20260822/logs) by extension 'python'
[0.636s] Level 1:colcon.colcon_core.package_identification:_identify(vision/archive/D435_Project_new_cleanup_20260822/logs) by extensions ['python_setup_py']
[0.636s] Level 1:colcon.colcon_core.package_identification:_identify(vision/archive/D435_Project_new_cleanup_20260822/logs) by extension 'python_setup_py'
[0.636s] Level 1:colcon.colcon_core.package_identification:_identify(vision/archive/D435_Project_new_cleanup_20260822/logs/multi_meter_snapshots) by extensions ['ignore', 'ignore_ament_install']
[0.637s] Level 1:colcon.colcon_core.package_identification:_identify(vision/archive/D435_Project_new_cleanup_20260822/logs/multi_meter_snapshots) by extension 'ignore'
[0.637s] Level 1:colcon.colcon_core.package_identification:_identify(vision/archive/D435_Project_new_cleanup_20260822/logs/multi_meter_snapshots) by extension 'ignore_ament_install'
[0.637s] Level 1:colcon.colcon_core.package_identification:_identify(vision/archive/D435_Project_new_cleanup_20260822/logs/multi_meter_snapshots) by extensions ['colcon_pkg']
[0.637s] Level 1:colcon.colcon_core.package_identification:_identify(vision/archive/D435_Project_new_cleanup_20260822/logs/multi_meter_snapshots) by extension 'colcon_pkg'
[0.637s] Level 1:colcon.colcon_core.package_identification:_identify(vision/archive/D435_Project_new_cleanup_20260822/logs/multi_meter_snapshots) by extensions ['colcon_meta']
[0.637s] Level 1:colcon.colcon_core.package_identification:_identify(vision/archive/D435_Project_new_cleanup_20260822/logs/multi_meter_snapshots) by extension 'colcon_meta'
[0.637s] Level 1:colcon.colcon_core.package_identification:_identify(vision/archive/D435_Project_new_cleanup_20260822/logs/multi_meter_snapshots) by extensions ['ros']
[0.637s] Level 1:colcon.colcon_core.package_identification:_identify(vision/archive/D435_Project_new_cleanup_20260822/logs/multi_meter_snapshots) by extension 'ros'
[0.637s] Level 1:colcon.colcon_core.package_identification:_identify(vision/archive/D435_Project_new_cleanup_20260822/logs/multi_meter_snapshots) by extensions ['cmake', 'python']
[0.637s] Level 1:colcon.colcon_core.package_identification:_identify(vision/archive/D435_Project_new_cleanup_20260822/logs/multi_meter_snapshots) by extension 'cmake'
[0.637s] Level 1:colcon.colcon_core.package_identification:_identify(vision/archive/D435_Project_new_cleanup_20260822/logs/multi_meter_snapshots) by extension 'python'
[0.638s] Level 1:colcon.colcon_core.package_identification:_identify(vision/archive/D435_Project_new_cleanup_20260822/logs/multi_meter_snapshots) by extensions ['python_setup_py']
[0.638s] Level 1:colcon.colcon_core.package_identification:_identify(vision/archive/D435_Project_new_cleanup_20260822/logs/multi_meter_snapshots) by extension 'python_setup_py'
[0.638s] Level 1:colcon.colcon_core.package_identification:_identify(vision/archive/D435_Project_new_cleanup_20260822/logs/snapshots) by extensions ['ignore', 'ignore_ament_install']
[0.638s] Level 1:colcon.colcon_core.package_identification:_identify(vision/archive/D435_Project_new_cleanup_20260822/logs/snapshots) by extension 'ignore'
[0.638s] Level 1:colcon.colcon_core.package_identification:_identify(vision/archive/D435_Project_new_cleanup_20260822/logs/snapshots) by extension 'ignore_ament_install'
[0.638s] Level 1:colcon.colcon_core.package_identification:_identify(vision/archive/D435_Project_new_cleanup_20260822/logs/snapshots) by extensions ['colcon_pkg']
[0.638s] Level 1:colcon.colcon_core.package_identification:_identify(vision/archive/D435_Project_new_cleanup_20260822/logs/snapshots) by extension 'colcon_pkg'
[0.638s] Level 1:colcon.colcon_core.package_identification:_identify(vision/archive/D435_Project_new_cleanup_20260822/logs/snapshots) by extensions ['colcon_meta']
[0.638s] Level 1:colcon.colcon_core.package_identification:_identify(vision/archive/D435_Project_new_cleanup_20260822/logs/snapshots) by extension 'colcon_meta'
[0.638s] Level 1:colcon.colcon_core.package_identification:_identify(vision/archive/D435_Project_new_cleanup_20260822/logs/snapshots) by extensions ['ros']
[0.638s] Level 1:colcon.colcon_core.package_identification:_identify(vision/archive/D435_Project_new_cleanup_20260822/logs/snapshots) by extension 'ros'
[0.638s] Level 1:colcon.colcon_core.package_identification:_identify(vision/archive/D435_Project_new_cleanup_20260822/logs/snapshots) by extensions ['cmake', 'python']
[0.638s] Level 1:colcon.colcon_core.package_identification:_identify(vision/archive/D435_Project_new_cleanup_20260822/logs/snapshots) by extension 'cmake'
[0.639s] Level 1:colcon.colcon_core.package_identification:_identify(vision/archive/D435_Project_new_cleanup_20260822/logs/snapshots) by extension 'python'
[0.639s] Level 1:colcon.colcon_core.package_identification:_identify(vision/archive/D435_Project_new_cleanup_20260822/logs/snapshots) by extensions ['python_setup_py']
[0.639s] Level 1:colcon.colcon_core.package_identification:_identify(vision/archive/D435_Project_new_cleanup_20260822/logs/snapshots) by extension 'python_setup_py'
[0.639s] Level 1:colcon.colcon_core.package_identification:_identify(vision/archive/D435_Project_new_cleanup_20260822/misc) by extensions ['ignore', 'ignore_ament_install']
[0.639s] Level 1:colcon.colcon_core.package_identification:_identify(vision/archive/D435_Project_new_cleanup_20260822/misc) by extension 'ignore'
[0.639s] Level 1:colcon.colcon_core.package_identification:_identify(vision/archive/D435_Project_new_cleanup_20260822/misc) by extension 'ignore_ament_install'
[0.639s] Level 1:colcon.colcon_core.package_identification:_identify(vision/archive/D435_Project_new_cleanup_20260822/misc) by extensions ['colcon_pkg']
[0.639s] Level 1:colcon.colcon_core.package_identification:_identify(vision/archive/D435_Project_new_cleanup_20260822/misc) by extension 'colcon_pkg'
[0.639s] Level 1:colcon.colcon_core.package_identification:_identify(vision/archive/D435_Project_new_cleanup_20260822/misc) by extensions ['colcon_meta']
[0.639s] Level 1:colcon.colcon_core.package_identification:_identify(vision/archive/D435_Project_new_cleanup_20260822/misc) by extension 'colcon_meta'
[0.639s] Level 1:colcon.colcon_core.package_identification:_identify(vision/archive/D435_Project_new_cleanup_20260822/misc) by extensions ['ros']
[0.639s] Level 1:colcon.colcon_core.package_identification:_identify(vision/archive/D435_Project_new_cleanup_20260822/misc) by extension 'ros'
[0.639s] Level 1:colcon.colcon_core.package_identification:_identify(vision/archive/D435_Project_new_cleanup_20260822/misc) by extensions ['cmake', 'python']
[0.640s] Level 1:colcon.colcon_core.package_identification:_identify(vision/archive/D435_Project_new_cleanup_20260822/misc) by extension 'cmake'
[0.640s] Level 1:colcon.colcon_core.package_identification:_identify(vision/archive/D435_Project_new_cleanup_20260822/misc) by extension 'python'
[0.640s] Level 1:colcon.colcon_core.package_identification:_identify(vision/archive/D435_Project_new_cleanup_20260822/misc) by extensions ['python_setup_py']
[0.640s] Level 1:colcon.colcon_core.package_identification:_identify(vision/archive/D435_Project_new_cleanup_20260822/misc) by extension 'python_setup_py'
[0.640s] Level 1:colcon.colcon_core.package_identification:_identify(vision/archive/D435_Project_new_cleanup_20260822/misc/__pycache__) by extensions ['ignore', 'ignore_ament_install']
[0.640s] Level 1:colcon.colcon_core.package_identification:_identify(vision/archive/D435_Project_new_cleanup_20260822/misc/__pycache__) by extension 'ignore'
[0.640s] Level 1:colcon.colcon_core.package_identification:_identify(vision/archive/D435_Project_new_cleanup_20260822/misc/__pycache__) by extension 'ignore_ament_install'
[0.640s] Level 1:colcon.colcon_core.package_identification:_identify(vision/archive/D435_Project_new_cleanup_20260822/misc/__pycache__) by extensions ['colcon_pkg']
[0.640s] Level 1:colcon.colcon_core.package_identification:_identify(vision/archive/D435_Project_new_cleanup_20260822/misc/__pycache__) by extension 'colcon_pkg'
[0.640s] Level 1:colcon.colcon_core.package_identification:_identify(vision/archive/D435_Project_new_cleanup_20260822/misc/__pycache__) by extensions ['colcon_meta']
[0.640s] Level 1:colcon.colcon_core.package_identification:_identify(vision/archive/D435_Project_new_cleanup_20260822/misc/__pycache__) by extension 'colcon_meta'
[0.640s] Level 1:colcon.colcon_core.package_identification:_identify(vision/archive/D435_Project_new_cleanup_20260822/misc/__pycache__) by extensions ['ros']
[0.640s] Level 1:colcon.colcon_core.package_identification:_identify(vision/archive/D435_Project_new_cleanup_20260822/misc/__pycache__) by extension 'ros'
[0.641s] Level 1:colcon.colcon_core.package_identification:_identify(vision/archive/D435_Project_new_cleanup_20260822/misc/__pycache__) by extensions ['cmake', 'python']
[0.641s] Level 1:colcon.colcon_core.package_identification:_identify(vision/archive/D435_Project_new_cleanup_20260822/misc/__pycache__) by extension 'cmake'
[0.641s] Level 1:colcon.colcon_core.package_identification:_identify(vision/archive/D435_Project_new_cleanup_20260822/misc/__pycache__) by extension 'python'
[0.641s] Level 1:colcon.colcon_core.package_identification:_identify(vision/archive/D435_Project_new_cleanup_20260822/misc/__pycache__) by extensions ['python_setup_py']
[0.641s] Level 1:colcon.colcon_core.package_identification:_identify(vision/archive/D435_Project_new_cleanup_20260822/misc/__pycache__) by extension 'python_setup_py'
[0.641s] Level 1:colcon.colcon_core.package_identification:_identify(vision/archive/D435_Project_new_cleanup_20260822/misc/_dobotstudio_storage_copy_20260819_195215) by extensions ['ignore', 'ignore_ament_install']
[0.641s] Level 1:colcon.colcon_core.package_identification:_identify(vision/archive/D435_Project_new_cleanup_20260822/misc/_dobotstudio_storage_copy_20260819_195215) by extension 'ignore'
[0.641s] Level 1:colcon.colcon_core.package_identification:_identify(vision/archive/D435_Project_new_cleanup_20260822/misc/_dobotstudio_storage_copy_20260819_195215) by extension 'ignore_ament_install'
[0.641s] Level 1:colcon.colcon_core.package_identification:_identify(vision/archive/D435_Project_new_cleanup_20260822/misc/_dobotstudio_storage_copy_20260819_195215) by extensions ['colcon_pkg']
[0.641s] Level 1:colcon.colcon_core.package_identification:_identify(vision/archive/D435_Project_new_cleanup_20260822/misc/_dobotstudio_storage_copy_20260819_195215) by extension 'colcon_pkg'
[0.641s] Level 1:colcon.colcon_core.package_identification:_identify(vision/archive/D435_Project_new_cleanup_20260822/misc/_dobotstudio_storage_copy_20260819_195215) by extensions ['colcon_meta']
[0.641s] Level 1:colcon.colcon_core.package_identification:_identify(vision/archive/D435_Project_new_cleanup_20260822/misc/_dobotstudio_storage_copy_20260819_195215) by extension 'colcon_meta'
[0.641s] Level 1:colcon.colcon_core.package_identification:_identify(vision/archive/D435_Project_new_cleanup_20260822/misc/_dobotstudio_storage_copy_20260819_195215) by extensions ['ros']
[0.642s] Level 1:colcon.colcon_core.package_identification:_identify(vision/archive/D435_Project_new_cleanup_20260822/misc/_dobotstudio_storage_copy_20260819_195215) by extension 'ros'
[0.642s] Level 1:colcon.colcon_core.package_identification:_identify(vision/archive/D435_Project_new_cleanup_20260822/misc/_dobotstudio_storage_copy_20260819_195215) by extensions ['cmake', 'python']
[0.642s] Level 1:colcon.colcon_core.package_identification:_identify(vision/archive/D435_Project_new_cleanup_20260822/misc/_dobotstudio_storage_copy_20260819_195215) by extension 'cmake'
[0.642s] Level 1:colcon.colcon_core.package_identification:_identify(vision/archive/D435_Project_new_cleanup_20260822/misc/_dobotstudio_storage_copy_20260819_195215) by extension 'python'
[0.642s] Level 1:colcon.colcon_core.package_identification:_identify(vision/archive/D435_Project_new_cleanup_20260822/misc/_dobotstudio_storage_copy_20260819_195215) by extensions ['python_setup_py']
[0.642s] Level 1:colcon.colcon_core.package_identification:_identify(vision/archive/D435_Project_new_cleanup_20260822/misc/_dobotstudio_storage_copy_20260819_195215) by extension 'python_setup_py'
[0.642s] Level 1:colcon.colcon_core.package_identification:_identify(vision/archive/D435_Project_new_cleanup_20260822/misc/_dobotstudio_storage_copy_20260819_195215/Session Storage) by extensions ['ignore', 'ignore_ament_install']
[0.642s] Level 1:colcon.colcon_core.package_identification:_identify(vision/archive/D435_Project_new_cleanup_20260822/misc/_dobotstudio_storage_copy_20260819_195215/Session Storage) by extension 'ignore'
[0.642s] Level 1:colcon.colcon_core.package_identification:_identify(vision/archive/D435_Project_new_cleanup_20260822/misc/_dobotstudio_storage_copy_20260819_195215/Session Storage) by extension 'ignore_ament_install'
[0.642s] Level 1:colcon.colcon_core.package_identification:_identify(vision/archive/D435_Project_new_cleanup_20260822/misc/_dobotstudio_storage_copy_20260819_195215/Session Storage) by extensions ['colcon_pkg']
[0.642s] Level 1:colcon.colcon_core.package_identification:_identify(vision/archive/D435_Project_new_cleanup_20260822/misc/_dobotstudio_storage_copy_20260819_195215/Session Storage) by extension 'colcon_pkg'
[0.642s] Level 1:colcon.colcon_core.package_identification:_identify(vision/archive/D435_Project_new_cleanup_20260822/misc/_dobotstudio_storage_copy_20260819_195215/Session Storage) by extensions ['colcon_meta']
[0.642s] Level 1:colcon.colcon_core.package_identification:_identify(vision/archive/D435_Project_new_cleanup_20260822/misc/_dobotstudio_storage_copy_20260819_195215/Session Storage) by extension 'colcon_meta'
[0.642s] Level 1:colcon.colcon_core.package_identification:_identify(vision/archive/D435_Project_new_cleanup_20260822/misc/_dobotstudio_storage_copy_20260819_195215/Session Storage) by extensions ['ros']
[0.642s] Level 1:colcon.colcon_core.package_identification:_identify(vision/archive/D435_Project_new_cleanup_20260822/misc/_dobotstudio_storage_copy_20260819_195215/Session Storage) by extension 'ros'
[0.642s] Level 1:colcon.colcon_core.package_identification:_identify(vision/archive/D435_Project_new_cleanup_20260822/misc/_dobotstudio_storage_copy_20260819_195215/Session Storage) by extensions ['cmake', 'python']
[0.642s] Level 1:colcon.colcon_core.package_identification:_identify(vision/archive/D435_Project_new_cleanup_20260822/misc/_dobotstudio_storage_copy_20260819_195215/Session Storage) by extension 'cmake'
[0.642s] Level 1:colcon.colcon_core.package_identification:_identify(vision/archive/D435_Project_new_cleanup_20260822/misc/_dobotstudio_storage_copy_20260819_195215/Session Storage) by extension 'python'
[0.643s] Level 1:colcon.colcon_core.package_identification:_identify(vision/archive/D435_Project_new_cleanup_20260822/misc/_dobotstudio_storage_copy_20260819_195215/Session Storage) by extensions ['python_setup_py']
[0.643s] Level 1:colcon.colcon_core.package_identification:_identify(vision/archive/D435_Project_new_cleanup_20260822/misc/_dobotstudio_storage_copy_20260819_195215/Session Storage) by extension 'python_setup_py'
[0.643s] Level 1:colcon.colcon_core.package_identification:_identify(vision/archive/D435_Project_new_cleanup_20260822/misc/_dobotstudio_storage_copy_20260819_195215/leveldb) by extensions ['ignore', 'ignore_ament_install']
[0.643s] Level 1:colcon.colcon_core.package_identification:_identify(vision/archive/D435_Project_new_cleanup_20260822/misc/_dobotstudio_storage_copy_20260819_195215/leveldb) by extension 'ignore'
[0.643s] Level 1:colcon.colcon_core.package_identification:_identify(vision/archive/D435_Project_new_cleanup_20260822/misc/_dobotstudio_storage_copy_20260819_195215/leveldb) by extension 'ignore_ament_install'
[0.643s] Level 1:colcon.colcon_core.package_identification:_identify(vision/archive/D435_Project_new_cleanup_20260822/misc/_dobotstudio_storage_copy_20260819_195215/leveldb) by extensions ['colcon_pkg']
[0.643s] Level 1:colcon.colcon_core.package_identification:_identify(vision/archive/D435_Project_new_cleanup_20260822/misc/_dobotstudio_storage_copy_20260819_195215/leveldb) by extension 'colcon_pkg'
[0.643s] Level 1:colcon.colcon_core.package_identification:_identify(vision/archive/D435_Project_new_cleanup_20260822/misc/_dobotstudio_storage_copy_20260819_195215/leveldb) by extensions ['colcon_meta']
[0.643s] Level 1:colcon.colcon_core.package_identification:_identify(vision/archive/D435_Project_new_cleanup_20260822/misc/_dobotstudio_storage_copy_20260819_195215/leveldb) by extension 'colcon_meta'
[0.643s] Level 1:colcon.colcon_core.package_identification:_identify(vision/archive/D435_Project_new_cleanup_20260822/misc/_dobotstudio_storage_copy_20260819_195215/leveldb) by extensions ['ros']
[0.643s] Level 1:colcon.colcon_core.package_identification:_identify(vision/archive/D435_Project_new_cleanup_20260822/misc/_dobotstudio_storage_copy_20260819_195215/leveldb) by extension 'ros'
[0.644s] Level 1:colcon.colcon_core.package_identification:_identify(vision/archive/D435_Project_new_cleanup_20260822/misc/_dobotstudio_storage_copy_20260819_195215/leveldb) by extensions ['cmake', 'python']
[0.644s] Level 1:colcon.colcon_core.package_identification:_identify(vision/archive/D435_Project_new_cleanup_20260822/misc/_dobotstudio_storage_copy_20260819_195215/leveldb) by extension 'cmake'
[0.644s] Level 1:colcon.colcon_core.package_identification:_identify(vision/archive/D435_Project_new_cleanup_20260822/misc/_dobotstudio_storage_copy_20260819_195215/leveldb) by extension 'python'
[0.644s] Level 1:colcon.colcon_core.package_identification:_identify(vision/archive/D435_Project_new_cleanup_20260822/misc/_dobotstudio_storage_copy_20260819_195215/leveldb) by extensions ['python_setup_py']
[0.644s] Level 1:colcon.colcon_core.package_identification:_identify(vision/archive/D435_Project_new_cleanup_20260822/misc/_dobotstudio_storage_copy_20260819_195215/leveldb) by extension 'python_setup_py'
[0.644s] Level 1:colcon.colcon_core.package_identification:_identify(vision/archive/D435_Project_new_cleanup_20260822/misc/final_check) by extensions ['ignore', 'ignore_ament_install']
[0.644s] Level 1:colcon.colcon_core.package_identification:_identify(vision/archive/D435_Project_new_cleanup_20260822/misc/final_check) by extension 'ignore'
[0.644s] Level 1:colcon.colcon_core.package_identification:_identify(vision/archive/D435_Project_new_cleanup_20260822/misc/final_check) by extension 'ignore_ament_install'
[0.644s] Level 1:colcon.colcon_core.package_identification:_identify(vision/archive/D435_Project_new_cleanup_20260822/misc/final_check) by extensions ['colcon_pkg']
[0.644s] Level 1:colcon.colcon_core.package_identification:_identify(vision/archive/D435_Project_new_cleanup_20260822/misc/final_check) by extension 'colcon_pkg'
[0.644s] Level 1:colcon.colcon_core.package_identification:_identify(vision/archive/D435_Project_new_cleanup_20260822/misc/final_check) by extensions ['colcon_meta']
[0.644s] Level 1:colcon.colcon_core.package_identification:_identify(vision/archive/D435_Project_new_cleanup_20260822/misc/final_check) by extension 'colcon_meta'
[0.644s] Level 1:colcon.colcon_core.package_identification:_identify(vision/archive/D435_Project_new_cleanup_20260822/misc/final_check) by extensions ['ros']
[0.644s] Level 1:colcon.colcon_core.package_identification:_identify(vision/archive/D435_Project_new_cleanup_20260822/misc/final_check) by extension 'ros'
[0.644s] Level 1:colcon.colcon_core.package_identification:_identify(vision/archive/D435_Project_new_cleanup_20260822/misc/final_check) by extensions ['cmake', 'python']
[0.645s] Level 1:colcon.colcon_core.package_identification:_identify(vision/archive/D435_Project_new_cleanup_20260822/misc/final_check) by extension 'cmake'
[0.645s] Level 1:colcon.colcon_core.package_identification:_identify(vision/archive/D435_Project_new_cleanup_20260822/misc/final_check) by extension 'python'
[0.645s] Level 1:colcon.colcon_core.package_identification:_identify(vision/archive/D435_Project_new_cleanup_20260822/misc/final_check) by extensions ['python_setup_py']
[0.645s] Level 1:colcon.colcon_core.package_identification:_identify(vision/archive/D435_Project_new_cleanup_20260822/misc/final_check) by extension 'python_setup_py'
[0.645s] Level 1:colcon.colcon_core.package_identification:_identify(vision/archive/D435_Project_new_cleanup_20260822/misc/final_check/__pycache__) by extensions ['ignore', 'ignore_ament_install']
[0.645s] Level 1:colcon.colcon_core.package_identification:_identify(vision/archive/D435_Project_new_cleanup_20260822/misc/final_check/__pycache__) by extension 'ignore'
[0.645s] Level 1:colcon.colcon_core.package_identification:_identify(vision/archive/D435_Project_new_cleanup_20260822/misc/final_check/__pycache__) by extension 'ignore_ament_install'
[0.645s] Level 1:colcon.colcon_core.package_identification:_identify(vision/archive/D435_Project_new_cleanup_20260822/misc/final_check/__pycache__) by extensions ['colcon_pkg']
[0.645s] Level 1:colcon.colcon_core.package_identification:_identify(vision/archive/D435_Project_new_cleanup_20260822/misc/final_check/__pycache__) by extension 'colcon_pkg'
[0.645s] Level 1:colcon.colcon_core.package_identification:_identify(vision/archive/D435_Project_new_cleanup_20260822/misc/final_check/__pycache__) by extensions ['colcon_meta']
[0.645s] Level 1:colcon.colcon_core.package_identification:_identify(vision/archive/D435_Project_new_cleanup_20260822/misc/final_check/__pycache__) by extension 'colcon_meta'
[0.645s] Level 1:colcon.colcon_core.package_identification:_identify(vision/archive/D435_Project_new_cleanup_20260822/misc/final_check/__pycache__) by extensions ['ros']
[0.645s] Level 1:colcon.colcon_core.package_identification:_identify(vision/archive/D435_Project_new_cleanup_20260822/misc/final_check/__pycache__) by extension 'ros'
[0.645s] Level 1:colcon.colcon_core.package_identification:_identify(vision/archive/D435_Project_new_cleanup_20260822/misc/final_check/__pycache__) by extensions ['cmake', 'python']
[0.645s] Level 1:colcon.colcon_core.package_identification:_identify(vision/archive/D435_Project_new_cleanup_20260822/misc/final_check/__pycache__) by extension 'cmake'
[0.645s] Level 1:colcon.colcon_core.package_identification:_identify(vision/archive/D435_Project_new_cleanup_20260822/misc/final_check/__pycache__) by extension 'python'
[0.645s] Level 1:colcon.colcon_core.package_identification:_identify(vision/archive/D435_Project_new_cleanup_20260822/misc/final_check/__pycache__) by extensions ['python_setup_py']
[0.645s] Level 1:colcon.colcon_core.package_identification:_identify(vision/archive/D435_Project_new_cleanup_20260822/misc/final_check/__pycache__) by extension 'python_setup_py'
[0.645s] Level 1:colcon.colcon_core.package_identification:_identify(vision/archive/D435_Project_new_cleanup_20260822/runs) by extensions ['ignore', 'ignore_ament_install']
[0.646s] Level 1:colcon.colcon_core.package_identification:_identify(vision/archive/D435_Project_new_cleanup_20260822/runs) by extension 'ignore'
[0.646s] Level 1:colcon.colcon_core.package_identification:_identify(vision/archive/D435_Project_new_cleanup_20260822/runs) by extension 'ignore_ament_install'
[0.646s] Level 1:colcon.colcon_core.package_identification:_identify(vision/archive/D435_Project_new_cleanup_20260822/runs) by extensions ['colcon_pkg']
[0.646s] Level 1:colcon.colcon_core.package_identification:_identify(vision/archive/D435_Project_new_cleanup_20260822/runs) by extension 'colcon_pkg'
[0.646s] Level 1:colcon.colcon_core.package_identification:_identify(vision/archive/D435_Project_new_cleanup_20260822/runs) by extensions ['colcon_meta']
[0.646s] Level 1:colcon.colcon_core.package_identification:_identify(vision/archive/D435_Project_new_cleanup_20260822/runs) by extension 'colcon_meta'
[0.646s] Level 1:colcon.colcon_core.package_identification:_identify(vision/archive/D435_Project_new_cleanup_20260822/runs) by extensions ['ros']
[0.646s] Level 1:colcon.colcon_core.package_identification:_identify(vision/archive/D435_Project_new_cleanup_20260822/runs) by extension 'ros'
[0.646s] Level 1:colcon.colcon_core.package_identification:_identify(vision/archive/D435_Project_new_cleanup_20260822/runs) by extensions ['cmake', 'python']
[0.646s] Level 1:colcon.colcon_core.package_identification:_identify(vision/archive/D435_Project_new_cleanup_20260822/runs) by extension 'cmake'
[0.646s] Level 1:colcon.colcon_core.package_identification:_identify(vision/archive/D435_Project_new_cleanup_20260822/runs) by extension 'python'
[0.646s] Level 1:colcon.colcon_core.package_identification:_identify(vision/archive/D435_Project_new_cleanup_20260822/runs) by extensions ['python_setup_py']
[0.646s] Level 1:colcon.colcon_core.package_identification:_identify(vision/archive/D435_Project_new_cleanup_20260822/runs) by extension 'python_setup_py'
[0.646s] Level 1:colcon.colcon_core.package_identification:_identify(vision/archive/D435_Project_new_cleanup_20260822/runs/predict) by extensions ['ignore', 'ignore_ament_install']
[0.646s] Level 1:colcon.colcon_core.package_identification:_identify(vision/archive/D435_Project_new_cleanup_20260822/runs/predict) by extension 'ignore'
[0.646s] Level 1:colcon.colcon_core.package_identification:_identify(vision/archive/D435_Project_new_cleanup_20260822/runs/predict) by extension 'ignore_ament_install'
[0.646s] Level 1:colcon.colcon_core.package_identification:_identify(vision/archive/D435_Project_new_cleanup_20260822/runs/predict) by extensions ['colcon_pkg']
[0.646s] Level 1:colcon.colcon_core.package_identification:_identify(vision/archive/D435_Project_new_cleanup_20260822/runs/predict) by extension 'colcon_pkg'
[0.646s] Level 1:colcon.colcon_core.package_identification:_identify(vision/archive/D435_Project_new_cleanup_20260822/runs/predict) by extensions ['colcon_meta']
[0.646s] Level 1:colcon.colcon_core.package_identification:_identify(vision/archive/D435_Project_new_cleanup_20260822/runs/predict) by extension 'colcon_meta'
[0.646s] Level 1:colcon.colcon_core.package_identification:_identify(vision/archive/D435_Project_new_cleanup_20260822/runs/predict) by extensions ['ros']
[0.646s] Level 1:colcon.colcon_core.package_identification:_identify(vision/archive/D435_Project_new_cleanup_20260822/runs/predict) by extension 'ros'
[0.647s] Level 1:colcon.colcon_core.package_identification:_identify(vision/archive/D435_Project_new_cleanup_20260822/runs/predict) by extensions ['cmake', 'python']
[0.647s] Level 1:colcon.colcon_core.package_identification:_identify(vision/archive/D435_Project_new_cleanup_20260822/runs/predict) by extension 'cmake'
[0.647s] Level 1:colcon.colcon_core.package_identification:_identify(vision/archive/D435_Project_new_cleanup_20260822/runs/predict) by extension 'python'
[0.647s] Level 1:colcon.colcon_core.package_identification:_identify(vision/archive/D435_Project_new_cleanup_20260822/runs/predict) by extensions ['python_setup_py']
[0.647s] Level 1:colcon.colcon_core.package_identification:_identify(vision/archive/D435_Project_new_cleanup_20260822/runs/predict) by extension 'python_setup_py'
[0.647s] Level 1:colcon.colcon_core.package_identification:_identify(vision/archive/D435_Project_new_cleanup_20260822/runs/predict-2) by extensions ['ignore', 'ignore_ament_install']
[0.647s] Level 1:colcon.colcon_core.package_identification:_identify(vision/archive/D435_Project_new_cleanup_20260822/runs/predict-2) by extension 'ignore'
[0.647s] Level 1:colcon.colcon_core.package_identification:_identify(vision/archive/D435_Project_new_cleanup_20260822/runs/predict-2) by extension 'ignore_ament_install'
[0.647s] Level 1:colcon.colcon_core.package_identification:_identify(vision/archive/D435_Project_new_cleanup_20260822/runs/predict-2) by extensions ['colcon_pkg']
[0.647s] Level 1:colcon.colcon_core.package_identification:_identify(vision/archive/D435_Project_new_cleanup_20260822/runs/predict-2) by extension 'colcon_pkg'
[0.647s] Level 1:colcon.colcon_core.package_identification:_identify(vision/archive/D435_Project_new_cleanup_20260822/runs/predict-2) by extensions ['colcon_meta']
[0.647s] Level 1:colcon.colcon_core.package_identification:_identify(vision/archive/D435_Project_new_cleanup_20260822/runs/predict-2) by extension 'colcon_meta'
[0.647s] Level 1:colcon.colcon_core.package_identification:_identify(vision/archive/D435_Project_new_cleanup_20260822/runs/predict-2) by extensions ['ros']
[0.647s] Level 1:colcon.colcon_core.package_identification:_identify(vision/archive/D435_Project_new_cleanup_20260822/runs/predict-2) by extension 'ros'
[0.648s] Level 1:colcon.colcon_core.package_identification:_identify(vision/archive/D435_Project_new_cleanup_20260822/runs/predict-2) by extensions ['cmake', 'python']
[0.648s] Level 1:colcon.colcon_core.package_identification:_identify(vision/archive/D435_Project_new_cleanup_20260822/runs/predict-2) by extension 'cmake'
[0.648s] Level 1:colcon.colcon_core.package_identification:_identify(vision/archive/D435_Project_new_cleanup_20260822/runs/predict-2) by extension 'python'
[0.648s] Level 1:colcon.colcon_core.package_identification:_identify(vision/archive/D435_Project_new_cleanup_20260822/runs/predict-2) by extensions ['python_setup_py']
[0.648s] Level 1:colcon.colcon_core.package_identification:_identify(vision/archive/D435_Project_new_cleanup_20260822/runs/predict-2) by extension 'python_setup_py'
[0.648s] Level 1:colcon.colcon_core.package_identification:_identify(vision/archive/D435_Project_new_cleanup_20260822/runs/predict-3) by extensions ['ignore', 'ignore_ament_install']
[0.648s] Level 1:colcon.colcon_core.package_identification:_identify(vision/archive/D435_Project_new_cleanup_20260822/runs/predict-3) by extension 'ignore'
[0.648s] Level 1:colcon.colcon_core.package_identification:_identify(vision/archive/D435_Project_new_cleanup_20260822/runs/predict-3) by extension 'ignore_ament_install'
[0.648s] Level 1:colcon.colcon_core.package_identification:_identify(vision/archive/D435_Project_new_cleanup_20260822/runs/predict-3) by extensions ['colcon_pkg']
[0.648s] Level 1:colcon.colcon_core.package_identification:_identify(vision/archive/D435_Project_new_cleanup_20260822/runs/predict-3) by extension 'colcon_pkg'
[0.648s] Level 1:colcon.colcon_core.package_identification:_identify(vision/archive/D435_Project_new_cleanup_20260822/runs/predict-3) by extensions ['colcon_meta']
[0.648s] Level 1:colcon.colcon_core.package_identification:_identify(vision/archive/D435_Project_new_cleanup_20260822/runs/predict-3) by extension 'colcon_meta'
[0.648s] Level 1:colcon.colcon_core.package_identification:_identify(vision/archive/D435_Project_new_cleanup_20260822/runs/predict-3) by extensions ['ros']
[0.648s] Level 1:colcon.colcon_core.package_identification:_identify(vision/archive/D435_Project_new_cleanup_20260822/runs/predict-3) by extension 'ros'
[0.648s] Level 1:colcon.colcon_core.package_identification:_identify(vision/archive/D435_Project_new_cleanup_20260822/runs/predict-3) by extensions ['cmake', 'python']
[0.648s] Level 1:colcon.colcon_core.package_identification:_identify(vision/archive/D435_Project_new_cleanup_20260822/runs/predict-3) by extension 'cmake'
[0.648s] Level 1:colcon.colcon_core.package_identification:_identify(vision/archive/D435_Project_new_cleanup_20260822/runs/predict-3) by extension 'python'
[0.649s] Level 1:colcon.colcon_core.package_identification:_identify(vision/archive/D435_Project_new_cleanup_20260822/runs/predict-3) by extensions ['python_setup_py']
[0.649s] Level 1:colcon.colcon_core.package_identification:_identify(vision/archive/D435_Project_new_cleanup_20260822/runs/predict-3) by extension 'python_setup_py'
[0.649s] Level 1:colcon.colcon_core.package_identification:_identify(vision/archive/D435_Project_new_cleanup_20260822/runs/train) by extensions ['ignore', 'ignore_ament_install']
[0.649s] Level 1:colcon.colcon_core.package_identification:_identify(vision/archive/D435_Project_new_cleanup_20260822/runs/train) by extension 'ignore'
[0.649s] Level 1:colcon.colcon_core.package_identification:_identify(vision/archive/D435_Project_new_cleanup_20260822/runs/train) by extension 'ignore_ament_install'
[0.649s] Level 1:colcon.colcon_core.package_identification:_identify(vision/archive/D435_Project_new_cleanup_20260822/runs/train) by extensions ['colcon_pkg']
[0.649s] Level 1:colcon.colcon_core.package_identification:_identify(vision/archive/D435_Project_new_cleanup_20260822/runs/train) by extension 'colcon_pkg'
[0.649s] Level 1:colcon.colcon_core.package_identification:_identify(vision/archive/D435_Project_new_cleanup_20260822/runs/train) by extensions ['colcon_meta']
[0.649s] Level 1:colcon.colcon_core.package_identification:_identify(vision/archive/D435_Project_new_cleanup_20260822/runs/train) by extension 'colcon_meta'
[0.649s] Level 1:colcon.colcon_core.package_identification:_identify(vision/archive/D435_Project_new_cleanup_20260822/runs/train) by extensions ['ros']
[0.649s] Level 1:colcon.colcon_core.package_identification:_identify(vision/archive/D435_Project_new_cleanup_20260822/runs/train) by extension 'ros'
[0.649s] Level 1:colcon.colcon_core.package_identification:_identify(vision/archive/D435_Project_new_cleanup_20260822/runs/train) by extensions ['cmake', 'python']
[0.649s] Level 1:colcon.colcon_core.package_identification:_identify(vision/archive/D435_Project_new_cleanup_20260822/runs/train) by extension 'cmake'
[0.649s] Level 1:colcon.colcon_core.package_identification:_identify(vision/archive/D435_Project_new_cleanup_20260822/runs/train) by extension 'python'
[0.650s] Level 1:colcon.colcon_core.package_identification:_identify(vision/archive/D435_Project_new_cleanup_20260822/runs/train) by extensions ['python_setup_py']
[0.650s] Level 1:colcon.colcon_core.package_identification:_identify(vision/archive/D435_Project_new_cleanup_20260822/runs/train) by extension 'python_setup_py'
[0.650s] Level 1:colcon.colcon_core.package_identification:_identify(vision/archive/D435_Project_new_cleanup_20260822/runs/train/weights) by extensions ['ignore', 'ignore_ament_install']
[0.650s] Level 1:colcon.colcon_core.package_identification:_identify(vision/archive/D435_Project_new_cleanup_20260822/runs/train/weights) by extension 'ignore'
[0.650s] Level 1:colcon.colcon_core.package_identification:_identify(vision/archive/D435_Project_new_cleanup_20260822/runs/train/weights) by extension 'ignore_ament_install'
[0.650s] Level 1:colcon.colcon_core.package_identification:_identify(vision/archive/D435_Project_new_cleanup_20260822/runs/train/weights) by extensions ['colcon_pkg']
[0.650s] Level 1:colcon.colcon_core.package_identification:_identify(vision/archive/D435_Project_new_cleanup_20260822/runs/train/weights) by extension 'colcon_pkg'
[0.650s] Level 1:colcon.colcon_core.package_identification:_identify(vision/archive/D435_Project_new_cleanup_20260822/runs/train/weights) by extensions ['colcon_meta']
[0.650s] Level 1:colcon.colcon_core.package_identification:_identify(vision/archive/D435_Project_new_cleanup_20260822/runs/train/weights) by extension 'colcon_meta'
[0.650s] Level 1:colcon.colcon_core.package_identification:_identify(vision/archive/D435_Project_new_cleanup_20260822/runs/train/weights) by extensions ['ros']
[0.650s] Level 1:colcon.colcon_core.package_identification:_identify(vision/archive/D435_Project_new_cleanup_20260822/runs/train/weights) by extension 'ros'
[0.650s] Level 1:colcon.colcon_core.package_identification:_identify(vision/archive/D435_Project_new_cleanup_20260822/runs/train/weights) by extensions ['cmake', 'python']
[0.650s] Level 1:colcon.colcon_core.package_identification:_identify(vision/archive/D435_Project_new_cleanup_20260822/runs/train/weights) by extension 'cmake'
[0.650s] Level 1:colcon.colcon_core.package_identification:_identify(vision/archive/D435_Project_new_cleanup_20260822/runs/train/weights) by extension 'python'
[0.650s] Level 1:colcon.colcon_core.package_identification:_identify(vision/archive/D435_Project_new_cleanup_20260822/runs/train/weights) by extensions ['python_setup_py']
[0.650s] Level 1:colcon.colcon_core.package_identification:_identify(vision/archive/D435_Project_new_cleanup_20260822/runs/train/weights) by extension 'python_setup_py'
[0.651s] Level 1:colcon.colcon_core.package_identification:_identify(vision/archive/D435_Project_new_cleanup_20260822/runs/train-2) by extensions ['ignore', 'ignore_ament_install']
[0.651s] Level 1:colcon.colcon_core.package_identification:_identify(vision/archive/D435_Project_new_cleanup_20260822/runs/train-2) by extension 'ignore'
[0.651s] Level 1:colcon.colcon_core.package_identification:_identify(vision/archive/D435_Project_new_cleanup_20260822/runs/train-2) by extension 'ignore_ament_install'
[0.651s] Level 1:colcon.colcon_core.package_identification:_identify(vision/archive/D435_Project_new_cleanup_20260822/runs/train-2) by extensions ['colcon_pkg']
[0.651s] Level 1:colcon.colcon_core.package_identification:_identify(vision/archive/D435_Project_new_cleanup_20260822/runs/train-2) by extension 'colcon_pkg'
[0.651s] Level 1:colcon.colcon_core.package_identification:_identify(vision/archive/D435_Project_new_cleanup_20260822/runs/train-2) by extensions ['colcon_meta']
[0.651s] Level 1:colcon.colcon_core.package_identification:_identify(vision/archive/D435_Project_new_cleanup_20260822/runs/train-2) by extension 'colcon_meta'
[0.651s] Level 1:colcon.colcon_core.package_identification:_identify(vision/archive/D435_Project_new_cleanup_20260822/runs/train-2) by extensions ['ros']
[0.652s] Level 1:colcon.colcon_core.package_identification:_identify(vision/archive/D435_Project_new_cleanup_20260822/runs/train-2) by extension 'ros'
[0.652s] Level 1:colcon.colcon_core.package_identification:_identify(vision/archive/D435_Project_new_cleanup_20260822/runs/train-2) by extensions ['cmake', 'python']
[0.652s] Level 1:colcon.colcon_core.package_identification:_identify(vision/archive/D435_Project_new_cleanup_20260822/runs/train-2) by extension 'cmake'
[0.652s] Level 1:colcon.colcon_core.package_identification:_identify(vision/archive/D435_Project_new_cleanup_20260822/runs/train-2) by extension 'python'
[0.652s] Level 1:colcon.colcon_core.package_identification:_identify(vision/archive/D435_Project_new_cleanup_20260822/runs/train-2) by extensions ['python_setup_py']
[0.652s] Level 1:colcon.colcon_core.package_identification:_identify(vision/archive/D435_Project_new_cleanup_20260822/runs/train-2) by extension 'python_setup_py'
[0.652s] Level 1:colcon.colcon_core.package_identification:_identify(vision/archive/D435_Project_new_cleanup_20260822/runs/train-2/weights) by extensions ['ignore', 'ignore_ament_install']
[0.652s] Level 1:colcon.colcon_core.package_identification:_identify(vision/archive/D435_Project_new_cleanup_20260822/runs/train-2/weights) by extension 'ignore'
[0.652s] Level 1:colcon.colcon_core.package_identification:_identify(vision/archive/D435_Project_new_cleanup_20260822/runs/train-2/weights) by extension 'ignore_ament_install'
[0.652s] Level 1:colcon.colcon_core.package_identification:_identify(vision/archive/D435_Project_new_cleanup_20260822/runs/train-2/weights) by extensions ['colcon_pkg']
[0.652s] Level 1:colcon.colcon_core.package_identification:_identify(vision/archive/D435_Project_new_cleanup_20260822/runs/train-2/weights) by extension 'colcon_pkg'
[0.653s] Level 1:colcon.colcon_core.package_identification:_identify(vision/archive/D435_Project_new_cleanup_20260822/runs/train-2/weights) by extensions ['colcon_meta']
[0.653s] Level 1:colcon.colcon_core.package_identification:_identify(vision/archive/D435_Project_new_cleanup_20260822/runs/train-2/weights) by extension 'colcon_meta'
[0.653s] Level 1:colcon.colcon_core.package_identification:_identify(vision/archive/D435_Project_new_cleanup_20260822/runs/train-2/weights) by extensions ['ros']
[0.653s] Level 1:colcon.colcon_core.package_identification:_identify(vision/archive/D435_Project_new_cleanup_20260822/runs/train-2/weights) by extension 'ros'
[0.653s] Level 1:colcon.colcon_core.package_identification:_identify(vision/archive/D435_Project_new_cleanup_20260822/runs/train-2/weights) by extensions ['cmake', 'python']
[0.653s] Level 1:colcon.colcon_core.package_identification:_identify(vision/archive/D435_Project_new_cleanup_20260822/runs/train-2/weights) by extension 'cmake'
[0.653s] Level 1:colcon.colcon_core.package_identification:_identify(vision/archive/D435_Project_new_cleanup_20260822/runs/train-2/weights) by extension 'python'
[0.653s] Level 1:colcon.colcon_core.package_identification:_identify(vision/archive/D435_Project_new_cleanup_20260822/runs/train-2/weights) by extensions ['python_setup_py']
[0.653s] Level 1:colcon.colcon_core.package_identification:_identify(vision/archive/D435_Project_new_cleanup_20260822/runs/train-2/weights) by extension 'python_setup_py'
[0.653s] Level 1:colcon.colcon_core.package_identification:_identify(vision/archive/D435_Project_new_cleanup_20260822/runs/train-3) by extensions ['ignore', 'ignore_ament_install']
[0.653s] Level 1:colcon.colcon_core.package_identification:_identify(vision/archive/D435_Project_new_cleanup_20260822/runs/train-3) by extension 'ignore'
[0.653s] Level 1:colcon.colcon_core.package_identification:_identify(vision/archive/D435_Project_new_cleanup_20260822/runs/train-3) by extension 'ignore_ament_install'
[0.654s] Level 1:colcon.colcon_core.package_identification:_identify(vision/archive/D435_Project_new_cleanup_20260822/runs/train-3) by extensions ['colcon_pkg']
[0.654s] Level 1:colcon.colcon_core.package_identification:_identify(vision/archive/D435_Project_new_cleanup_20260822/runs/train-3) by extension 'colcon_pkg'
[0.654s] Level 1:colcon.colcon_core.package_identification:_identify(vision/archive/D435_Project_new_cleanup_20260822/runs/train-3) by extensions ['colcon_meta']
[0.654s] Level 1:colcon.colcon_core.package_identification:_identify(vision/archive/D435_Project_new_cleanup_20260822/runs/train-3) by extension 'colcon_meta'
[0.654s] Level 1:colcon.colcon_core.package_identification:_identify(vision/archive/D435_Project_new_cleanup_20260822/runs/train-3) by extensions ['ros']
[0.654s] Level 1:colcon.colcon_core.package_identification:_identify(vision/archive/D435_Project_new_cleanup_20260822/runs/train-3) by extension 'ros'
[0.654s] Level 1:colcon.colcon_core.package_identification:_identify(vision/archive/D435_Project_new_cleanup_20260822/runs/train-3) by extensions ['cmake', 'python']
[0.654s] Level 1:colcon.colcon_core.package_identification:_identify(vision/archive/D435_Project_new_cleanup_20260822/runs/train-3) by extension 'cmake'
[0.654s] Level 1:colcon.colcon_core.package_identification:_identify(vision/archive/D435_Project_new_cleanup_20260822/runs/train-3) by extension 'python'
[0.654s] Level 1:colcon.colcon_core.package_identification:_identify(vision/archive/D435_Project_new_cleanup_20260822/runs/train-3) by extensions ['python_setup_py']
[0.654s] Level 1:colcon.colcon_core.package_identification:_identify(vision/archive/D435_Project_new_cleanup_20260822/runs/train-3) by extension 'python_setup_py'
[0.654s] Level 1:colcon.colcon_core.package_identification:_identify(vision/archive/D435_Project_new_cleanup_20260822/runs/train-3/weights) by extensions ['ignore', 'ignore_ament_install']
[0.654s] Level 1:colcon.colcon_core.package_identification:_identify(vision/archive/D435_Project_new_cleanup_20260822/runs/train-3/weights) by extension 'ignore'
[0.654s] Level 1:colcon.colcon_core.package_identification:_identify(vision/archive/D435_Project_new_cleanup_20260822/runs/train-3/weights) by extension 'ignore_ament_install'
[0.654s] Level 1:colcon.colcon_core.package_identification:_identify(vision/archive/D435_Project_new_cleanup_20260822/runs/train-3/weights) by extensions ['colcon_pkg']
[0.654s] Level 1:colcon.colcon_core.package_identification:_identify(vision/archive/D435_Project_new_cleanup_20260822/runs/train-3/weights) by extension 'colcon_pkg'
[0.654s] Level 1:colcon.colcon_core.package_identification:_identify(vision/archive/D435_Project_new_cleanup_20260822/runs/train-3/weights) by extensions ['colcon_meta']
[0.654s] Level 1:colcon.colcon_core.package_identification:_identify(vision/archive/D435_Project_new_cleanup_20260822/runs/train-3/weights) by extension 'colcon_meta'
[0.654s] Level 1:colcon.colcon_core.package_identification:_identify(vision/archive/D435_Project_new_cleanup_20260822/runs/train-3/weights) by extensions ['ros']
[0.654s] Level 1:colcon.colcon_core.package_identification:_identify(vision/archive/D435_Project_new_cleanup_20260822/runs/train-3/weights) by extension 'ros'
[0.655s] Level 1:colcon.colcon_core.package_identification:_identify(vision/archive/D435_Project_new_cleanup_20260822/runs/train-3/weights) by extensions ['cmake', 'python']
[0.655s] Level 1:colcon.colcon_core.package_identification:_identify(vision/archive/D435_Project_new_cleanup_20260822/runs/train-3/weights) by extension 'cmake'
[0.655s] Level 1:colcon.colcon_core.package_identification:_identify(vision/archive/D435_Project_new_cleanup_20260822/runs/train-3/weights) by extension 'python'
[0.655s] Level 1:colcon.colcon_core.package_identification:_identify(vision/archive/D435_Project_new_cleanup_20260822/runs/train-3/weights) by extensions ['python_setup_py']
[0.655s] Level 1:colcon.colcon_core.package_identification:_identify(vision/archive/D435_Project_new_cleanup_20260822/runs/train-3/weights) by extension 'python_setup_py'
[0.655s] Level 1:colcon.colcon_core.package_identification:_identify(vision/archive/D435_Project_new_cleanup_20260822/scripts) by extensions ['ignore', 'ignore_ament_install']
[0.655s] Level 1:colcon.colcon_core.package_identification:_identify(vision/archive/D435_Project_new_cleanup_20260822/scripts) by extension 'ignore'
[0.655s] Level 1:colcon.colcon_core.package_identification:_identify(vision/archive/D435_Project_new_cleanup_20260822/scripts) by extension 'ignore_ament_install'
[0.656s] Level 1:colcon.colcon_core.package_identification:_identify(vision/archive/D435_Project_new_cleanup_20260822/scripts) by extensions ['colcon_pkg']
[0.656s] Level 1:colcon.colcon_core.package_identification:_identify(vision/archive/D435_Project_new_cleanup_20260822/scripts) by extension 'colcon_pkg'
[0.656s] Level 1:colcon.colcon_core.package_identification:_identify(vision/archive/D435_Project_new_cleanup_20260822/scripts) by extensions ['colcon_meta']
[0.656s] Level 1:colcon.colcon_core.package_identification:_identify(vision/archive/D435_Project_new_cleanup_20260822/scripts) by extension 'colcon_meta'
[0.656s] Level 1:colcon.colcon_core.package_identification:_identify(vision/archive/D435_Project_new_cleanup_20260822/scripts) by extensions ['ros']
[0.656s] Level 1:colcon.colcon_core.package_identification:_identify(vision/archive/D435_Project_new_cleanup_20260822/scripts) by extension 'ros'
[0.656s] Level 1:colcon.colcon_core.package_identification:_identify(vision/archive/D435_Project_new_cleanup_20260822/scripts) by extensions ['cmake', 'python']
[0.656s] Level 1:colcon.colcon_core.package_identification:_identify(vision/archive/D435_Project_new_cleanup_20260822/scripts) by extension 'cmake'
[0.656s] Level 1:colcon.colcon_core.package_identification:_identify(vision/archive/D435_Project_new_cleanup_20260822/scripts) by extension 'python'
[0.656s] Level 1:colcon.colcon_core.package_identification:_identify(vision/archive/D435_Project_new_cleanup_20260822/scripts) by extensions ['python_setup_py']
[0.656s] Level 1:colcon.colcon_core.package_identification:_identify(vision/archive/D435_Project_new_cleanup_20260822/scripts) by extension 'python_setup_py'
[0.657s] Level 1:colcon.colcon_core.package_identification:_identify(vision/archive/D435_Project_new_cleanup_20260822/video_dataset_generated) by extensions ['ignore', 'ignore_ament_install']
[0.657s] Level 1:colcon.colcon_core.package_identification:_identify(vision/archive/D435_Project_new_cleanup_20260822/video_dataset_generated) by extension 'ignore'
[0.657s] Level 1:colcon.colcon_core.package_identification:_identify(vision/archive/D435_Project_new_cleanup_20260822/video_dataset_generated) by extension 'ignore_ament_install'
[0.657s] Level 1:colcon.colcon_core.package_identification:_identify(vision/archive/D435_Project_new_cleanup_20260822/video_dataset_generated) by extensions ['colcon_pkg']
[0.657s] Level 1:colcon.colcon_core.package_identification:_identify(vision/archive/D435_Project_new_cleanup_20260822/video_dataset_generated) by extension 'colcon_pkg'
[0.657s] Level 1:colcon.colcon_core.package_identification:_identify(vision/archive/D435_Project_new_cleanup_20260822/video_dataset_generated) by extensions ['colcon_meta']
[0.657s] Level 1:colcon.colcon_core.package_identification:_identify(vision/archive/D435_Project_new_cleanup_20260822/video_dataset_generated) by extension 'colcon_meta'
[0.657s] Level 1:colcon.colcon_core.package_identification:_identify(vision/archive/D435_Project_new_cleanup_20260822/video_dataset_generated) by extensions ['ros']
[0.657s] Level 1:colcon.colcon_core.package_identification:_identify(vision/archive/D435_Project_new_cleanup_20260822/video_dataset_generated) by extension 'ros'
[0.657s] Level 1:colcon.colcon_core.package_identification:_identify(vision/archive/D435_Project_new_cleanup_20260822/video_dataset_generated) by extensions ['cmake', 'python']
[0.657s] Level 1:colcon.colcon_core.package_identification:_identify(vision/archive/D435_Project_new_cleanup_20260822/video_dataset_generated) by extension 'cmake'
[0.657s] Level 1:colcon.colcon_core.package_identification:_identify(vision/archive/D435_Project_new_cleanup_20260822/video_dataset_generated) by extension 'python'
[0.657s] Level 1:colcon.colcon_core.package_identification:_identify(vision/archive/D435_Project_new_cleanup_20260822/video_dataset_generated) by extensions ['python_setup_py']
[0.657s] Level 1:colcon.colcon_core.package_identification:_identify(vision/archive/D435_Project_new_cleanup_20260822/video_dataset_generated) by extension 'python_setup_py'
[0.658s] Level 1:colcon.colcon_core.package_identification:_identify(vision/archive/D435_Project_new_cleanup_20260822/video_dataset_generated/full_frame_yolo_dataset) by extensions ['ignore', 'ignore_ament_install']
[0.658s] Level 1:colcon.colcon_core.package_identification:_identify(vision/archive/D435_Project_new_cleanup_20260822/video_dataset_generated/full_frame_yolo_dataset) by extension 'ignore'
[0.658s] Level 1:colcon.colcon_core.package_identification:_identify(vision/archive/D435_Project_new_cleanup_20260822/video_dataset_generated/full_frame_yolo_dataset) by extension 'ignore_ament_install'
[0.658s] Level 1:colcon.colcon_core.package_identification:_identify(vision/archive/D435_Project_new_cleanup_20260822/video_dataset_generated/full_frame_yolo_dataset) by extensions ['colcon_pkg']
[0.658s] Level 1:colcon.colcon_core.package_identification:_identify(vision/archive/D435_Project_new_cleanup_20260822/video_dataset_generated/full_frame_yolo_dataset) by extension 'colcon_pkg'
[0.658s] Level 1:colcon.colcon_core.package_identification:_identify(vision/archive/D435_Project_new_cleanup_20260822/video_dataset_generated/full_frame_yolo_dataset) by extensions ['colcon_meta']
[0.658s] Level 1:colcon.colcon_core.package_identification:_identify(vision/archive/D435_Project_new_cleanup_20260822/video_dataset_generated/full_frame_yolo_dataset) by extension 'colcon_meta'
[0.658s] Level 1:colcon.colcon_core.package_identification:_identify(vision/archive/D435_Project_new_cleanup_20260822/video_dataset_generated/full_frame_yolo_dataset) by extensions ['ros']
[0.658s] Level 1:colcon.colcon_core.package_identification:_identify(vision/archive/D435_Project_new_cleanup_20260822/video_dataset_generated/full_frame_yolo_dataset) by extension 'ros'
[0.658s] Level 1:colcon.colcon_core.package_identification:_identify(vision/archive/D435_Project_new_cleanup_20260822/video_dataset_generated/full_frame_yolo_dataset) by extensions ['cmake', 'python']
[0.658s] Level 1:colcon.colcon_core.package_identification:_identify(vision/archive/D435_Project_new_cleanup_20260822/video_dataset_generated/full_frame_yolo_dataset) by extension 'cmake'
[0.658s] Level 1:colcon.colcon_core.package_identification:_identify(vision/archive/D435_Project_new_cleanup_20260822/video_dataset_generated/full_frame_yolo_dataset) by extension 'python'
[0.658s] Level 1:colcon.colcon_core.package_identification:_identify(vision/archive/D435_Project_new_cleanup_20260822/video_dataset_generated/full_frame_yolo_dataset) by extensions ['python_setup_py']
[0.658s] Level 1:colcon.colcon_core.package_identification:_identify(vision/archive/D435_Project_new_cleanup_20260822/video_dataset_generated/full_frame_yolo_dataset) by extension 'python_setup_py'
[0.659s] Level 1:colcon.colcon_core.package_identification:_identify(vision/archive/D435_Project_new_cleanup_20260822/video_dataset_generated/full_frame_yolo_dataset/images) by extensions ['ignore', 'ignore_ament_install']
[0.659s] Level 1:colcon.colcon_core.package_identification:_identify(vision/archive/D435_Project_new_cleanup_20260822/video_dataset_generated/full_frame_yolo_dataset/images) by extension 'ignore'
[0.659s] Level 1:colcon.colcon_core.package_identification:_identify(vision/archive/D435_Project_new_cleanup_20260822/video_dataset_generated/full_frame_yolo_dataset/images) by extension 'ignore_ament_install'
[0.659s] Level 1:colcon.colcon_core.package_identification:_identify(vision/archive/D435_Project_new_cleanup_20260822/video_dataset_generated/full_frame_yolo_dataset/images) by extensions ['colcon_pkg']
[0.659s] Level 1:colcon.colcon_core.package_identification:_identify(vision/archive/D435_Project_new_cleanup_20260822/video_dataset_generated/full_frame_yolo_dataset/images) by extension 'colcon_pkg'
[0.659s] Level 1:colcon.colcon_core.package_identification:_identify(vision/archive/D435_Project_new_cleanup_20260822/video_dataset_generated/full_frame_yolo_dataset/images) by extensions ['colcon_meta']
[0.659s] Level 1:colcon.colcon_core.package_identification:_identify(vision/archive/D435_Project_new_cleanup_20260822/video_dataset_generated/full_frame_yolo_dataset/images) by extension 'colcon_meta'
[0.659s] Level 1:colcon.colcon_core.package_identification:_identify(vision/archive/D435_Project_new_cleanup_20260822/video_dataset_generated/full_frame_yolo_dataset/images) by extensions ['ros']
[0.659s] Level 1:colcon.colcon_core.package_identification:_identify(vision/archive/D435_Project_new_cleanup_20260822/video_dataset_generated/full_frame_yolo_dataset/images) by extension 'ros'
[0.660s] Level 1:colcon.colcon_core.package_identification:_identify(vision/archive/D435_Project_new_cleanup_20260822/video_dataset_generated/full_frame_yolo_dataset/images) by extensions ['cmake', 'python']
[0.660s] Level 1:colcon.colcon_core.package_identification:_identify(vision/archive/D435_Project_new_cleanup_20260822/video_dataset_generated/full_frame_yolo_dataset/images) by extension 'cmake'
[0.660s] Level 1:colcon.colcon_core.package_identification:_identify(vision/archive/D435_Project_new_cleanup_20260822/video_dataset_generated/full_frame_yolo_dataset/images) by extension 'python'
[0.660s] Level 1:colcon.colcon_core.package_identification:_identify(vision/archive/D435_Project_new_cleanup_20260822/video_dataset_generated/full_frame_yolo_dataset/images) by extensions ['python_setup_py']
[0.660s] Level 1:colcon.colcon_core.package_identification:_identify(vision/archive/D435_Project_new_cleanup_20260822/video_dataset_generated/full_frame_yolo_dataset/images) by extension 'python_setup_py'
[0.660s] Level 1:colcon.colcon_core.package_identification:_identify(vision/archive/D435_Project_new_cleanup_20260822/video_dataset_generated/full_frame_yolo_dataset/images/test) by extensions ['ignore', 'ignore_ament_install']
[0.660s] Level 1:colcon.colcon_core.package_identification:_identify(vision/archive/D435_Project_new_cleanup_20260822/video_dataset_generated/full_frame_yolo_dataset/images/test) by extension 'ignore'
[0.660s] Level 1:colcon.colcon_core.package_identification:_identify(vision/archive/D435_Project_new_cleanup_20260822/video_dataset_generated/full_frame_yolo_dataset/images/test) by extension 'ignore_ament_install'
[0.660s] Level 1:colcon.colcon_core.package_identification:_identify(vision/archive/D435_Project_new_cleanup_20260822/video_dataset_generated/full_frame_yolo_dataset/images/test) by extensions ['colcon_pkg']
[0.660s] Level 1:colcon.colcon_core.package_identification:_identify(vision/archive/D435_Project_new_cleanup_20260822/video_dataset_generated/full_frame_yolo_dataset/images/test) by extension 'colcon_pkg'
[0.660s] Level 1:colcon.colcon_core.package_identification:_identify(vision/archive/D435_Project_new_cleanup_20260822/video_dataset_generated/full_frame_yolo_dataset/images/test) by extensions ['colcon_meta']
[0.660s] Level 1:colcon.colcon_core.package_identification:_identify(vision/archive/D435_Project_new_cleanup_20260822/video_dataset_generated/full_frame_yolo_dataset/images/test) by extension 'colcon_meta'
[0.661s] Level 1:colcon.colcon_core.package_identification:_identify(vision/archive/D435_Project_new_cleanup_20260822/video_dataset_generated/full_frame_yolo_dataset/images/test) by extensions ['ros']
[0.661s] Level 1:colcon.colcon_core.package_identification:_identify(vision/archive/D435_Project_new_cleanup_20260822/video_dataset_generated/full_frame_yolo_dataset/images/test) by extension 'ros'
[0.661s] Level 1:colcon.colcon_core.package_identification:_identify(vision/archive/D435_Project_new_cleanup_20260822/video_dataset_generated/full_frame_yolo_dataset/images/test) by extensions ['cmake', 'python']
[0.661s] Level 1:colcon.colcon_core.package_identification:_identify(vision/archive/D435_Project_new_cleanup_20260822/video_dataset_generated/full_frame_yolo_dataset/images/test) by extension 'cmake'
[0.661s] Level 1:colcon.colcon_core.package_identification:_identify(vision/archive/D435_Project_new_cleanup_20260822/video_dataset_generated/full_frame_yolo_dataset/images/test) by extension 'python'
[0.661s] Level 1:colcon.colcon_core.package_identification:_identify(vision/archive/D435_Project_new_cleanup_20260822/video_dataset_generated/full_frame_yolo_dataset/images/test) by extensions ['python_setup_py']
[0.661s] Level 1:colcon.colcon_core.package_identification:_identify(vision/archive/D435_Project_new_cleanup_20260822/video_dataset_generated/full_frame_yolo_dataset/images/test) by extension 'python_setup_py'
[0.661s] Level 1:colcon.colcon_core.package_identification:_identify(vision/archive/D435_Project_new_cleanup_20260822/video_dataset_generated/full_frame_yolo_dataset/images/train) by extensions ['ignore', 'ignore_ament_install']
[0.662s] Level 1:colcon.colcon_core.package_identification:_identify(vision/archive/D435_Project_new_cleanup_20260822/video_dataset_generated/full_frame_yolo_dataset/images/train) by extension 'ignore'
[0.662s] Level 1:colcon.colcon_core.package_identification:_identify(vision/archive/D435_Project_new_cleanup_20260822/video_dataset_generated/full_frame_yolo_dataset/images/train) by extension 'ignore_ament_install'
[0.662s] Level 1:colcon.colcon_core.package_identification:_identify(vision/archive/D435_Project_new_cleanup_20260822/video_dataset_generated/full_frame_yolo_dataset/images/train) by extensions ['colcon_pkg']
[0.662s] Level 1:colcon.colcon_core.package_identification:_identify(vision/archive/D435_Project_new_cleanup_20260822/video_dataset_generated/full_frame_yolo_dataset/images/train) by extension 'colcon_pkg'
[0.662s] Level 1:colcon.colcon_core.package_identification:_identify(vision/archive/D435_Project_new_cleanup_20260822/video_dataset_generated/full_frame_yolo_dataset/images/train) by extensions ['colcon_meta']
[0.662s] Level 1:colcon.colcon_core.package_identification:_identify(vision/archive/D435_Project_new_cleanup_20260822/video_dataset_generated/full_frame_yolo_dataset/images/train) by extension 'colcon_meta'
[0.662s] Level 1:colcon.colcon_core.package_identification:_identify(vision/archive/D435_Project_new_cleanup_20260822/video_dataset_generated/full_frame_yolo_dataset/images/train) by extensions ['ros']
[0.662s] Level 1:colcon.colcon_core.package_identification:_identify(vision/archive/D435_Project_new_cleanup_20260822/video_dataset_generated/full_frame_yolo_dataset/images/train) by extension 'ros'
[0.663s] Level 1:colcon.colcon_core.package_identification:_identify(vision/archive/D435_Project_new_cleanup_20260822/video_dataset_generated/full_frame_yolo_dataset/images/train) by extensions ['cmake', 'python']
[0.663s] Level 1:colcon.colcon_core.package_identification:_identify(vision/archive/D435_Project_new_cleanup_20260822/video_dataset_generated/full_frame_yolo_dataset/images/train) by extension 'cmake'
[0.663s] Level 1:colcon.colcon_core.package_identification:_identify(vision/archive/D435_Project_new_cleanup_20260822/video_dataset_generated/full_frame_yolo_dataset/images/train) by extension 'python'
[0.663s] Level 1:colcon.colcon_core.package_identification:_identify(vision/archive/D435_Project_new_cleanup_20260822/video_dataset_generated/full_frame_yolo_dataset/images/train) by extensions ['python_setup_py']
[0.663s] Level 1:colcon.colcon_core.package_identification:_identify(vision/archive/D435_Project_new_cleanup_20260822/video_dataset_generated/full_frame_yolo_dataset/images/train) by extension 'python_setup_py'
[0.663s] Level 1:colcon.colcon_core.package_identification:_identify(vision/archive/D435_Project_new_cleanup_20260822/video_dataset_generated/full_frame_yolo_dataset/images/val) by extensions ['ignore', 'ignore_ament_install']
[0.663s] Level 1:colcon.colcon_core.package_identification:_identify(vision/archive/D435_Project_new_cleanup_20260822/video_dataset_generated/full_frame_yolo_dataset/images/val) by extension 'ignore'
[0.663s] Level 1:colcon.colcon_core.package_identification:_identify(vision/archive/D435_Project_new_cleanup_20260822/video_dataset_generated/full_frame_yolo_dataset/images/val) by extension 'ignore_ament_install'
[0.663s] Level 1:colcon.colcon_core.package_identification:_identify(vision/archive/D435_Project_new_cleanup_20260822/video_dataset_generated/full_frame_yolo_dataset/images/val) by extensions ['colcon_pkg']
[0.663s] Level 1:colcon.colcon_core.package_identification:_identify(vision/archive/D435_Project_new_cleanup_20260822/video_dataset_generated/full_frame_yolo_dataset/images/val) by extension 'colcon_pkg'
[0.663s] Level 1:colcon.colcon_core.package_identification:_identify(vision/archive/D435_Project_new_cleanup_20260822/video_dataset_generated/full_frame_yolo_dataset/images/val) by extensions ['colcon_meta']
[0.664s] Level 1:colcon.colcon_core.package_identification:_identify(vision/archive/D435_Project_new_cleanup_20260822/video_dataset_generated/full_frame_yolo_dataset/images/val) by extension 'colcon_meta'
[0.664s] Level 1:colcon.colcon_core.package_identification:_identify(vision/archive/D435_Project_new_cleanup_20260822/video_dataset_generated/full_frame_yolo_dataset/images/val) by extensions ['ros']
[0.664s] Level 1:colcon.colcon_core.package_identification:_identify(vision/archive/D435_Project_new_cleanup_20260822/video_dataset_generated/full_frame_yolo_dataset/images/val) by extension 'ros'
[0.664s] Level 1:colcon.colcon_core.package_identification:_identify(vision/archive/D435_Project_new_cleanup_20260822/video_dataset_generated/full_frame_yolo_dataset/images/val) by extensions ['cmake', 'python']
[0.664s] Level 1:colcon.colcon_core.package_identification:_identify(vision/archive/D435_Project_new_cleanup_20260822/video_dataset_generated/full_frame_yolo_dataset/images/val) by extension 'cmake'
[0.664s] Level 1:colcon.colcon_core.package_identification:_identify(vision/archive/D435_Project_new_cleanup_20260822/video_dataset_generated/full_frame_yolo_dataset/images/val) by extension 'python'
[0.664s] Level 1:colcon.colcon_core.package_identification:_identify(vision/archive/D435_Project_new_cleanup_20260822/video_dataset_generated/full_frame_yolo_dataset/images/val) by extensions ['python_setup_py']
[0.664s] Level 1:colcon.colcon_core.package_identification:_identify(vision/archive/D435_Project_new_cleanup_20260822/video_dataset_generated/full_frame_yolo_dataset/images/val) by extension 'python_setup_py'
[0.664s] Level 1:colcon.colcon_core.package_identification:_identify(vision/archive/D435_Project_new_cleanup_20260822/video_dataset_generated/full_frame_yolo_dataset/labels) by extensions ['ignore', 'ignore_ament_install']
[0.664s] Level 1:colcon.colcon_core.package_identification:_identify(vision/archive/D435_Project_new_cleanup_20260822/video_dataset_generated/full_frame_yolo_dataset/labels) by extension 'ignore'
[0.664s] Level 1:colcon.colcon_core.package_identification:_identify(vision/archive/D435_Project_new_cleanup_20260822/video_dataset_generated/full_frame_yolo_dataset/labels) by extension 'ignore_ament_install'
[0.664s] Level 1:colcon.colcon_core.package_identification:_identify(vision/archive/D435_Project_new_cleanup_20260822/video_dataset_generated/full_frame_yolo_dataset/labels) by extensions ['colcon_pkg']
[0.664s] Level 1:colcon.colcon_core.package_identification:_identify(vision/archive/D435_Project_new_cleanup_20260822/video_dataset_generated/full_frame_yolo_dataset/labels) by extension 'colcon_pkg'
[0.664s] Level 1:colcon.colcon_core.package_identification:_identify(vision/archive/D435_Project_new_cleanup_20260822/video_dataset_generated/full_frame_yolo_dataset/labels) by extensions ['colcon_meta']
[0.664s] Level 1:colcon.colcon_core.package_identification:_identify(vision/archive/D435_Project_new_cleanup_20260822/video_dataset_generated/full_frame_yolo_dataset/labels) by extension 'colcon_meta'
[0.665s] Level 1:colcon.colcon_core.package_identification:_identify(vision/archive/D435_Project_new_cleanup_20260822/video_dataset_generated/full_frame_yolo_dataset/labels) by extensions ['ros']
[0.665s] Level 1:colcon.colcon_core.package_identification:_identify(vision/archive/D435_Project_new_cleanup_20260822/video_dataset_generated/full_frame_yolo_dataset/labels) by extension 'ros'
[0.665s] Level 1:colcon.colcon_core.package_identification:_identify(vision/archive/D435_Project_new_cleanup_20260822/video_dataset_generated/full_frame_yolo_dataset/labels) by extensions ['cmake', 'python']
[0.665s] Level 1:colcon.colcon_core.package_identification:_identify(vision/archive/D435_Project_new_cleanup_20260822/video_dataset_generated/full_frame_yolo_dataset/labels) by extension 'cmake'
[0.665s] Level 1:colcon.colcon_core.package_identification:_identify(vision/archive/D435_Project_new_cleanup_20260822/video_dataset_generated/full_frame_yolo_dataset/labels) by extension 'python'
[0.665s] Level 1:colcon.colcon_core.package_identification:_identify(vision/archive/D435_Project_new_cleanup_20260822/video_dataset_generated/full_frame_yolo_dataset/labels) by extensions ['python_setup_py']
[0.665s] Level 1:colcon.colcon_core.package_identification:_identify(vision/archive/D435_Project_new_cleanup_20260822/video_dataset_generated/full_frame_yolo_dataset/labels) by extension 'python_setup_py'
[0.665s] Level 1:colcon.colcon_core.package_identification:_identify(vision/archive/D435_Project_new_cleanup_20260822/video_dataset_generated/full_frame_yolo_dataset/labels/test) by extensions ['ignore', 'ignore_ament_install']
[0.665s] Level 1:colcon.colcon_core.package_identification:_identify(vision/archive/D435_Project_new_cleanup_20260822/video_dataset_generated/full_frame_yolo_dataset/labels/test) by extension 'ignore'
[0.665s] Level 1:colcon.colcon_core.package_identification:_identify(vision/archive/D435_Project_new_cleanup_20260822/video_dataset_generated/full_frame_yolo_dataset/labels/test) by extension 'ignore_ament_install'
[0.665s] Level 1:colcon.colcon_core.package_identification:_identify(vision/archive/D435_Project_new_cleanup_20260822/video_dataset_generated/full_frame_yolo_dataset/labels/test) by extensions ['colcon_pkg']
[0.665s] Level 1:colcon.colcon_core.package_identification:_identify(vision/archive/D435_Project_new_cleanup_20260822/video_dataset_generated/full_frame_yolo_dataset/labels/test) by extension 'colcon_pkg'
[0.665s] Level 1:colcon.colcon_core.package_identification:_identify(vision/archive/D435_Project_new_cleanup_20260822/video_dataset_generated/full_frame_yolo_dataset/labels/test) by extensions ['colcon_meta']
[0.665s] Level 1:colcon.colcon_core.package_identification:_identify(vision/archive/D435_Project_new_cleanup_20260822/video_dataset_generated/full_frame_yolo_dataset/labels/test) by extension 'colcon_meta'
[0.665s] Level 1:colcon.colcon_core.package_identification:_identify(vision/archive/D435_Project_new_cleanup_20260822/video_dataset_generated/full_frame_yolo_dataset/labels/test) by extensions ['ros']
[0.666s] Level 1:colcon.colcon_core.package_identification:_identify(vision/archive/D435_Project_new_cleanup_20260822/video_dataset_generated/full_frame_yolo_dataset/labels/test) by extension 'ros'
[0.666s] Level 1:colcon.colcon_core.package_identification:_identify(vision/archive/D435_Project_new_cleanup_20260822/video_dataset_generated/full_frame_yolo_dataset/labels/test) by extensions ['cmake', 'python']
[0.666s] Level 1:colcon.colcon_core.package_identification:_identify(vision/archive/D435_Project_new_cleanup_20260822/video_dataset_generated/full_frame_yolo_dataset/labels/test) by extension 'cmake'
[0.666s] Level 1:colcon.colcon_core.package_identification:_identify(vision/archive/D435_Project_new_cleanup_20260822/video_dataset_generated/full_frame_yolo_dataset/labels/test) by extension 'python'
[0.666s] Level 1:colcon.colcon_core.package_identification:_identify(vision/archive/D435_Project_new_cleanup_20260822/video_dataset_generated/full_frame_yolo_dataset/labels/test) by extensions ['python_setup_py']
[0.666s] Level 1:colcon.colcon_core.package_identification:_identify(vision/archive/D435_Project_new_cleanup_20260822/video_dataset_generated/full_frame_yolo_dataset/labels/test) by extension 'python_setup_py'
[0.666s] Level 1:colcon.colcon_core.package_identification:_identify(vision/archive/D435_Project_new_cleanup_20260822/video_dataset_generated/full_frame_yolo_dataset/labels/train) by extensions ['ignore', 'ignore_ament_install']
[0.666s] Level 1:colcon.colcon_core.package_identification:_identify(vision/archive/D435_Project_new_cleanup_20260822/video_dataset_generated/full_frame_yolo_dataset/labels/train) by extension 'ignore'
[0.666s] Level 1:colcon.colcon_core.package_identification:_identify(vision/archive/D435_Project_new_cleanup_20260822/video_dataset_generated/full_frame_yolo_dataset/labels/train) by extension 'ignore_ament_install'
[0.666s] Level 1:colcon.colcon_core.package_identification:_identify(vision/archive/D435_Project_new_cleanup_20260822/video_dataset_generated/full_frame_yolo_dataset/labels/train) by extensions ['colcon_pkg']
[0.666s] Level 1:colcon.colcon_core.package_identification:_identify(vision/archive/D435_Project_new_cleanup_20260822/video_dataset_generated/full_frame_yolo_dataset/labels/train) by extension 'colcon_pkg'
[0.666s] Level 1:colcon.colcon_core.package_identification:_identify(vision/archive/D435_Project_new_cleanup_20260822/video_dataset_generated/full_frame_yolo_dataset/labels/train) by extensions ['colcon_meta']
[0.666s] Level 1:colcon.colcon_core.package_identification:_identify(vision/archive/D435_Project_new_cleanup_20260822/video_dataset_generated/full_frame_yolo_dataset/labels/train) by extension 'colcon_meta'
[0.666s] Level 1:colcon.colcon_core.package_identification:_identify(vision/archive/D435_Project_new_cleanup_20260822/video_dataset_generated/full_frame_yolo_dataset/labels/train) by extensions ['ros']
[0.666s] Level 1:colcon.colcon_core.package_identification:_identify(vision/archive/D435_Project_new_cleanup_20260822/video_dataset_generated/full_frame_yolo_dataset/labels/train) by extension 'ros'
[0.667s] Level 1:colcon.colcon_core.package_identification:_identify(vision/archive/D435_Project_new_cleanup_20260822/video_dataset_generated/full_frame_yolo_dataset/labels/train) by extensions ['cmake', 'python']
[0.667s] Level 1:colcon.colcon_core.package_identification:_identify(vision/archive/D435_Project_new_cleanup_20260822/video_dataset_generated/full_frame_yolo_dataset/labels/train) by extension 'cmake'
[0.667s] Level 1:colcon.colcon_core.package_identification:_identify(vision/archive/D435_Project_new_cleanup_20260822/video_dataset_generated/full_frame_yolo_dataset/labels/train) by extension 'python'
[0.667s] Level 1:colcon.colcon_core.package_identification:_identify(vision/archive/D435_Project_new_cleanup_20260822/video_dataset_generated/full_frame_yolo_dataset/labels/train) by extensions ['python_setup_py']
[0.667s] Level 1:colcon.colcon_core.package_identification:_identify(vision/archive/D435_Project_new_cleanup_20260822/video_dataset_generated/full_frame_yolo_dataset/labels/train) by extension 'python_setup_py'
[0.667s] Level 1:colcon.colcon_core.package_identification:_identify(vision/archive/D435_Project_new_cleanup_20260822/video_dataset_generated/full_frame_yolo_dataset/labels/val) by extensions ['ignore', 'ignore_ament_install']
[0.667s] Level 1:colcon.colcon_core.package_identification:_identify(vision/archive/D435_Project_new_cleanup_20260822/video_dataset_generated/full_frame_yolo_dataset/labels/val) by extension 'ignore'
[0.667s] Level 1:colcon.colcon_core.package_identification:_identify(vision/archive/D435_Project_new_cleanup_20260822/video_dataset_generated/full_frame_yolo_dataset/labels/val) by extension 'ignore_ament_install'
[0.667s] Level 1:colcon.colcon_core.package_identification:_identify(vision/archive/D435_Project_new_cleanup_20260822/video_dataset_generated/full_frame_yolo_dataset/labels/val) by extensions ['colcon_pkg']
[0.667s] Level 1:colcon.colcon_core.package_identification:_identify(vision/archive/D435_Project_new_cleanup_20260822/video_dataset_generated/full_frame_yolo_dataset/labels/val) by extension 'colcon_pkg'
[0.667s] Level 1:colcon.colcon_core.package_identification:_identify(vision/archive/D435_Project_new_cleanup_20260822/video_dataset_generated/full_frame_yolo_dataset/labels/val) by extensions ['colcon_meta']
[0.667s] Level 1:colcon.colcon_core.package_identification:_identify(vision/archive/D435_Project_new_cleanup_20260822/video_dataset_generated/full_frame_yolo_dataset/labels/val) by extension 'colcon_meta'
[0.667s] Level 1:colcon.colcon_core.package_identification:_identify(vision/archive/D435_Project_new_cleanup_20260822/video_dataset_generated/full_frame_yolo_dataset/labels/val) by extensions ['ros']
[0.667s] Level 1:colcon.colcon_core.package_identification:_identify(vision/archive/D435_Project_new_cleanup_20260822/video_dataset_generated/full_frame_yolo_dataset/labels/val) by extension 'ros'
[0.668s] Level 1:colcon.colcon_core.package_identification:_identify(vision/archive/D435_Project_new_cleanup_20260822/video_dataset_generated/full_frame_yolo_dataset/labels/val) by extensions ['cmake', 'python']
[0.668s] Level 1:colcon.colcon_core.package_identification:_identify(vision/archive/D435_Project_new_cleanup_20260822/video_dataset_generated/full_frame_yolo_dataset/labels/val) by extension 'cmake'
[0.668s] Level 1:colcon.colcon_core.package_identification:_identify(vision/archive/D435_Project_new_cleanup_20260822/video_dataset_generated/full_frame_yolo_dataset/labels/val) by extension 'python'
[0.668s] Level 1:colcon.colcon_core.package_identification:_identify(vision/archive/D435_Project_new_cleanup_20260822/video_dataset_generated/full_frame_yolo_dataset/labels/val) by extensions ['python_setup_py']
[0.668s] Level 1:colcon.colcon_core.package_identification:_identify(vision/archive/D435_Project_new_cleanup_20260822/video_dataset_generated/full_frame_yolo_dataset/labels/val) by extension 'python_setup_py'
[0.669s] Level 1:colcon.colcon_core.package_identification:_identify(vision/archive/D435_Project_new_cleanup_20260822/video_dataset_generated/full_frame_yolo_dataset/previews) by extensions ['ignore', 'ignore_ament_install']
[0.669s] Level 1:colcon.colcon_core.package_identification:_identify(vision/archive/D435_Project_new_cleanup_20260822/video_dataset_generated/full_frame_yolo_dataset/previews) by extension 'ignore'
[0.669s] Level 1:colcon.colcon_core.package_identification:_identify(vision/archive/D435_Project_new_cleanup_20260822/video_dataset_generated/full_frame_yolo_dataset/previews) by extension 'ignore_ament_install'
[0.669s] Level 1:colcon.colcon_core.package_identification:_identify(vision/archive/D435_Project_new_cleanup_20260822/video_dataset_generated/full_frame_yolo_dataset/previews) by extensions ['colcon_pkg']
[0.669s] Level 1:colcon.colcon_core.package_identification:_identify(vision/archive/D435_Project_new_cleanup_20260822/video_dataset_generated/full_frame_yolo_dataset/previews) by extension 'colcon_pkg'
[0.669s] Level 1:colcon.colcon_core.package_identification:_identify(vision/archive/D435_Project_new_cleanup_20260822/video_dataset_generated/full_frame_yolo_dataset/previews) by extensions ['colcon_meta']
[0.669s] Level 1:colcon.colcon_core.package_identification:_identify(vision/archive/D435_Project_new_cleanup_20260822/video_dataset_generated/full_frame_yolo_dataset/previews) by extension 'colcon_meta'
[0.669s] Level 1:colcon.colcon_core.package_identification:_identify(vision/archive/D435_Project_new_cleanup_20260822/video_dataset_generated/full_frame_yolo_dataset/previews) by extensions ['ros']
[0.669s] Level 1:colcon.colcon_core.package_identification:_identify(vision/archive/D435_Project_new_cleanup_20260822/video_dataset_generated/full_frame_yolo_dataset/previews) by extension 'ros'
[0.669s] Level 1:colcon.colcon_core.package_identification:_identify(vision/archive/D435_Project_new_cleanup_20260822/video_dataset_generated/full_frame_yolo_dataset/previews) by extensions ['cmake', 'python']
[0.669s] Level 1:colcon.colcon_core.package_identification:_identify(vision/archive/D435_Project_new_cleanup_20260822/video_dataset_generated/full_frame_yolo_dataset/previews) by extension 'cmake'
[0.669s] Level 1:colcon.colcon_core.package_identification:_identify(vision/archive/D435_Project_new_cleanup_20260822/video_dataset_generated/full_frame_yolo_dataset/previews) by extension 'python'
[0.670s] Level 1:colcon.colcon_core.package_identification:_identify(vision/archive/D435_Project_new_cleanup_20260822/video_dataset_generated/full_frame_yolo_dataset/previews) by extensions ['python_setup_py']
[0.670s] Level 1:colcon.colcon_core.package_identification:_identify(vision/archive/D435_Project_new_cleanup_20260822/video_dataset_generated/full_frame_yolo_dataset/previews) by extension 'python_setup_py'
[0.670s] Level 1:colcon.colcon_core.package_identification:_identify(vision/archive/D435_Project_new_cleanup_20260822/video_dataset_generated/full_frame_yolo_dataset_manual) by extensions ['ignore', 'ignore_ament_install']
[0.670s] Level 1:colcon.colcon_core.package_identification:_identify(vision/archive/D435_Project_new_cleanup_20260822/video_dataset_generated/full_frame_yolo_dataset_manual) by extension 'ignore'
[0.670s] Level 1:colcon.colcon_core.package_identification:_identify(vision/archive/D435_Project_new_cleanup_20260822/video_dataset_generated/full_frame_yolo_dataset_manual) by extension 'ignore_ament_install'
[0.670s] Level 1:colcon.colcon_core.package_identification:_identify(vision/archive/D435_Project_new_cleanup_20260822/video_dataset_generated/full_frame_yolo_dataset_manual) by extensions ['colcon_pkg']
[0.670s] Level 1:colcon.colcon_core.package_identification:_identify(vision/archive/D435_Project_new_cleanup_20260822/video_dataset_generated/full_frame_yolo_dataset_manual) by extension 'colcon_pkg'
[0.670s] Level 1:colcon.colcon_core.package_identification:_identify(vision/archive/D435_Project_new_cleanup_20260822/video_dataset_generated/full_frame_yolo_dataset_manual) by extensions ['colcon_meta']
[0.671s] Level 1:colcon.colcon_core.package_identification:_identify(vision/archive/D435_Project_new_cleanup_20260822/video_dataset_generated/full_frame_yolo_dataset_manual) by extension 'colcon_meta'
[0.671s] Level 1:colcon.colcon_core.package_identification:_identify(vision/archive/D435_Project_new_cleanup_20260822/video_dataset_generated/full_frame_yolo_dataset_manual) by extensions ['ros']
[0.671s] Level 1:colcon.colcon_core.package_identification:_identify(vision/archive/D435_Project_new_cleanup_20260822/video_dataset_generated/full_frame_yolo_dataset_manual) by extension 'ros'
[0.671s] Level 1:colcon.colcon_core.package_identification:_identify(vision/archive/D435_Project_new_cleanup_20260822/video_dataset_generated/full_frame_yolo_dataset_manual) by extensions ['cmake', 'python']
[0.671s] Level 1:colcon.colcon_core.package_identification:_identify(vision/archive/D435_Project_new_cleanup_20260822/video_dataset_generated/full_frame_yolo_dataset_manual) by extension 'cmake'
[0.671s] Level 1:colcon.colcon_core.package_identification:_identify(vision/archive/D435_Project_new_cleanup_20260822/video_dataset_generated/full_frame_yolo_dataset_manual) by extension 'python'
[0.671s] Level 1:colcon.colcon_core.package_identification:_identify(vision/archive/D435_Project_new_cleanup_20260822/video_dataset_generated/full_frame_yolo_dataset_manual) by extensions ['python_setup_py']
[0.671s] Level 1:colcon.colcon_core.package_identification:_identify(vision/archive/D435_Project_new_cleanup_20260822/video_dataset_generated/full_frame_yolo_dataset_manual) by extension 'python_setup_py'
[0.671s] Level 1:colcon.colcon_core.package_identification:_identify(vision/archive/D435_Project_new_cleanup_20260822/video_dataset_generated/full_frame_yolo_dataset_manual/images) by extensions ['ignore', 'ignore_ament_install']
[0.672s] Level 1:colcon.colcon_core.package_identification:_identify(vision/archive/D435_Project_new_cleanup_20260822/video_dataset_generated/full_frame_yolo_dataset_manual/images) by extension 'ignore'
[0.672s] Level 1:colcon.colcon_core.package_identification:_identify(vision/archive/D435_Project_new_cleanup_20260822/video_dataset_generated/full_frame_yolo_dataset_manual/images) by extension 'ignore_ament_install'
[0.672s] Level 1:colcon.colcon_core.package_identification:_identify(vision/archive/D435_Project_new_cleanup_20260822/video_dataset_generated/full_frame_yolo_dataset_manual/images) by extensions ['colcon_pkg']
[0.672s] Level 1:colcon.colcon_core.package_identification:_identify(vision/archive/D435_Project_new_cleanup_20260822/video_dataset_generated/full_frame_yolo_dataset_manual/images) by extension 'colcon_pkg'
[0.672s] Level 1:colcon.colcon_core.package_identification:_identify(vision/archive/D435_Project_new_cleanup_20260822/video_dataset_generated/full_frame_yolo_dataset_manual/images) by extensions ['colcon_meta']
[0.672s] Level 1:colcon.colcon_core.package_identification:_identify(vision/archive/D435_Project_new_cleanup_20260822/video_dataset_generated/full_frame_yolo_dataset_manual/images) by extension 'colcon_meta'
[0.672s] Level 1:colcon.colcon_core.package_identification:_identify(vision/archive/D435_Project_new_cleanup_20260822/video_dataset_generated/full_frame_yolo_dataset_manual/images) by extensions ['ros']
[0.672s] Level 1:colcon.colcon_core.package_identification:_identify(vision/archive/D435_Project_new_cleanup_20260822/video_dataset_generated/full_frame_yolo_dataset_manual/images) by extension 'ros'
[0.673s] Level 1:colcon.colcon_core.package_identification:_identify(vision/archive/D435_Project_new_cleanup_20260822/video_dataset_generated/full_frame_yolo_dataset_manual/images) by extensions ['cmake', 'python']
[0.673s] Level 1:colcon.colcon_core.package_identification:_identify(vision/archive/D435_Project_new_cleanup_20260822/video_dataset_generated/full_frame_yolo_dataset_manual/images) by extension 'cmake'
[0.673s] Level 1:colcon.colcon_core.package_identification:_identify(vision/archive/D435_Project_new_cleanup_20260822/video_dataset_generated/full_frame_yolo_dataset_manual/images) by extension 'python'
[0.673s] Level 1:colcon.colcon_core.package_identification:_identify(vision/archive/D435_Project_new_cleanup_20260822/video_dataset_generated/full_frame_yolo_dataset_manual/images) by extensions ['python_setup_py']
[0.673s] Level 1:colcon.colcon_core.package_identification:_identify(vision/archive/D435_Project_new_cleanup_20260822/video_dataset_generated/full_frame_yolo_dataset_manual/images) by extension 'python_setup_py'
[0.673s] Level 1:colcon.colcon_core.package_identification:_identify(vision/archive/D435_Project_new_cleanup_20260822/video_dataset_generated/full_frame_yolo_dataset_manual/images/test) by extensions ['ignore', 'ignore_ament_install']
[0.673s] Level 1:colcon.colcon_core.package_identification:_identify(vision/archive/D435_Project_new_cleanup_20260822/video_dataset_generated/full_frame_yolo_dataset_manual/images/test) by extension 'ignore'
[0.674s] Level 1:colcon.colcon_core.package_identification:_identify(vision/archive/D435_Project_new_cleanup_20260822/video_dataset_generated/full_frame_yolo_dataset_manual/images/test) by extension 'ignore_ament_install'
[0.674s] Level 1:colcon.colcon_core.package_identification:_identify(vision/archive/D435_Project_new_cleanup_20260822/video_dataset_generated/full_frame_yolo_dataset_manual/images/test) by extensions ['colcon_pkg']
[0.674s] Level 1:colcon.colcon_core.package_identification:_identify(vision/archive/D435_Project_new_cleanup_20260822/video_dataset_generated/full_frame_yolo_dataset_manual/images/test) by extension 'colcon_pkg'
[0.674s] Level 1:colcon.colcon_core.package_identification:_identify(vision/archive/D435_Project_new_cleanup_20260822/video_dataset_generated/full_frame_yolo_dataset_manual/images/test) by extensions ['colcon_meta']
[0.674s] Level 1:colcon.colcon_core.package_identification:_identify(vision/archive/D435_Project_new_cleanup_20260822/video_dataset_generated/full_frame_yolo_dataset_manual/images/test) by extension 'colcon_meta'
[0.674s] Level 1:colcon.colcon_core.package_identification:_identify(vision/archive/D435_Project_new_cleanup_20260822/video_dataset_generated/full_frame_yolo_dataset_manual/images/test) by extensions ['ros']
[0.674s] Level 1:colcon.colcon_core.package_identification:_identify(vision/archive/D435_Project_new_cleanup_20260822/video_dataset_generated/full_frame_yolo_dataset_manual/images/test) by extension 'ros'
[0.674s] Level 1:colcon.colcon_core.package_identification:_identify(vision/archive/D435_Project_new_cleanup_20260822/video_dataset_generated/full_frame_yolo_dataset_manual/images/test) by extensions ['cmake', 'python']
[0.674s] Level 1:colcon.colcon_core.package_identification:_identify(vision/archive/D435_Project_new_cleanup_20260822/video_dataset_generated/full_frame_yolo_dataset_manual/images/test) by extension 'cmake'
[0.674s] Level 1:colcon.colcon_core.package_identification:_identify(vision/archive/D435_Project_new_cleanup_20260822/video_dataset_generated/full_frame_yolo_dataset_manual/images/test) by extension 'python'
[0.674s] Level 1:colcon.colcon_core.package_identification:_identify(vision/archive/D435_Project_new_cleanup_20260822/video_dataset_generated/full_frame_yolo_dataset_manual/images/test) by extensions ['python_setup_py']
[0.674s] Level 1:colcon.colcon_core.package_identification:_identify(vision/archive/D435_Project_new_cleanup_20260822/video_dataset_generated/full_frame_yolo_dataset_manual/images/test) by extension 'python_setup_py'
[0.675s] Level 1:colcon.colcon_core.package_identification:_identify(vision/archive/D435_Project_new_cleanup_20260822/video_dataset_generated/full_frame_yolo_dataset_manual/images/train) by extensions ['ignore', 'ignore_ament_install']
[0.675s] Level 1:colcon.colcon_core.package_identification:_identify(vision/archive/D435_Project_new_cleanup_20260822/video_dataset_generated/full_frame_yolo_dataset_manual/images/train) by extension 'ignore'
[0.675s] Level 1:colcon.colcon_core.package_identification:_identify(vision/archive/D435_Project_new_cleanup_20260822/video_dataset_generated/full_frame_yolo_dataset_manual/images/train) by extension 'ignore_ament_install'
[0.675s] Level 1:colcon.colcon_core.package_identification:_identify(vision/archive/D435_Project_new_cleanup_20260822/video_dataset_generated/full_frame_yolo_dataset_manual/images/train) by extensions ['colcon_pkg']
[0.675s] Level 1:colcon.colcon_core.package_identification:_identify(vision/archive/D435_Project_new_cleanup_20260822/video_dataset_generated/full_frame_yolo_dataset_manual/images/train) by extension 'colcon_pkg'
[0.675s] Level 1:colcon.colcon_core.package_identification:_identify(vision/archive/D435_Project_new_cleanup_20260822/video_dataset_generated/full_frame_yolo_dataset_manual/images/train) by extensions ['colcon_meta']
[0.675s] Level 1:colcon.colcon_core.package_identification:_identify(vision/archive/D435_Project_new_cleanup_20260822/video_dataset_generated/full_frame_yolo_dataset_manual/images/train) by extension 'colcon_meta'
[0.675s] Level 1:colcon.colcon_core.package_identification:_identify(vision/archive/D435_Project_new_cleanup_20260822/video_dataset_generated/full_frame_yolo_dataset_manual/images/train) by extensions ['ros']
[0.675s] Level 1:colcon.colcon_core.package_identification:_identify(vision/archive/D435_Project_new_cleanup_20260822/video_dataset_generated/full_frame_yolo_dataset_manual/images/train) by extension 'ros'
[0.675s] Level 1:colcon.colcon_core.package_identification:_identify(vision/archive/D435_Project_new_cleanup_20260822/video_dataset_generated/full_frame_yolo_dataset_manual/images/train) by extensions ['cmake', 'python']
[0.675s] Level 1:colcon.colcon_core.package_identification:_identify(vision/archive/D435_Project_new_cleanup_20260822/video_dataset_generated/full_frame_yolo_dataset_manual/images/train) by extension 'cmake'
[0.675s] Level 1:colcon.colcon_core.package_identification:_identify(vision/archive/D435_Project_new_cleanup_20260822/video_dataset_generated/full_frame_yolo_dataset_manual/images/train) by extension 'python'
[0.675s] Level 1:colcon.colcon_core.package_identification:_identify(vision/archive/D435_Project_new_cleanup_20260822/video_dataset_generated/full_frame_yolo_dataset_manual/images/train) by extensions ['python_setup_py']
[0.675s] Level 1:colcon.colcon_core.package_identification:_identify(vision/archive/D435_Project_new_cleanup_20260822/video_dataset_generated/full_frame_yolo_dataset_manual/images/train) by extension 'python_setup_py'
[0.676s] Level 1:colcon.colcon_core.package_identification:_identify(vision/archive/D435_Project_new_cleanup_20260822/video_dataset_generated/full_frame_yolo_dataset_manual/images/val) by extensions ['ignore', 'ignore_ament_install']
[0.676s] Level 1:colcon.colcon_core.package_identification:_identify(vision/archive/D435_Project_new_cleanup_20260822/video_dataset_generated/full_frame_yolo_dataset_manual/images/val) by extension 'ignore'
[0.676s] Level 1:colcon.colcon_core.package_identification:_identify(vision/archive/D435_Project_new_cleanup_20260822/video_dataset_generated/full_frame_yolo_dataset_manual/images/val) by extension 'ignore_ament_install'
[0.676s] Level 1:colcon.colcon_core.package_identification:_identify(vision/archive/D435_Project_new_cleanup_20260822/video_dataset_generated/full_frame_yolo_dataset_manual/images/val) by extensions ['colcon_pkg']
[0.676s] Level 1:colcon.colcon_core.package_identification:_identify(vision/archive/D435_Project_new_cleanup_20260822/video_dataset_generated/full_frame_yolo_dataset_manual/images/val) by extension 'colcon_pkg'
[0.676s] Level 1:colcon.colcon_core.package_identification:_identify(vision/archive/D435_Project_new_cleanup_20260822/video_dataset_generated/full_frame_yolo_dataset_manual/images/val) by extensions ['colcon_meta']
[0.676s] Level 1:colcon.colcon_core.package_identification:_identify(vision/archive/D435_Project_new_cleanup_20260822/video_dataset_generated/full_frame_yolo_dataset_manual/images/val) by extension 'colcon_meta'
[0.676s] Level 1:colcon.colcon_core.package_identification:_identify(vision/archive/D435_Project_new_cleanup_20260822/video_dataset_generated/full_frame_yolo_dataset_manual/images/val) by extensions ['ros']
[0.676s] Level 1:colcon.colcon_core.package_identification:_identify(vision/archive/D435_Project_new_cleanup_20260822/video_dataset_generated/full_frame_yolo_dataset_manual/images/val) by extension 'ros'
[0.676s] Level 1:colcon.colcon_core.package_identification:_identify(vision/archive/D435_Project_new_cleanup_20260822/video_dataset_generated/full_frame_yolo_dataset_manual/images/val) by extensions ['cmake', 'python']
[0.676s] Level 1:colcon.colcon_core.package_identification:_identify(vision/archive/D435_Project_new_cleanup_20260822/video_dataset_generated/full_frame_yolo_dataset_manual/images/val) by extension 'cmake'
[0.676s] Level 1:colcon.colcon_core.package_identification:_identify(vision/archive/D435_Project_new_cleanup_20260822/video_dataset_generated/full_frame_yolo_dataset_manual/images/val) by extension 'python'
[0.676s] Level 1:colcon.colcon_core.package_identification:_identify(vision/archive/D435_Project_new_cleanup_20260822/video_dataset_generated/full_frame_yolo_dataset_manual/images/val) by extensions ['python_setup_py']
[0.676s] Level 1:colcon.colcon_core.package_identification:_identify(vision/archive/D435_Project_new_cleanup_20260822/video_dataset_generated/full_frame_yolo_dataset_manual/images/val) by extension 'python_setup_py'
[0.676s] Level 1:colcon.colcon_core.package_identification:_identify(vision/archive/D435_Project_new_cleanup_20260822/video_dataset_generated/full_frame_yolo_dataset_manual/labels) by extensions ['ignore', 'ignore_ament_install']
[0.676s] Level 1:colcon.colcon_core.package_identification:_identify(vision/archive/D435_Project_new_cleanup_20260822/video_dataset_generated/full_frame_yolo_dataset_manual/labels) by extension 'ignore'
[0.677s] Level 1:colcon.colcon_core.package_identification:_identify(vision/archive/D435_Project_new_cleanup_20260822/video_dataset_generated/full_frame_yolo_dataset_manual/labels) by extension 'ignore_ament_install'
[0.677s] Level 1:colcon.colcon_core.package_identification:_identify(vision/archive/D435_Project_new_cleanup_20260822/video_dataset_generated/full_frame_yolo_dataset_manual/labels) by extensions ['colcon_pkg']
[0.677s] Level 1:colcon.colcon_core.package_identification:_identify(vision/archive/D435_Project_new_cleanup_20260822/video_dataset_generated/full_frame_yolo_dataset_manual/labels) by extension 'colcon_pkg'
[0.677s] Level 1:colcon.colcon_core.package_identification:_identify(vision/archive/D435_Project_new_cleanup_20260822/video_dataset_generated/full_frame_yolo_dataset_manual/labels) by extensions ['colcon_meta']
[0.677s] Level 1:colcon.colcon_core.package_identification:_identify(vision/archive/D435_Project_new_cleanup_20260822/video_dataset_generated/full_frame_yolo_dataset_manual/labels) by extension 'colcon_meta'
[0.677s] Level 1:colcon.colcon_core.package_identification:_identify(vision/archive/D435_Project_new_cleanup_20260822/video_dataset_generated/full_frame_yolo_dataset_manual/labels) by extensions ['ros']
[0.677s] Level 1:colcon.colcon_core.package_identification:_identify(vision/archive/D435_Project_new_cleanup_20260822/video_dataset_generated/full_frame_yolo_dataset_manual/labels) by extension 'ros'
[0.677s] Level 1:colcon.colcon_core.package_identification:_identify(vision/archive/D435_Project_new_cleanup_20260822/video_dataset_generated/full_frame_yolo_dataset_manual/labels) by extensions ['cmake', 'python']
[0.677s] Level 1:colcon.colcon_core.package_identification:_identify(vision/archive/D435_Project_new_cleanup_20260822/video_dataset_generated/full_frame_yolo_dataset_manual/labels) by extension 'cmake'
[0.677s] Level 1:colcon.colcon_core.package_identification:_identify(vision/archive/D435_Project_new_cleanup_20260822/video_dataset_generated/full_frame_yolo_dataset_manual/labels) by extension 'python'
[0.677s] Level 1:colcon.colcon_core.package_identification:_identify(vision/archive/D435_Project_new_cleanup_20260822/video_dataset_generated/full_frame_yolo_dataset_manual/labels) by extensions ['python_setup_py']
[0.677s] Level 1:colcon.colcon_core.package_identification:_identify(vision/archive/D435_Project_new_cleanup_20260822/video_dataset_generated/full_frame_yolo_dataset_manual/labels) by extension 'python_setup_py'
[0.677s] Level 1:colcon.colcon_core.package_identification:_identify(vision/archive/D435_Project_new_cleanup_20260822/video_dataset_generated/full_frame_yolo_dataset_manual/labels/test) by extensions ['ignore', 'ignore_ament_install']
[0.677s] Level 1:colcon.colcon_core.package_identification:_identify(vision/archive/D435_Project_new_cleanup_20260822/video_dataset_generated/full_frame_yolo_dataset_manual/labels/test) by extension 'ignore'
[0.677s] Level 1:colcon.colcon_core.package_identification:_identify(vision/archive/D435_Project_new_cleanup_20260822/video_dataset_generated/full_frame_yolo_dataset_manual/labels/test) by extension 'ignore_ament_install'
[0.678s] Level 1:colcon.colcon_core.package_identification:_identify(vision/archive/D435_Project_new_cleanup_20260822/video_dataset_generated/full_frame_yolo_dataset_manual/labels/test) by extensions ['colcon_pkg']
[0.678s] Level 1:colcon.colcon_core.package_identification:_identify(vision/archive/D435_Project_new_cleanup_20260822/video_dataset_generated/full_frame_yolo_dataset_manual/labels/test) by extension 'colcon_pkg'
[0.678s] Level 1:colcon.colcon_core.package_identification:_identify(vision/archive/D435_Project_new_cleanup_20260822/video_dataset_generated/full_frame_yolo_dataset_manual/labels/test) by extensions ['colcon_meta']
[0.678s] Level 1:colcon.colcon_core.package_identification:_identify(vision/archive/D435_Project_new_cleanup_20260822/video_dataset_generated/full_frame_yolo_dataset_manual/labels/test) by extension 'colcon_meta'
[0.678s] Level 1:colcon.colcon_core.package_identification:_identify(vision/archive/D435_Project_new_cleanup_20260822/video_dataset_generated/full_frame_yolo_dataset_manual/labels/test) by extensions ['ros']
[0.678s] Level 1:colcon.colcon_core.package_identification:_identify(vision/archive/D435_Project_new_cleanup_20260822/video_dataset_generated/full_frame_yolo_dataset_manual/labels/test) by extension 'ros'
[0.678s] Level 1:colcon.colcon_core.package_identification:_identify(vision/archive/D435_Project_new_cleanup_20260822/video_dataset_generated/full_frame_yolo_dataset_manual/labels/test) by extensions ['cmake', 'python']
[0.678s] Level 1:colcon.colcon_core.package_identification:_identify(vision/archive/D435_Project_new_cleanup_20260822/video_dataset_generated/full_frame_yolo_dataset_manual/labels/test) by extension 'cmake'
[0.678s] Level 1:colcon.colcon_core.package_identification:_identify(vision/archive/D435_Project_new_cleanup_20260822/video_dataset_generated/full_frame_yolo_dataset_manual/labels/test) by extension 'python'
[0.678s] Level 1:colcon.colcon_core.package_identification:_identify(vision/archive/D435_Project_new_cleanup_20260822/video_dataset_generated/full_frame_yolo_dataset_manual/labels/test) by extensions ['python_setup_py']
[0.678s] Level 1:colcon.colcon_core.package_identification:_identify(vision/archive/D435_Project_new_cleanup_20260822/video_dataset_generated/full_frame_yolo_dataset_manual/labels/test) by extension 'python_setup_py'
[0.678s] Level 1:colcon.colcon_core.package_identification:_identify(vision/archive/D435_Project_new_cleanup_20260822/video_dataset_generated/full_frame_yolo_dataset_manual/labels/train) by extensions ['ignore', 'ignore_ament_install']
[0.679s] Level 1:colcon.colcon_core.package_identification:_identify(vision/archive/D435_Project_new_cleanup_20260822/video_dataset_generated/full_frame_yolo_dataset_manual/labels/train) by extension 'ignore'
[0.679s] Level 1:colcon.colcon_core.package_identification:_identify(vision/archive/D435_Project_new_cleanup_20260822/video_dataset_generated/full_frame_yolo_dataset_manual/labels/train) by extension 'ignore_ament_install'
[0.679s] Level 1:colcon.colcon_core.package_identification:_identify(vision/archive/D435_Project_new_cleanup_20260822/video_dataset_generated/full_frame_yolo_dataset_manual/labels/train) by extensions ['colcon_pkg']
[0.679s] Level 1:colcon.colcon_core.package_identification:_identify(vision/archive/D435_Project_new_cleanup_20260822/video_dataset_generated/full_frame_yolo_dataset_manual/labels/train) by extension 'colcon_pkg'
[0.679s] Level 1:colcon.colcon_core.package_identification:_identify(vision/archive/D435_Project_new_cleanup_20260822/video_dataset_generated/full_frame_yolo_dataset_manual/labels/train) by extensions ['colcon_meta']
[0.679s] Level 1:colcon.colcon_core.package_identification:_identify(vision/archive/D435_Project_new_cleanup_20260822/video_dataset_generated/full_frame_yolo_dataset_manual/labels/train) by extension 'colcon_meta'
[0.679s] Level 1:colcon.colcon_core.package_identification:_identify(vision/archive/D435_Project_new_cleanup_20260822/video_dataset_generated/full_frame_yolo_dataset_manual/labels/train) by extensions ['ros']
[0.679s] Level 1:colcon.colcon_core.package_identification:_identify(vision/archive/D435_Project_new_cleanup_20260822/video_dataset_generated/full_frame_yolo_dataset_manual/labels/train) by extension 'ros'
[0.679s] Level 1:colcon.colcon_core.package_identification:_identify(vision/archive/D435_Project_new_cleanup_20260822/video_dataset_generated/full_frame_yolo_dataset_manual/labels/train) by extensions ['cmake', 'python']
[0.679s] Level 1:colcon.colcon_core.package_identification:_identify(vision/archive/D435_Project_new_cleanup_20260822/video_dataset_generated/full_frame_yolo_dataset_manual/labels/train) by extension 'cmake'
[0.679s] Level 1:colcon.colcon_core.package_identification:_identify(vision/archive/D435_Project_new_cleanup_20260822/video_dataset_generated/full_frame_yolo_dataset_manual/labels/train) by extension 'python'
[0.679s] Level 1:colcon.colcon_core.package_identification:_identify(vision/archive/D435_Project_new_cleanup_20260822/video_dataset_generated/full_frame_yolo_dataset_manual/labels/train) by extensions ['python_setup_py']
[0.679s] Level 1:colcon.colcon_core.package_identification:_identify(vision/archive/D435_Project_new_cleanup_20260822/video_dataset_generated/full_frame_yolo_dataset_manual/labels/train) by extension 'python_setup_py'
[0.680s] Level 1:colcon.colcon_core.package_identification:_identify(vision/archive/D435_Project_new_cleanup_20260822/video_dataset_generated/full_frame_yolo_dataset_manual/labels/val) by extensions ['ignore', 'ignore_ament_install']
[0.680s] Level 1:colcon.colcon_core.package_identification:_identify(vision/archive/D435_Project_new_cleanup_20260822/video_dataset_generated/full_frame_yolo_dataset_manual/labels/val) by extension 'ignore'
[0.680s] Level 1:colcon.colcon_core.package_identification:_identify(vision/archive/D435_Project_new_cleanup_20260822/video_dataset_generated/full_frame_yolo_dataset_manual/labels/val) by extension 'ignore_ament_install'
[0.680s] Level 1:colcon.colcon_core.package_identification:_identify(vision/archive/D435_Project_new_cleanup_20260822/video_dataset_generated/full_frame_yolo_dataset_manual/labels/val) by extensions ['colcon_pkg']
[0.680s] Level 1:colcon.colcon_core.package_identification:_identify(vision/archive/D435_Project_new_cleanup_20260822/video_dataset_generated/full_frame_yolo_dataset_manual/labels/val) by extension 'colcon_pkg'
[0.680s] Level 1:colcon.colcon_core.package_identification:_identify(vision/archive/D435_Project_new_cleanup_20260822/video_dataset_generated/full_frame_yolo_dataset_manual/labels/val) by extensions ['colcon_meta']
[0.680s] Level 1:colcon.colcon_core.package_identification:_identify(vision/archive/D435_Project_new_cleanup_20260822/video_dataset_generated/full_frame_yolo_dataset_manual/labels/val) by extension 'colcon_meta'
[0.680s] Level 1:colcon.colcon_core.package_identification:_identify(vision/archive/D435_Project_new_cleanup_20260822/video_dataset_generated/full_frame_yolo_dataset_manual/labels/val) by extensions ['ros']
[0.680s] Level 1:colcon.colcon_core.package_identification:_identify(vision/archive/D435_Project_new_cleanup_20260822/video_dataset_generated/full_frame_yolo_dataset_manual/labels/val) by extension 'ros'
[0.680s] Level 1:colcon.colcon_core.package_identification:_identify(vision/archive/D435_Project_new_cleanup_20260822/video_dataset_generated/full_frame_yolo_dataset_manual/labels/val) by extensions ['cmake', 'python']
[0.680s] Level 1:colcon.colcon_core.package_identification:_identify(vision/archive/D435_Project_new_cleanup_20260822/video_dataset_generated/full_frame_yolo_dataset_manual/labels/val) by extension 'cmake'
[0.681s] Level 1:colcon.colcon_core.package_identification:_identify(vision/archive/D435_Project_new_cleanup_20260822/video_dataset_generated/full_frame_yolo_dataset_manual/labels/val) by extension 'python'
[0.681s] Level 1:colcon.colcon_core.package_identification:_identify(vision/archive/D435_Project_new_cleanup_20260822/video_dataset_generated/full_frame_yolo_dataset_manual/labels/val) by extensions ['python_setup_py']
[0.681s] Level 1:colcon.colcon_core.package_identification:_identify(vision/archive/D435_Project_new_cleanup_20260822/video_dataset_generated/full_frame_yolo_dataset_manual/labels/val) by extension 'python_setup_py'
[0.681s] Level 1:colcon.colcon_core.package_identification:_identify(vision/archive/D435_Project_new_cleanup_20260822/video_dataset_generated/roi_01) by extensions ['ignore', 'ignore_ament_install']
[0.681s] Level 1:colcon.colcon_core.package_identification:_identify(vision/archive/D435_Project_new_cleanup_20260822/video_dataset_generated/roi_01) by extension 'ignore'
[0.681s] Level 1:colcon.colcon_core.package_identification:_identify(vision/archive/D435_Project_new_cleanup_20260822/video_dataset_generated/roi_01) by extension 'ignore_ament_install'
[0.681s] Level 1:colcon.colcon_core.package_identification:_identify(vision/archive/D435_Project_new_cleanup_20260822/video_dataset_generated/roi_01) by extensions ['colcon_pkg']
[0.681s] Level 1:colcon.colcon_core.package_identification:_identify(vision/archive/D435_Project_new_cleanup_20260822/video_dataset_generated/roi_01) by extension 'colcon_pkg'
[0.681s] Level 1:colcon.colcon_core.package_identification:_identify(vision/archive/D435_Project_new_cleanup_20260822/video_dataset_generated/roi_01) by extensions ['colcon_meta']
[0.681s] Level 1:colcon.colcon_core.package_identification:_identify(vision/archive/D435_Project_new_cleanup_20260822/video_dataset_generated/roi_01) by extension 'colcon_meta'
[0.681s] Level 1:colcon.colcon_core.package_identification:_identify(vision/archive/D435_Project_new_cleanup_20260822/video_dataset_generated/roi_01) by extensions ['ros']
[0.682s] Level 1:colcon.colcon_core.package_identification:_identify(vision/archive/D435_Project_new_cleanup_20260822/video_dataset_generated/roi_01) by extension 'ros'
[0.682s] Level 1:colcon.colcon_core.package_identification:_identify(vision/archive/D435_Project_new_cleanup_20260822/video_dataset_generated/roi_01) by extensions ['cmake', 'python']
[0.682s] Level 1:colcon.colcon_core.package_identification:_identify(vision/archive/D435_Project_new_cleanup_20260822/video_dataset_generated/roi_01) by extension 'cmake'
[0.682s] Level 1:colcon.colcon_core.package_identification:_identify(vision/archive/D435_Project_new_cleanup_20260822/video_dataset_generated/roi_01) by extension 'python'
[0.682s] Level 1:colcon.colcon_core.package_identification:_identify(vision/archive/D435_Project_new_cleanup_20260822/video_dataset_generated/roi_01) by extensions ['python_setup_py']
[0.682s] Level 1:colcon.colcon_core.package_identification:_identify(vision/archive/D435_Project_new_cleanup_20260822/video_dataset_generated/roi_01) by extension 'python_setup_py'
[0.682s] Level 1:colcon.colcon_core.package_identification:_identify(vision/archive/D435_Project_new_cleanup_20260822/video_dataset_generated/roi_02) by extensions ['ignore', 'ignore_ament_install']
[0.682s] Level 1:colcon.colcon_core.package_identification:_identify(vision/archive/D435_Project_new_cleanup_20260822/video_dataset_generated/roi_02) by extension 'ignore'
[0.682s] Level 1:colcon.colcon_core.package_identification:_identify(vision/archive/D435_Project_new_cleanup_20260822/video_dataset_generated/roi_02) by extension 'ignore_ament_install'
[0.683s] Level 1:colcon.colcon_core.package_identification:_identify(vision/archive/D435_Project_new_cleanup_20260822/video_dataset_generated/roi_02) by extensions ['colcon_pkg']
[0.683s] Level 1:colcon.colcon_core.package_identification:_identify(vision/archive/D435_Project_new_cleanup_20260822/video_dataset_generated/roi_02) by extension 'colcon_pkg'
[0.683s] Level 1:colcon.colcon_core.package_identification:_identify(vision/archive/D435_Project_new_cleanup_20260822/video_dataset_generated/roi_02) by extensions ['colcon_meta']
[0.683s] Level 1:colcon.colcon_core.package_identification:_identify(vision/archive/D435_Project_new_cleanup_20260822/video_dataset_generated/roi_02) by extension 'colcon_meta'
[0.683s] Level 1:colcon.colcon_core.package_identification:_identify(vision/archive/D435_Project_new_cleanup_20260822/video_dataset_generated/roi_02) by extensions ['ros']
[0.683s] Level 1:colcon.colcon_core.package_identification:_identify(vision/archive/D435_Project_new_cleanup_20260822/video_dataset_generated/roi_02) by extension 'ros'
[0.683s] Level 1:colcon.colcon_core.package_identification:_identify(vision/archive/D435_Project_new_cleanup_20260822/video_dataset_generated/roi_02) by extensions ['cmake', 'python']
[0.683s] Level 1:colcon.colcon_core.package_identification:_identify(vision/archive/D435_Project_new_cleanup_20260822/video_dataset_generated/roi_02) by extension 'cmake'
[0.683s] Level 1:colcon.colcon_core.package_identification:_identify(vision/archive/D435_Project_new_cleanup_20260822/video_dataset_generated/roi_02) by extension 'python'
[0.683s] Level 1:colcon.colcon_core.package_identification:_identify(vision/archive/D435_Project_new_cleanup_20260822/video_dataset_generated/roi_02) by extensions ['python_setup_py']
[0.683s] Level 1:colcon.colcon_core.package_identification:_identify(vision/archive/D435_Project_new_cleanup_20260822/video_dataset_generated/roi_02) by extension 'python_setup_py'
[0.684s] Level 1:colcon.colcon_core.package_identification:_identify(vision/archive/D435_Project_new_cleanup_20260822/video_dataset_generated/yolo_dataset) by extensions ['ignore', 'ignore_ament_install']
[0.684s] Level 1:colcon.colcon_core.package_identification:_identify(vision/archive/D435_Project_new_cleanup_20260822/video_dataset_generated/yolo_dataset) by extension 'ignore'
[0.684s] Level 1:colcon.colcon_core.package_identification:_identify(vision/archive/D435_Project_new_cleanup_20260822/video_dataset_generated/yolo_dataset) by extension 'ignore_ament_install'
[0.684s] Level 1:colcon.colcon_core.package_identification:_identify(vision/archive/D435_Project_new_cleanup_20260822/video_dataset_generated/yolo_dataset) by extensions ['colcon_pkg']
[0.684s] Level 1:colcon.colcon_core.package_identification:_identify(vision/archive/D435_Project_new_cleanup_20260822/video_dataset_generated/yolo_dataset) by extension 'colcon_pkg'
[0.684s] Level 1:colcon.colcon_core.package_identification:_identify(vision/archive/D435_Project_new_cleanup_20260822/video_dataset_generated/yolo_dataset) by extensions ['colcon_meta']
[0.684s] Level 1:colcon.colcon_core.package_identification:_identify(vision/archive/D435_Project_new_cleanup_20260822/video_dataset_generated/yolo_dataset) by extension 'colcon_meta'
[0.684s] Level 1:colcon.colcon_core.package_identification:_identify(vision/archive/D435_Project_new_cleanup_20260822/video_dataset_generated/yolo_dataset) by extensions ['ros']
[0.684s] Level 1:colcon.colcon_core.package_identification:_identify(vision/archive/D435_Project_new_cleanup_20260822/video_dataset_generated/yolo_dataset) by extension 'ros'
[0.684s] Level 1:colcon.colcon_core.package_identification:_identify(vision/archive/D435_Project_new_cleanup_20260822/video_dataset_generated/yolo_dataset) by extensions ['cmake', 'python']
[0.684s] Level 1:colcon.colcon_core.package_identification:_identify(vision/archive/D435_Project_new_cleanup_20260822/video_dataset_generated/yolo_dataset) by extension 'cmake'
[0.684s] Level 1:colcon.colcon_core.package_identification:_identify(vision/archive/D435_Project_new_cleanup_20260822/video_dataset_generated/yolo_dataset) by extension 'python'
[0.684s] Level 1:colcon.colcon_core.package_identification:_identify(vision/archive/D435_Project_new_cleanup_20260822/video_dataset_generated/yolo_dataset) by extensions ['python_setup_py']
[0.684s] Level 1:colcon.colcon_core.package_identification:_identify(vision/archive/D435_Project_new_cleanup_20260822/video_dataset_generated/yolo_dataset) by extension 'python_setup_py'
[0.684s] Level 1:colcon.colcon_core.package_identification:_identify(vision/archive/D435_Project_new_cleanup_20260822/video_dataset_generated/yolo_dataset/images) by extensions ['ignore', 'ignore_ament_install']
[0.684s] Level 1:colcon.colcon_core.package_identification:_identify(vision/archive/D435_Project_new_cleanup_20260822/video_dataset_generated/yolo_dataset/images) by extension 'ignore'
[0.684s] Level 1:colcon.colcon_core.package_identification:_identify(vision/archive/D435_Project_new_cleanup_20260822/video_dataset_generated/yolo_dataset/images) by extension 'ignore_ament_install'
[0.685s] Level 1:colcon.colcon_core.package_identification:_identify(vision/archive/D435_Project_new_cleanup_20260822/video_dataset_generated/yolo_dataset/images) by extensions ['colcon_pkg']
[0.685s] Level 1:colcon.colcon_core.package_identification:_identify(vision/archive/D435_Project_new_cleanup_20260822/video_dataset_generated/yolo_dataset/images) by extension 'colcon_pkg'
[0.685s] Level 1:colcon.colcon_core.package_identification:_identify(vision/archive/D435_Project_new_cleanup_20260822/video_dataset_generated/yolo_dataset/images) by extensions ['colcon_meta']
[0.685s] Level 1:colcon.colcon_core.package_identification:_identify(vision/archive/D435_Project_new_cleanup_20260822/video_dataset_generated/yolo_dataset/images) by extension 'colcon_meta'
[0.685s] Level 1:colcon.colcon_core.package_identification:_identify(vision/archive/D435_Project_new_cleanup_20260822/video_dataset_generated/yolo_dataset/images) by extensions ['ros']
[0.685s] Level 1:colcon.colcon_core.package_identification:_identify(vision/archive/D435_Project_new_cleanup_20260822/video_dataset_generated/yolo_dataset/images) by extension 'ros'
[0.685s] Level 1:colcon.colcon_core.package_identification:_identify(vision/archive/D435_Project_new_cleanup_20260822/video_dataset_generated/yolo_dataset/images) by extensions ['cmake', 'python']
[0.685s] Level 1:colcon.colcon_core.package_identification:_identify(vision/archive/D435_Project_new_cleanup_20260822/video_dataset_generated/yolo_dataset/images) by extension 'cmake'
[0.685s] Level 1:colcon.colcon_core.package_identification:_identify(vision/archive/D435_Project_new_cleanup_20260822/video_dataset_generated/yolo_dataset/images) by extension 'python'
[0.685s] Level 1:colcon.colcon_core.package_identification:_identify(vision/archive/D435_Project_new_cleanup_20260822/video_dataset_generated/yolo_dataset/images) by extensions ['python_setup_py']
[0.685s] Level 1:colcon.colcon_core.package_identification:_identify(vision/archive/D435_Project_new_cleanup_20260822/video_dataset_generated/yolo_dataset/images) by extension 'python_setup_py'
[0.685s] Level 1:colcon.colcon_core.package_identification:_identify(vision/archive/D435_Project_new_cleanup_20260822/video_dataset_generated/yolo_dataset/images/test) by extensions ['ignore', 'ignore_ament_install']
[0.685s] Level 1:colcon.colcon_core.package_identification:_identify(vision/archive/D435_Project_new_cleanup_20260822/video_dataset_generated/yolo_dataset/images/test) by extension 'ignore'
[0.686s] Level 1:colcon.colcon_core.package_identification:_identify(vision/archive/D435_Project_new_cleanup_20260822/video_dataset_generated/yolo_dataset/images/test) by extension 'ignore_ament_install'
[0.686s] Level 1:colcon.colcon_core.package_identification:_identify(vision/archive/D435_Project_new_cleanup_20260822/video_dataset_generated/yolo_dataset/images/test) by extensions ['colcon_pkg']
[0.686s] Level 1:colcon.colcon_core.package_identification:_identify(vision/archive/D435_Project_new_cleanup_20260822/video_dataset_generated/yolo_dataset/images/test) by extension 'colcon_pkg'
[0.686s] Level 1:colcon.colcon_core.package_identification:_identify(vision/archive/D435_Project_new_cleanup_20260822/video_dataset_generated/yolo_dataset/images/test) by extensions ['colcon_meta']
[0.686s] Level 1:colcon.colcon_core.package_identification:_identify(vision/archive/D435_Project_new_cleanup_20260822/video_dataset_generated/yolo_dataset/images/test) by extension 'colcon_meta'
[0.686s] Level 1:colcon.colcon_core.package_identification:_identify(vision/archive/D435_Project_new_cleanup_20260822/video_dataset_generated/yolo_dataset/images/test) by extensions ['ros']
[0.686s] Level 1:colcon.colcon_core.package_identification:_identify(vision/archive/D435_Project_new_cleanup_20260822/video_dataset_generated/yolo_dataset/images/test) by extension 'ros'
[0.686s] Level 1:colcon.colcon_core.package_identification:_identify(vision/archive/D435_Project_new_cleanup_20260822/video_dataset_generated/yolo_dataset/images/test) by extensions ['cmake', 'python']
[0.686s] Level 1:colcon.colcon_core.package_identification:_identify(vision/archive/D435_Project_new_cleanup_20260822/video_dataset_generated/yolo_dataset/images/test) by extension 'cmake'
[0.686s] Level 1:colcon.colcon_core.package_identification:_identify(vision/archive/D435_Project_new_cleanup_20260822/video_dataset_generated/yolo_dataset/images/test) by extension 'python'
[0.686s] Level 1:colcon.colcon_core.package_identification:_identify(vision/archive/D435_Project_new_cleanup_20260822/video_dataset_generated/yolo_dataset/images/test) by extensions ['python_setup_py']
[0.686s] Level 1:colcon.colcon_core.package_identification:_identify(vision/archive/D435_Project_new_cleanup_20260822/video_dataset_generated/yolo_dataset/images/test) by extension 'python_setup_py'
[0.686s] Level 1:colcon.colcon_core.package_identification:_identify(vision/archive/D435_Project_new_cleanup_20260822/video_dataset_generated/yolo_dataset/images/train) by extensions ['ignore', 'ignore_ament_install']
[0.687s] Level 1:colcon.colcon_core.package_identification:_identify(vision/archive/D435_Project_new_cleanup_20260822/video_dataset_generated/yolo_dataset/images/train) by extension 'ignore'
[0.687s] Level 1:colcon.colcon_core.package_identification:_identify(vision/archive/D435_Project_new_cleanup_20260822/video_dataset_generated/yolo_dataset/images/train) by extension 'ignore_ament_install'
[0.687s] Level 1:colcon.colcon_core.package_identification:_identify(vision/archive/D435_Project_new_cleanup_20260822/video_dataset_generated/yolo_dataset/images/train) by extensions ['colcon_pkg']
[0.687s] Level 1:colcon.colcon_core.package_identification:_identify(vision/archive/D435_Project_new_cleanup_20260822/video_dataset_generated/yolo_dataset/images/train) by extension 'colcon_pkg'
[0.687s] Level 1:colcon.colcon_core.package_identification:_identify(vision/archive/D435_Project_new_cleanup_20260822/video_dataset_generated/yolo_dataset/images/train) by extensions ['colcon_meta']
[0.687s] Level 1:colcon.colcon_core.package_identification:_identify(vision/archive/D435_Project_new_cleanup_20260822/video_dataset_generated/yolo_dataset/images/train) by extension 'colcon_meta'
[0.687s] Level 1:colcon.colcon_core.package_identification:_identify(vision/archive/D435_Project_new_cleanup_20260822/video_dataset_generated/yolo_dataset/images/train) by extensions ['ros']
[0.687s] Level 1:colcon.colcon_core.package_identification:_identify(vision/archive/D435_Project_new_cleanup_20260822/video_dataset_generated/yolo_dataset/images/train) by extension 'ros'
[0.687s] Level 1:colcon.colcon_core.package_identification:_identify(vision/archive/D435_Project_new_cleanup_20260822/video_dataset_generated/yolo_dataset/images/train) by extensions ['cmake', 'python']
[0.687s] Level 1:colcon.colcon_core.package_identification:_identify(vision/archive/D435_Project_new_cleanup_20260822/video_dataset_generated/yolo_dataset/images/train) by extension 'cmake'
[0.687s] Level 1:colcon.colcon_core.package_identification:_identify(vision/archive/D435_Project_new_cleanup_20260822/video_dataset_generated/yolo_dataset/images/train) by extension 'python'
[0.687s] Level 1:colcon.colcon_core.package_identification:_identify(vision/archive/D435_Project_new_cleanup_20260822/video_dataset_generated/yolo_dataset/images/train) by extensions ['python_setup_py']
[0.687s] Level 1:colcon.colcon_core.package_identification:_identify(vision/archive/D435_Project_new_cleanup_20260822/video_dataset_generated/yolo_dataset/images/train) by extension 'python_setup_py'
[0.688s] Level 1:colcon.colcon_core.package_identification:_identify(vision/archive/D435_Project_new_cleanup_20260822/video_dataset_generated/yolo_dataset/images/val) by extensions ['ignore', 'ignore_ament_install']
[0.688s] Level 1:colcon.colcon_core.package_identification:_identify(vision/archive/D435_Project_new_cleanup_20260822/video_dataset_generated/yolo_dataset/images/val) by extension 'ignore'
[0.688s] Level 1:colcon.colcon_core.package_identification:_identify(vision/archive/D435_Project_new_cleanup_20260822/video_dataset_generated/yolo_dataset/images/val) by extension 'ignore_ament_install'
[0.688s] Level 1:colcon.colcon_core.package_identification:_identify(vision/archive/D435_Project_new_cleanup_20260822/video_dataset_generated/yolo_dataset/images/val) by extensions ['colcon_pkg']
[0.688s] Level 1:colcon.colcon_core.package_identification:_identify(vision/archive/D435_Project_new_cleanup_20260822/video_dataset_generated/yolo_dataset/images/val) by extension 'colcon_pkg'
[0.688s] Level 1:colcon.colcon_core.package_identification:_identify(vision/archive/D435_Project_new_cleanup_20260822/video_dataset_generated/yolo_dataset/images/val) by extensions ['colcon_meta']
[0.688s] Level 1:colcon.colcon_core.package_identification:_identify(vision/archive/D435_Project_new_cleanup_20260822/video_dataset_generated/yolo_dataset/images/val) by extension 'colcon_meta'
[0.688s] Level 1:colcon.colcon_core.package_identification:_identify(vision/archive/D435_Project_new_cleanup_20260822/video_dataset_generated/yolo_dataset/images/val) by extensions ['ros']
[0.688s] Level 1:colcon.colcon_core.package_identification:_identify(vision/archive/D435_Project_new_cleanup_20260822/video_dataset_generated/yolo_dataset/images/val) by extension 'ros'
[0.688s] Level 1:colcon.colcon_core.package_identification:_identify(vision/archive/D435_Project_new_cleanup_20260822/video_dataset_generated/yolo_dataset/images/val) by extensions ['cmake', 'python']
[0.688s] Level 1:colcon.colcon_core.package_identification:_identify(vision/archive/D435_Project_new_cleanup_20260822/video_dataset_generated/yolo_dataset/images/val) by extension 'cmake'
[0.688s] Level 1:colcon.colcon_core.package_identification:_identify(vision/archive/D435_Project_new_cleanup_20260822/video_dataset_generated/yolo_dataset/images/val) by extension 'python'
[0.688s] Level 1:colcon.colcon_core.package_identification:_identify(vision/archive/D435_Project_new_cleanup_20260822/video_dataset_generated/yolo_dataset/images/val) by extensions ['python_setup_py']
[0.688s] Level 1:colcon.colcon_core.package_identification:_identify(vision/archive/D435_Project_new_cleanup_20260822/video_dataset_generated/yolo_dataset/images/val) by extension 'python_setup_py'
[0.688s] Level 1:colcon.colcon_core.package_identification:_identify(vision/archive/D435_Project_new_cleanup_20260822/video_dataset_generated/yolo_dataset/labels) by extensions ['ignore', 'ignore_ament_install']
[0.688s] Level 1:colcon.colcon_core.package_identification:_identify(vision/archive/D435_Project_new_cleanup_20260822/video_dataset_generated/yolo_dataset/labels) by extension 'ignore'
[0.688s] Level 1:colcon.colcon_core.package_identification:_identify(vision/archive/D435_Project_new_cleanup_20260822/video_dataset_generated/yolo_dataset/labels) by extension 'ignore_ament_install'
[0.689s] Level 1:colcon.colcon_core.package_identification:_identify(vision/archive/D435_Project_new_cleanup_20260822/video_dataset_generated/yolo_dataset/labels) by extensions ['colcon_pkg']
[0.689s] Level 1:colcon.colcon_core.package_identification:_identify(vision/archive/D435_Project_new_cleanup_20260822/video_dataset_generated/yolo_dataset/labels) by extension 'colcon_pkg'
[0.689s] Level 1:colcon.colcon_core.package_identification:_identify(vision/archive/D435_Project_new_cleanup_20260822/video_dataset_generated/yolo_dataset/labels) by extensions ['colcon_meta']
[0.689s] Level 1:colcon.colcon_core.package_identification:_identify(vision/archive/D435_Project_new_cleanup_20260822/video_dataset_generated/yolo_dataset/labels) by extension 'colcon_meta'
[0.689s] Level 1:colcon.colcon_core.package_identification:_identify(vision/archive/D435_Project_new_cleanup_20260822/video_dataset_generated/yolo_dataset/labels) by extensions ['ros']
[0.689s] Level 1:colcon.colcon_core.package_identification:_identify(vision/archive/D435_Project_new_cleanup_20260822/video_dataset_generated/yolo_dataset/labels) by extension 'ros'
[0.689s] Level 1:colcon.colcon_core.package_identification:_identify(vision/archive/D435_Project_new_cleanup_20260822/video_dataset_generated/yolo_dataset/labels) by extensions ['cmake', 'python']
[0.689s] Level 1:colcon.colcon_core.package_identification:_identify(vision/archive/D435_Project_new_cleanup_20260822/video_dataset_generated/yolo_dataset/labels) by extension 'cmake'
[0.689s] Level 1:colcon.colcon_core.package_identification:_identify(vision/archive/D435_Project_new_cleanup_20260822/video_dataset_generated/yolo_dataset/labels) by extension 'python'
[0.689s] Level 1:colcon.colcon_core.package_identification:_identify(vision/archive/D435_Project_new_cleanup_20260822/video_dataset_generated/yolo_dataset/labels) by extensions ['python_setup_py']
[0.689s] Level 1:colcon.colcon_core.package_identification:_identify(vision/archive/D435_Project_new_cleanup_20260822/video_dataset_generated/yolo_dataset/labels) by extension 'python_setup_py'
[0.689s] Level 1:colcon.colcon_core.package_identification:_identify(vision/archive/D435_Project_new_cleanup_20260822/video_dataset_generated/yolo_dataset/labels/test) by extensions ['ignore', 'ignore_ament_install']
[0.689s] Level 1:colcon.colcon_core.package_identification:_identify(vision/archive/D435_Project_new_cleanup_20260822/video_dataset_generated/yolo_dataset/labels/test) by extension 'ignore'
[0.689s] Level 1:colcon.colcon_core.package_identification:_identify(vision/archive/D435_Project_new_cleanup_20260822/video_dataset_generated/yolo_dataset/labels/test) by extension 'ignore_ament_install'
[0.689s] Level 1:colcon.colcon_core.package_identification:_identify(vision/archive/D435_Project_new_cleanup_20260822/video_dataset_generated/yolo_dataset/labels/test) by extensions ['colcon_pkg']
[0.689s] Level 1:colcon.colcon_core.package_identification:_identify(vision/archive/D435_Project_new_cleanup_20260822/video_dataset_generated/yolo_dataset/labels/test) by extension 'colcon_pkg'
[0.690s] Level 1:colcon.colcon_core.package_identification:_identify(vision/archive/D435_Project_new_cleanup_20260822/video_dataset_generated/yolo_dataset/labels/test) by extensions ['colcon_meta']
[0.690s] Level 1:colcon.colcon_core.package_identification:_identify(vision/archive/D435_Project_new_cleanup_20260822/video_dataset_generated/yolo_dataset/labels/test) by extension 'colcon_meta'
[0.690s] Level 1:colcon.colcon_core.package_identification:_identify(vision/archive/D435_Project_new_cleanup_20260822/video_dataset_generated/yolo_dataset/labels/test) by extensions ['ros']
[0.690s] Level 1:colcon.colcon_core.package_identification:_identify(vision/archive/D435_Project_new_cleanup_20260822/video_dataset_generated/yolo_dataset/labels/test) by extension 'ros'
[0.690s] Level 1:colcon.colcon_core.package_identification:_identify(vision/archive/D435_Project_new_cleanup_20260822/video_dataset_generated/yolo_dataset/labels/test) by extensions ['cmake', 'python']
[0.690s] Level 1:colcon.colcon_core.package_identification:_identify(vision/archive/D435_Project_new_cleanup_20260822/video_dataset_generated/yolo_dataset/labels/test) by extension 'cmake'
[0.690s] Level 1:colcon.colcon_core.package_identification:_identify(vision/archive/D435_Project_new_cleanup_20260822/video_dataset_generated/yolo_dataset/labels/test) by extension 'python'
[0.690s] Level 1:colcon.colcon_core.package_identification:_identify(vision/archive/D435_Project_new_cleanup_20260822/video_dataset_generated/yolo_dataset/labels/test) by extensions ['python_setup_py']
[0.690s] Level 1:colcon.colcon_core.package_identification:_identify(vision/archive/D435_Project_new_cleanup_20260822/video_dataset_generated/yolo_dataset/labels/test) by extension 'python_setup_py'
[0.691s] Level 1:colcon.colcon_core.package_identification:_identify(vision/archive/D435_Project_new_cleanup_20260822/video_dataset_generated/yolo_dataset/labels/train) by extensions ['ignore', 'ignore_ament_install']
[0.691s] Level 1:colcon.colcon_core.package_identification:_identify(vision/archive/D435_Project_new_cleanup_20260822/video_dataset_generated/yolo_dataset/labels/train) by extension 'ignore'
[0.691s] Level 1:colcon.colcon_core.package_identification:_identify(vision/archive/D435_Project_new_cleanup_20260822/video_dataset_generated/yolo_dataset/labels/train) by extension 'ignore_ament_install'
[0.691s] Level 1:colcon.colcon_core.package_identification:_identify(vision/archive/D435_Project_new_cleanup_20260822/video_dataset_generated/yolo_dataset/labels/train) by extensions ['colcon_pkg']
[0.691s] Level 1:colcon.colcon_core.package_identification:_identify(vision/archive/D435_Project_new_cleanup_20260822/video_dataset_generated/yolo_dataset/labels/train) by extension 'colcon_pkg'
[0.691s] Level 1:colcon.colcon_core.package_identification:_identify(vision/archive/D435_Project_new_cleanup_20260822/video_dataset_generated/yolo_dataset/labels/train) by extensions ['colcon_meta']
[0.691s] Level 1:colcon.colcon_core.package_identification:_identify(vision/archive/D435_Project_new_cleanup_20260822/video_dataset_generated/yolo_dataset/labels/train) by extension 'colcon_meta'
[0.691s] Level 1:colcon.colcon_core.package_identification:_identify(vision/archive/D435_Project_new_cleanup_20260822/video_dataset_generated/yolo_dataset/labels/train) by extensions ['ros']
[0.691s] Level 1:colcon.colcon_core.package_identification:_identify(vision/archive/D435_Project_new_cleanup_20260822/video_dataset_generated/yolo_dataset/labels/train) by extension 'ros'
[0.692s] Level 1:colcon.colcon_core.package_identification:_identify(vision/archive/D435_Project_new_cleanup_20260822/video_dataset_generated/yolo_dataset/labels/train) by extensions ['cmake', 'python']
[0.692s] Level 1:colcon.colcon_core.package_identification:_identify(vision/archive/D435_Project_new_cleanup_20260822/video_dataset_generated/yolo_dataset/labels/train) by extension 'cmake'
[0.692s] Level 1:colcon.colcon_core.package_identification:_identify(vision/archive/D435_Project_new_cleanup_20260822/video_dataset_generated/yolo_dataset/labels/train) by extension 'python'
[0.692s] Level 1:colcon.colcon_core.package_identification:_identify(vision/archive/D435_Project_new_cleanup_20260822/video_dataset_generated/yolo_dataset/labels/train) by extensions ['python_setup_py']
[0.692s] Level 1:colcon.colcon_core.package_identification:_identify(vision/archive/D435_Project_new_cleanup_20260822/video_dataset_generated/yolo_dataset/labels/train) by extension 'python_setup_py'
[0.692s] Level 1:colcon.colcon_core.package_identification:_identify(vision/archive/D435_Project_new_cleanup_20260822/video_dataset_generated/yolo_dataset/labels/val) by extensions ['ignore', 'ignore_ament_install']
[0.692s] Level 1:colcon.colcon_core.package_identification:_identify(vision/archive/D435_Project_new_cleanup_20260822/video_dataset_generated/yolo_dataset/labels/val) by extension 'ignore'
[0.692s] Level 1:colcon.colcon_core.package_identification:_identify(vision/archive/D435_Project_new_cleanup_20260822/video_dataset_generated/yolo_dataset/labels/val) by extension 'ignore_ament_install'
[0.692s] Level 1:colcon.colcon_core.package_identification:_identify(vision/archive/D435_Project_new_cleanup_20260822/video_dataset_generated/yolo_dataset/labels/val) by extensions ['colcon_pkg']
[0.692s] Level 1:colcon.colcon_core.package_identification:_identify(vision/archive/D435_Project_new_cleanup_20260822/video_dataset_generated/yolo_dataset/labels/val) by extension 'colcon_pkg'
[0.693s] Level 1:colcon.colcon_core.package_identification:_identify(vision/archive/D435_Project_new_cleanup_20260822/video_dataset_generated/yolo_dataset/labels/val) by extensions ['colcon_meta']
[0.693s] Level 1:colcon.colcon_core.package_identification:_identify(vision/archive/D435_Project_new_cleanup_20260822/video_dataset_generated/yolo_dataset/labels/val) by extension 'colcon_meta'
[0.693s] Level 1:colcon.colcon_core.package_identification:_identify(vision/archive/D435_Project_new_cleanup_20260822/video_dataset_generated/yolo_dataset/labels/val) by extensions ['ros']
[0.693s] Level 1:colcon.colcon_core.package_identification:_identify(vision/archive/D435_Project_new_cleanup_20260822/video_dataset_generated/yolo_dataset/labels/val) by extension 'ros'
[0.693s] Level 1:colcon.colcon_core.package_identification:_identify(vision/archive/D435_Project_new_cleanup_20260822/video_dataset_generated/yolo_dataset/labels/val) by extensions ['cmake', 'python']
[0.693s] Level 1:colcon.colcon_core.package_identification:_identify(vision/archive/D435_Project_new_cleanup_20260822/video_dataset_generated/yolo_dataset/labels/val) by extension 'cmake'
[0.693s] Level 1:colcon.colcon_core.package_identification:_identify(vision/archive/D435_Project_new_cleanup_20260822/video_dataset_generated/yolo_dataset/labels/val) by extension 'python'
[0.693s] Level 1:colcon.colcon_core.package_identification:_identify(vision/archive/D435_Project_new_cleanup_20260822/video_dataset_generated/yolo_dataset/labels/val) by extensions ['python_setup_py']
[0.693s] Level 1:colcon.colcon_core.package_identification:_identify(vision/archive/D435_Project_new_cleanup_20260822/video_dataset_generated/yolo_dataset/labels/val) by extension 'python_setup_py'
[0.693s] Level 1:colcon.colcon_core.package_identification:_identify(vision/hikrobot) by extensions ['ignore', 'ignore_ament_install']
[0.694s] Level 1:colcon.colcon_core.package_identification:_identify(vision/hikrobot) by extension 'ignore'
[0.694s] Level 1:colcon.colcon_core.package_identification:_identify(vision/hikrobot) by extension 'ignore_ament_install'
[0.694s] Level 1:colcon.colcon_core.package_identification:_identify(vision/hikrobot) by extensions ['colcon_pkg']
[0.694s] Level 1:colcon.colcon_core.package_identification:_identify(vision/hikrobot) by extension 'colcon_pkg'
[0.694s] Level 1:colcon.colcon_core.package_identification:_identify(vision/hikrobot) by extensions ['colcon_meta']
[0.694s] Level 1:colcon.colcon_core.package_identification:_identify(vision/hikrobot) by extension 'colcon_meta'
[0.694s] Level 1:colcon.colcon_core.package_identification:_identify(vision/hikrobot) by extensions ['ros']
[0.694s] Level 1:colcon.colcon_core.package_identification:_identify(vision/hikrobot) by extension 'ros'
[0.694s] Level 1:colcon.colcon_core.package_identification:_identify(vision/hikrobot) by extensions ['cmake', 'python']
[0.694s] Level 1:colcon.colcon_core.package_identification:_identify(vision/hikrobot) by extension 'cmake'
[0.694s] Level 1:colcon.colcon_core.package_identification:_identify(vision/hikrobot) by extension 'python'
[0.694s] Level 1:colcon.colcon_core.package_identification:_identify(vision/hikrobot) by extensions ['python_setup_py']
[0.694s] Level 1:colcon.colcon_core.package_identification:_identify(vision/hikrobot) by extension 'python_setup_py'
[0.694s] Level 1:colcon.colcon_core.package_discovery:discover_packages(recursive) using defaults
[0.694s] Level 1:colcon.colcon_core.package_discovery:discover_packages(ignore) discover
[0.695s] Level 1:colcon.colcon_core.package_discovery:discover_packages(ignore) using defaults
[0.695s] Level 1:colcon.colcon_core.package_discovery:discover_packages(path) discover
[0.695s] Level 1:colcon.colcon_core.package_discovery:discover_packages(path) using defaults
